
/Users/kylestewart/Projects/gen_frame/build/inky.elf:     file format elf32-littlearm

Sections:
Idx Name          Size      VMA       LMA       File off  Algn
  0 .boot2        00000100  10000000  10000000  00001000  2**0
                  CONTENTS, ALLOC, LOAD, READONLY, CODE
  1 .text         00004dc8  10000100  10000100  00001100  2**3
                  CONTENTS, ALLOC, LOAD, READONLY, CODE
  2 .rodata       0000044c  10004ec8  10004ec8  00005ec8  2**2
                  CONTENTS, ALLOC, LOAD, READONLY, DATA
  3 .binary_info  00000024  10005314  10005314  00006314  2**2
                  CONTENTS, ALLOC, LOAD, READONLY, DATA
  4 .ram_vector_table 000000c0  20000000  20000000  00009000  2**2
                  ALLOC
  5 .uninitialized_data 00000000  200000c0  200000c0  000080b0  2**0
                  CONTENTS
  6 .data         00000ff0  200000c0  10005338  000070c0  2**4
                  CONTENTS, ALLOC, LOAD, READONLY, CODE
  7 .tdata        00000000  200010b0  200010b0  000080b0  2**0
                  CONTENTS, ALLOC, LOAD, DATA, THREAD_LOCAL
  8 .tbss         00000000  200010b0  200010b0  00000000  2**0
                  ALLOC, THREAD_LOCAL
  9 .bss          00020334  200010b0  10006328  000080b0  2**3
                  ALLOC
 10 .heap         00000800  200213e4  200213e4  000080b0  2**2
                  CONTENTS, READONLY
 11 .scratch_x    00000000  20040000  20040000  000088b0  2**0
                  CONTENTS
 12 .scratch_y    00000000  20041000  20041000  000088b0  2**0
                  CONTENTS
 13 .stack_dummy  00000800  20041000  20041000  000088c0  2**5
                  CONTENTS, READONLY
 14 .ARM.attributes 00000028  00000000  00000000  000090c0  2**0
                  CONTENTS, READONLY
 15 .comment      00000045  00000000  00000000  000090e8  2**0
                  CONTENTS, READONLY
 16 .debug_info   000367ed  00000000  00000000  0000912d  2**0
                  CONTENTS, READONLY, DEBUGGING, OCTETS
 17 .debug_abbrev 000091bd  00000000  00000000  0003f91a  2**0
                  CONTENTS, READONLY, DEBUGGING, OCTETS
 18 .debug_loclists 0001d66c  00000000  00000000  00048ad7  2**0
                  CONTENTS, READONLY, DEBUGGING, OCTETS
 19 .debug_aranges 00001638  00000000  00000000  00066148  2**3
                  CONTENTS, READONLY, DEBUGGING, OCTETS
 20 .debug_rnglists 0000500b  00000000  00000000  00067780  2**0
                  CONTENTS, READONLY, DEBUGGING, OCTETS
 21 .debug_line   00027577  00000000  00000000  0006c78b  2**0
                  CONTENTS, READONLY, DEBUGGING, OCTETS
 22 .debug_str    00008c8a  00000000  00000000  00093d02  2**0
                  CONTENTS, READONLY, DEBUGGING, OCTETS
 23 .debug_frame  00003140  00000000  00000000  0009c98c  2**2
                  CONTENTS, READONLY, DEBUGGING, OCTETS
 24 .debug_line_str 00000367  00000000  00000000  0009facc  2**0
                  CONTENTS, READONLY, DEBUGGING, OCTETS

/Users/kylestewart/Projects/gen_frame/build/inky.elf:     file format elf32-littlearm


Disassembly of section .boot2:

10000000 <__boot2_start__>:
10000000:	4b32b500 	.word	0x4b32b500
10000004:	60582021 	.word	0x60582021
10000008:	21026898 	.word	0x21026898
1000000c:	60984388 	.word	0x60984388
10000010:	611860d8 	.word	0x611860d8
10000014:	4b2e6158 	.word	0x4b2e6158
10000018:	60992100 	.word	0x60992100
1000001c:	61592102 	.word	0x61592102
10000020:	22f02101 	.word	0x22f02101
10000024:	492b5099 	.word	0x492b5099
10000028:	21016019 	.word	0x21016019
1000002c:	20356099 	.word	0x20356099
10000030:	f844f000 	.word	0xf844f000
10000034:	42902202 	.word	0x42902202
10000038:	2106d014 	.word	0x2106d014
1000003c:	f0006619 	.word	0xf0006619
10000040:	6e19f834 	.word	0x6e19f834
10000044:	66192101 	.word	0x66192101
10000048:	66182000 	.word	0x66182000
1000004c:	f000661a 	.word	0xf000661a
10000050:	6e19f82c 	.word	0x6e19f82c
10000054:	6e196e19 	.word	0x6e196e19
10000058:	f0002005 	.word	0xf0002005
1000005c:	2101f82f 	.word	0x2101f82f
10000060:	d1f94208 	.word	0xd1f94208
10000064:	60992100 	.word	0x60992100
10000068:	6019491b 	.word	0x6019491b
1000006c:	60592100 	.word	0x60592100
10000070:	481b491a 	.word	0x481b491a
10000074:	21016001 	.word	0x21016001
10000078:	21eb6099 	.word	0x21eb6099
1000007c:	21a06619 	.word	0x21a06619
10000080:	f0006619 	.word	0xf0006619
10000084:	2100f812 	.word	0x2100f812
10000088:	49166099 	.word	0x49166099
1000008c:	60014814 	.word	0x60014814
10000090:	60992101 	.word	0x60992101
10000094:	2800bc01 	.word	0x2800bc01
10000098:	4700d000 	.word	0x4700d000
1000009c:	49134812 	.word	0x49134812
100000a0:	c8036008 	.word	0xc8036008
100000a4:	8808f380 	.word	0x8808f380
100000a8:	b5034708 	.word	0xb5034708
100000ac:	20046a99 	.word	0x20046a99
100000b0:	d0fb4201 	.word	0xd0fb4201
100000b4:	42012001 	.word	0x42012001
100000b8:	bd03d1f8 	.word	0xbd03d1f8
100000bc:	6618b502 	.word	0x6618b502
100000c0:	f7ff6618 	.word	0xf7ff6618
100000c4:	6e18fff2 	.word	0x6e18fff2
100000c8:	bd026e18 	.word	0xbd026e18
100000cc:	40020000 	.word	0x40020000
100000d0:	18000000 	.word	0x18000000
100000d4:	00070000 	.word	0x00070000
100000d8:	005f0300 	.word	0x005f0300
100000dc:	00002221 	.word	0x00002221
100000e0:	180000f4 	.word	0x180000f4
100000e4:	a0002022 	.word	0xa0002022
100000e8:	10000100 	.word	0x10000100
100000ec:	e000ed08 	.word	0xe000ed08
	...
100000fc:	7a4eb274 	.word	0x7a4eb274

Disassembly of section .text:

10000100 <__VECTOR_TABLE>:
10000100:	20042000 	.word	0x20042000
10000104:	100001f7 	.word	0x100001f7
10000108:	100001c3 	.word	0x100001c3
1000010c:	100001c5 	.word	0x100001c5
10000110:	100001c1 	.word	0x100001c1
10000114:	100001c1 	.word	0x100001c1
10000118:	100001c1 	.word	0x100001c1
1000011c:	100001c1 	.word	0x100001c1
10000120:	100001c1 	.word	0x100001c1
10000124:	100001c1 	.word	0x100001c1
10000128:	100001c1 	.word	0x100001c1
1000012c:	100001c7 	.word	0x100001c7
10000130:	100001c1 	.word	0x100001c1
10000134:	100001c1 	.word	0x100001c1
10000138:	100001c9 	.word	0x100001c9
1000013c:	100001cb 	.word	0x100001cb
10000140:	100001cd 	.word	0x100001cd
10000144:	100001cd 	.word	0x100001cd
10000148:	100001cd 	.word	0x100001cd
1000014c:	100001cd 	.word	0x100001cd
10000150:	100001cd 	.word	0x100001cd
10000154:	100001cd 	.word	0x100001cd
10000158:	100001cd 	.word	0x100001cd
1000015c:	100001cd 	.word	0x100001cd
10000160:	100001cd 	.word	0x100001cd
10000164:	100001cd 	.word	0x100001cd
10000168:	100001cd 	.word	0x100001cd
1000016c:	100001cd 	.word	0x100001cd
10000170:	100001cd 	.word	0x100001cd
10000174:	100001cd 	.word	0x100001cd
10000178:	100001cd 	.word	0x100001cd
1000017c:	100001cd 	.word	0x100001cd
10000180:	100001cd 	.word	0x100001cd
10000184:	100001cd 	.word	0x100001cd
10000188:	100001cd 	.word	0x100001cd
1000018c:	100001cd 	.word	0x100001cd
10000190:	100001cd 	.word	0x100001cd
10000194:	100001cd 	.word	0x100001cd
10000198:	100001cd 	.word	0x100001cd
1000019c:	100001cd 	.word	0x100001cd
100001a0:	100001cd 	.word	0x100001cd
100001a4:	100001cd 	.word	0x100001cd
100001a8:	100001cd 	.word	0x100001cd
100001ac:	100001cd 	.word	0x100001cd
100001b0:	100001cd 	.word	0x100001cd
100001b4:	100001cd 	.word	0x100001cd
100001b8:	100001cd 	.word	0x100001cd
100001bc:	100001cd 	.word	0x100001cd

100001c0 <isr_invalid>:
100001c0:	be00      	bkpt	0x0000

100001c2 <isr_nmi>:
100001c2:	be00      	bkpt	0x0000

100001c4 <isr_hardfault>:
100001c4:	be00      	bkpt	0x0000

100001c6 <isr_svcall>:
100001c6:	be00      	bkpt	0x0000

100001c8 <isr_pendsv>:
100001c8:	be00      	bkpt	0x0000

100001ca <isr_systick>:
100001ca:	be00      	bkpt	0x0000

100001cc <__unhandled_user_irq>:
100001cc:	f3ef 8005 	mrs	r0, IPSR
100001d0:	3810      	subs	r0, #16

100001d2 <unhandled_user_irq_num_in_r0>:
100001d2:	be00      	bkpt	0x0000

100001d4 <binary_info_header>:
100001d4:	7188ebf2 	.word	0x7188ebf2
100001d8:	10005314 	.word	0x10005314
100001dc:	10005338 	.word	0x10005338
100001e0:	10000238 	.word	0x10000238
100001e4:	e71aa390 	.word	0xe71aa390

100001e8 <_entry_point>:
100001e8:	481e      	ldr	r0, [pc, #120]	@ (10000264 <data_cpy_table+0x2c>)

100001ea <_enter_vtable_in_r0>:
100001ea:	491f      	ldr	r1, [pc, #124]	@ (10000268 <data_cpy_table+0x30>)
100001ec:	6008      	str	r0, [r1, #0]
100001ee:	c806      	ldmia	r0!, {r1, r2}
100001f0:	f381 8808 	msr	MSP, r1
100001f4:	4710      	bx	r2

100001f6 <_reset_handler>:
100001f6:	481d      	ldr	r0, [pc, #116]	@ (1000026c <data_cpy_table+0x34>)
100001f8:	6800      	ldr	r0, [r0, #0]
100001fa:	2800      	cmp	r0, #0
100001fc:	d001      	beq.n	10000202 <hold_non_core0_in_bootrom+0x4>

100001fe <hold_non_core0_in_bootrom>:
100001fe:	4819      	ldr	r0, [pc, #100]	@ (10000264 <data_cpy_table+0x2c>)
10000200:	e7f3      	b.n	100001ea <_enter_vtable_in_r0>
10000202:	a40d      	add	r4, pc, #52	@ (adr r4, 10000238 <data_cpy_table>)
10000204:	cc0e      	ldmia	r4!, {r1, r2, r3}
10000206:	2900      	cmp	r1, #0
10000208:	d002      	beq.n	10000210 <hold_non_core0_in_bootrom+0x12>
1000020a:	f000 f812 	bl	10000232 <data_cpy>
1000020e:	e7f9      	b.n	10000204 <hold_non_core0_in_bootrom+0x6>
10000210:	4917      	ldr	r1, [pc, #92]	@ (10000270 <data_cpy_table+0x38>)
10000212:	4a18      	ldr	r2, [pc, #96]	@ (10000274 <data_cpy_table+0x3c>)
10000214:	2000      	movs	r0, #0
10000216:	e000      	b.n	1000021a <bss_fill_test>

10000218 <bss_fill_loop>:
10000218:	c101      	stmia	r1!, {r0}

1000021a <bss_fill_test>:
1000021a:	4291      	cmp	r1, r2
1000021c:	d1fc      	bne.n	10000218 <bss_fill_loop>

1000021e <platform_entry>:
1000021e:	4916      	ldr	r1, [pc, #88]	@ (10000278 <data_cpy_table+0x40>)
10000220:	4788      	blx	r1
10000222:	4916      	ldr	r1, [pc, #88]	@ (1000027c <data_cpy_table+0x44>)
10000224:	4788      	blx	r1
10000226:	4916      	ldr	r1, [pc, #88]	@ (10000280 <data_cpy_table+0x48>)
10000228:	4788      	blx	r1
1000022a:	be00      	bkpt	0x0000
1000022c:	e7fd      	b.n	1000022a <platform_entry+0xc>

1000022e <data_cpy_loop>:
1000022e:	c901      	ldmia	r1!, {r0}
10000230:	c201      	stmia	r2!, {r0}

10000232 <data_cpy>:
10000232:	429a      	cmp	r2, r3
10000234:	d3fb      	bcc.n	1000022e <data_cpy_loop>
10000236:	4770      	bx	lr

10000238 <data_cpy_table>:
10000238:	10005338 	.word	0x10005338
1000023c:	200000c0 	.word	0x200000c0
10000240:	200010b0 	.word	0x200010b0
10000244:	10006328 	.word	0x10006328
10000248:	20040000 	.word	0x20040000
1000024c:	20040000 	.word	0x20040000
10000250:	10006328 	.word	0x10006328
10000254:	20041000 	.word	0x20041000
10000258:	20041000 	.word	0x20041000
1000025c:	00000000 	.word	0x00000000
10000260:	4770      	bx	lr
10000262:	0000      	.short	0x0000
10000264:	00000000 	.word	0x00000000
10000268:	e000ed08 	.word	0xe000ed08
1000026c:	d0000000 	.word	0xd0000000
10000270:	200010b0 	.word	0x200010b0
10000274:	200213e4 	.word	0x200213e4
10000278:	1000218d 	.word	0x1000218d
1000027c:	100002d5 	.word	0x100002d5
10000280:	10002185 	.word	0x10002185

10000284 <_init>:
10000284:	b5f8      	push	{r3, r4, r5, r6, r7, lr}
10000286:	46c0      	nop			@ (mov r8, r8)

10000288 <register_tm_clones>:
10000288:	4806      	ldr	r0, [pc, #24]	@ (100002a4 <register_tm_clones+0x1c>)
1000028a:	4907      	ldr	r1, [pc, #28]	@ (100002a8 <register_tm_clones+0x20>)
1000028c:	1a09      	subs	r1, r1, r0
1000028e:	108b      	asrs	r3, r1, #2
10000290:	0fc9      	lsrs	r1, r1, #31
10000292:	18c9      	adds	r1, r1, r3
10000294:	b510      	push	{r4, lr}
10000296:	1049      	asrs	r1, r1, #1
10000298:	d003      	beq.n	100002a2 <register_tm_clones+0x1a>
1000029a:	4b04      	ldr	r3, [pc, #16]	@ (100002ac <register_tm_clones+0x24>)
1000029c:	2b00      	cmp	r3, #0
1000029e:	d000      	beq.n	100002a2 <register_tm_clones+0x1a>
100002a0:	4798      	blx	r3
100002a2:	bd10      	pop	{r4, pc}
100002a4:	200010b0 	.word	0x200010b0
100002a8:	200010b0 	.word	0x200010b0
100002ac:	00000000 	.word	0x00000000

100002b0 <frame_dummy>:
100002b0:	4b05      	ldr	r3, [pc, #20]	@ (100002c8 <frame_dummy+0x18>)
100002b2:	b510      	push	{r4, lr}
100002b4:	2b00      	cmp	r3, #0
100002b6:	d003      	beq.n	100002c0 <frame_dummy+0x10>
100002b8:	4904      	ldr	r1, [pc, #16]	@ (100002cc <frame_dummy+0x1c>)
100002ba:	4805      	ldr	r0, [pc, #20]	@ (100002d0 <frame_dummy+0x20>)
100002bc:	e000      	b.n	100002c0 <frame_dummy+0x10>
100002be:	bf00      	nop
100002c0:	f7ff ffe2 	bl	10000288 <register_tm_clones>
100002c4:	bd10      	pop	{r4, pc}
100002c6:	46c0      	nop			@ (mov r8, r8)
100002c8:	00000000 	.word	0x00000000
100002cc:	20021280 	.word	0x20021280
100002d0:	10004ec8 	.word	0x10004ec8

100002d4 <main>:
100002d4:	b5f8      	push	{r3, r4, r5, r6, r7, lr}
100002d6:	f002 f865 	bl	100023a4 <stdio_init_all>
100002da:	20fa      	movs	r0, #250	@ 0xfa
100002dc:	0040      	lsls	r0, r0, #1
100002de:	f001 fa37 	bl	10001750 <sleep_ms>
100002e2:	2006      	movs	r0, #6
100002e4:	f000 fc2a 	bl	10000b3c <gpio_init>
100002e8:	25d0      	movs	r5, #208	@ 0xd0
100002ea:	2105      	movs	r1, #5
100002ec:	2006      	movs	r0, #6
100002ee:	f000 fbf7 	bl	10000ae0 <gpio_set_function>
100002f2:	2340      	movs	r3, #64	@ 0x40
100002f4:	22fa      	movs	r2, #250	@ 0xfa
100002f6:	4e0c      	ldr	r6, [pc, #48]	@ (10000328 <main+0x54>)
100002f8:	062d      	lsls	r5, r5, #24
100002fa:	2144      	movs	r1, #68	@ 0x44
100002fc:	0030      	movs	r0, r6
100002fe:	626b      	str	r3, [r5, #36]	@ 0x24
10000300:	0252      	lsls	r2, r2, #9
10000302:	f001 ff11 	bl	10002128 <__wrap_memset>
10000306:	4f09      	ldr	r7, [pc, #36]	@ (1000032c <main+0x58>)
10000308:	2440      	movs	r4, #64	@ 0x40
1000030a:	22fa      	movs	r2, #250	@ 0xfa
1000030c:	0031      	movs	r1, r6
1000030e:	0038      	movs	r0, r7
10000310:	0252      	lsls	r2, r2, #9
10000312:	616c      	str	r4, [r5, #20]
10000314:	f000 fa7c 	bl	10000810 <_ZN6UC81596updateEPKhj>
10000318:	2006      	movs	r0, #6
1000031a:	f001 fa19 	bl	10001750 <sleep_ms>
1000031e:	4804      	ldr	r0, [pc, #16]	@ (10000330 <main+0x5c>)
10000320:	61ac      	str	r4, [r5, #24]
10000322:	f001 fa15 	bl	10001750 <sleep_ms>
10000326:	e7ef      	b.n	10000308 <main+0x34>
10000328:	20001a74 	.word	0x20001a74
1000032c:	20001230 	.word	0x20001230
10000330:	000186a0 	.word	0x000186a0

10000334 <_GLOBAL__sub_I_display>:
10000334:	480c      	ldr	r0, [pc, #48]	@ (10000368 <_GLOBAL__sub_I_display+0x34>)
10000336:	4b0d      	ldr	r3, [pc, #52]	@ (1000036c <_GLOBAL__sub_I_display+0x38>)
10000338:	b510      	push	{r4, lr}
1000033a:	6003      	str	r3, [r0, #0]
1000033c:	2300      	movs	r3, #0
1000033e:	8083      	strh	r3, [r0, #4]
10000340:	4b0b      	ldr	r3, [pc, #44]	@ (10000370 <_GLOBAL__sub_I_display+0x3c>)
10000342:	2201      	movs	r2, #1
10000344:	6083      	str	r3, [r0, #8]
10000346:	2311      	movs	r3, #17
10000348:	60c3      	str	r3, [r0, #12]
1000034a:	330b      	adds	r3, #11
1000034c:	6103      	str	r3, [r0, #16]
1000034e:	3b0a      	subs	r3, #10
10000350:	6143      	str	r3, [r0, #20]
10000352:	3301      	adds	r3, #1
10000354:	6183      	str	r3, [r0, #24]
10000356:	33ec      	adds	r3, #236	@ 0xec
10000358:	61c3      	str	r3, [r0, #28]
1000035a:	3be4      	subs	r3, #228	@ 0xe4
1000035c:	6203      	str	r3, [r0, #32]
1000035e:	3315      	adds	r3, #21
10000360:	54c2      	strb	r2, [r0, r3]
10000362:	f000 f807 	bl	10000374 <_ZN6UC81594initEv>
10000366:	bd10      	pop	{r4, pc}
10000368:	20001230 	.word	0x20001230
1000036c:	01900280 	.word	0x01900280
10000370:	4003c000 	.word	0x4003c000

10000374 <_ZN6UC81594initEv>:
10000374:	b570      	push	{r4, r5, r6, lr}
10000376:	0004      	movs	r4, r0
10000378:	2601      	movs	r6, #1
1000037a:	491a      	ldr	r1, [pc, #104]	@ (100003e4 <_ZN6UC81594initEv+0x70>)
1000037c:	6880      	ldr	r0, [r0, #8]
1000037e:	f004 fc51 	bl	10004c24 <spi_init>
10000382:	6920      	ldr	r0, [r4, #16]
10000384:	2105      	movs	r1, #5
10000386:	f000 fbab 	bl	10000ae0 <gpio_set_function>
1000038a:	0032      	movs	r2, r6
1000038c:	6923      	ldr	r3, [r4, #16]
1000038e:	25d0      	movs	r5, #208	@ 0xd0
10000390:	409a      	lsls	r2, r3
10000392:	062d      	lsls	r5, r5, #24
10000394:	626a      	str	r2, [r5, #36]	@ 0x24
10000396:	68e0      	ldr	r0, [r4, #12]
10000398:	2105      	movs	r1, #5
1000039a:	f000 fba1 	bl	10000ae0 <gpio_set_function>
1000039e:	0032      	movs	r2, r6
100003a0:	68e3      	ldr	r3, [r4, #12]
100003a2:	6a20      	ldr	r0, [r4, #32]
100003a4:	409a      	lsls	r2, r3
100003a6:	2105      	movs	r1, #5
100003a8:	626a      	str	r2, [r5, #36]	@ 0x24
100003aa:	616a      	str	r2, [r5, #20]
100003ac:	f000 fb98 	bl	10000ae0 <gpio_set_function>
100003b0:	0032      	movs	r2, r6
100003b2:	6a23      	ldr	r3, [r4, #32]
100003b4:	69e0      	ldr	r0, [r4, #28]
100003b6:	409a      	lsls	r2, r3
100003b8:	2105      	movs	r1, #5
100003ba:	626a      	str	r2, [r5, #36]	@ 0x24
100003bc:	616a      	str	r2, [r5, #20]
100003be:	f000 fb8f 	bl	10000ae0 <gpio_set_function>
100003c2:	69e0      	ldr	r0, [r4, #28]
100003c4:	2200      	movs	r2, #0
100003c6:	4086      	lsls	r6, r0
100003c8:	2101      	movs	r1, #1
100003ca:	62ae      	str	r6, [r5, #40]	@ 0x28
100003cc:	f000 fba2 	bl	10000b14 <gpio_set_pulls>
100003d0:	6960      	ldr	r0, [r4, #20]
100003d2:	2101      	movs	r1, #1
100003d4:	f000 fb84 	bl	10000ae0 <gpio_set_function>
100003d8:	2101      	movs	r1, #1
100003da:	69a0      	ldr	r0, [r4, #24]
100003dc:	f000 fb80 	bl	10000ae0 <gpio_set_function>
100003e0:	bd70      	pop	{r4, r5, r6, pc}
100003e2:	46c0      	nop			@ (mov r8, r8)
100003e4:	002dc6c0 	.word	0x002dc6c0

100003e8 <_ZN6UC81595setupEv>:
100003e8:	b5f0      	push	{r4, r5, r6, r7, lr}
100003ea:	2501      	movs	r5, #1
100003ec:	002a      	movs	r2, r5
100003ee:	46ce      	mov	lr, r9
100003f0:	4647      	mov	r7, r8
100003f2:	6a03      	ldr	r3, [r0, #32]
100003f4:	26d0      	movs	r6, #208	@ 0xd0
100003f6:	409a      	lsls	r2, r3
100003f8:	0004      	movs	r4, r0
100003fa:	b580      	push	{r7, lr}
100003fc:	0636      	lsls	r6, r6, #24
100003fe:	b083      	sub	sp, #12
10000400:	200a      	movs	r0, #10
10000402:	61b2      	str	r2, [r6, #24]
10000404:	f001 f9a4 	bl	10001750 <sleep_ms>
10000408:	6a23      	ldr	r3, [r4, #32]
1000040a:	200a      	movs	r0, #10
1000040c:	409d      	lsls	r5, r3
1000040e:	6175      	str	r5, [r6, #20]
10000410:	f001 f99e 	bl	10001750 <sleep_ms>
10000414:	f001 fab2 	bl	1000197c <time_us_64>
10000418:	2900      	cmp	r1, #0
1000041a:	da02      	bge.n	10000422 <_ZN6UC81595setupEv+0x3a>
1000041c:	2001      	movs	r0, #1
1000041e:	49e0      	ldr	r1, [pc, #896]	@ (100007a0 <_ZN6UC81595setupEv+0x3b8>)
10000420:	4240      	negs	r0, r0
10000422:	62a0      	str	r0, [r4, #40]	@ 0x28
10000424:	62e1      	str	r1, [r4, #44]	@ 0x2c
10000426:	69e3      	ldr	r3, [r4, #28]
10000428:	2bff      	cmp	r3, #255	@ 0xff
1000042a:	d100      	bne.n	1000042e <_ZN6UC81595setupEv+0x46>
1000042c:	e195      	b.n	1000075a <_ZN6UC81595setupEv+0x372>
1000042e:	2201      	movs	r2, #1
10000430:	21d0      	movs	r1, #208	@ 0xd0
10000432:	409a      	lsls	r2, r3
10000434:	0609      	lsls	r1, r1, #24
10000436:	6848      	ldr	r0, [r1, #4]
10000438:	4210      	tst	r0, r2
1000043a:	d102      	bne.n	10000442 <_ZN6UC81595setupEv+0x5a>
1000043c:	684b      	ldr	r3, [r1, #4]
1000043e:	4213      	tst	r3, r2
10000440:	d0fc      	beq.n	1000043c <_ZN6UC81595setupEv+0x54>
10000442:	f001 fa9b 	bl	1000197c <time_us_64>
10000446:	2900      	cmp	r1, #0
10000448:	da02      	bge.n	10000450 <_ZN6UC81595setupEv+0x68>
1000044a:	2001      	movs	r0, #1
1000044c:	49d4      	ldr	r1, [pc, #848]	@ (100007a0 <_ZN6UC81595setupEv+0x3b8>)
1000044e:	4240      	negs	r0, r0
10000450:	62a0      	str	r0, [r4, #40]	@ 0x28
10000452:	62e1      	str	r1, [r4, #44]	@ 0x2c
10000454:	69e3      	ldr	r3, [r4, #28]
10000456:	2bff      	cmp	r3, #255	@ 0xff
10000458:	d100      	bne.n	1000045c <_ZN6UC81595setupEv+0x74>
1000045a:	e16f      	b.n	1000073c <_ZN6UC81595setupEv+0x354>
1000045c:	2201      	movs	r2, #1
1000045e:	21d0      	movs	r1, #208	@ 0xd0
10000460:	409a      	lsls	r2, r3
10000462:	0609      	lsls	r1, r1, #24
10000464:	6848      	ldr	r0, [r1, #4]
10000466:	4210      	tst	r0, r2
10000468:	d102      	bne.n	10000470 <_ZN6UC81595setupEv+0x88>
1000046a:	684b      	ldr	r3, [r1, #4]
1000046c:	4213      	tst	r3, r2
1000046e:	d0fc      	beq.n	1000046a <_ZN6UC81595setupEv+0x82>
10000470:	8826      	ldrh	r6, [r4, #0]
10000472:	7820      	ldrb	r0, [r4, #0]
10000474:	4dcb      	ldr	r5, [pc, #812]	@ (100007a4 <_ZN6UC81595setupEv+0x3bc>)
10000476:	0200      	lsls	r0, r0, #8
10000478:	0a33      	lsrs	r3, r6, #8
1000047a:	4303      	orrs	r3, r0
1000047c:	402b      	ands	r3, r5
1000047e:	2501      	movs	r5, #1
10000480:	8861      	ldrh	r1, [r4, #2]
10000482:	2200      	movs	r2, #0
10000484:	0a08      	lsrs	r0, r1, #8
10000486:	0400      	lsls	r0, r0, #16
10000488:	4303      	orrs	r3, r0
1000048a:	0028      	movs	r0, r5
1000048c:	021b      	lsls	r3, r3, #8
1000048e:	0609      	lsls	r1, r1, #24
10000490:	0a1b      	lsrs	r3, r3, #8
10000492:	430b      	orrs	r3, r1
10000494:	68e1      	ldr	r1, [r4, #12]
10000496:	9301      	str	r3, [sp, #4]
10000498:	4088      	lsls	r0, r1
1000049a:	4680      	mov	r8, r0
1000049c:	0028      	movs	r0, r5
1000049e:	6921      	ldr	r1, [r4, #16]
100004a0:	88a3      	ldrh	r3, [r4, #4]
100004a2:	4088      	lsls	r0, r1
100004a4:	2196      	movs	r1, #150	@ 0x96
100004a6:	4684      	mov	ip, r0
100004a8:	0089      	lsls	r1, r1, #2
100004aa:	68a0      	ldr	r0, [r4, #8]
100004ac:	428e      	cmp	r6, r1
100004ae:	d100      	bne.n	100004b2 <_ZN6UC81595setupEv+0xca>
100004b0:	e182      	b.n	100007b8 <_ZN6UC81595setupEv+0x3d0>
100004b2:	2b00      	cmp	r3, #0
100004b4:	d100      	bne.n	100004b8 <_ZN6UC81595setupEv+0xd0>
100004b6:	e15f      	b.n	10000778 <_ZN6UC81595setupEv+0x390>
100004b8:	466b      	mov	r3, sp
100004ba:	26d0      	movs	r6, #208	@ 0xd0
100004bc:	1cdf      	adds	r7, r3, #3
100004be:	4643      	mov	r3, r8
100004c0:	0636      	lsls	r6, r6, #24
100004c2:	703a      	strb	r2, [r7, #0]
100004c4:	61b3      	str	r3, [r6, #24]
100004c6:	4663      	mov	r3, ip
100004c8:	2201      	movs	r2, #1
100004ca:	0039      	movs	r1, r7
100004cc:	61b3      	str	r3, [r6, #24]
100004ce:	f004 fcb7 	bl	10004e40 <__spi_write_blocking_veneer>
100004d2:	002a      	movs	r2, r5
100004d4:	6923      	ldr	r3, [r4, #16]
100004d6:	49b4      	ldr	r1, [pc, #720]	@ (100007a8 <_ZN6UC81595setupEv+0x3c0>)
100004d8:	409a      	lsls	r2, r3
100004da:	6172      	str	r2, [r6, #20]
100004dc:	2202      	movs	r2, #2
100004de:	68a0      	ldr	r0, [r4, #8]
100004e0:	f004 fcae 	bl	10004e40 <__spi_write_blocking_veneer>
100004e4:	68e3      	ldr	r3, [r4, #12]
100004e6:	0039      	movs	r1, r7
100004e8:	409d      	lsls	r5, r3
100004ea:	6175      	str	r5, [r6, #20]
100004ec:	2601      	movs	r6, #1
100004ee:	002b      	movs	r3, r5
100004f0:	25d0      	movs	r5, #208	@ 0xd0
100004f2:	0032      	movs	r2, r6
100004f4:	062d      	lsls	r5, r5, #24
100004f6:	703e      	strb	r6, [r7, #0]
100004f8:	61ab      	str	r3, [r5, #24]
100004fa:	6923      	ldr	r3, [r4, #16]
100004fc:	68a0      	ldr	r0, [r4, #8]
100004fe:	409a      	lsls	r2, r3
10000500:	61aa      	str	r2, [r5, #24]
10000502:	2201      	movs	r2, #1
10000504:	f004 fc9c 	bl	10004e40 <__spi_write_blocking_veneer>
10000508:	0032      	movs	r2, r6
1000050a:	6923      	ldr	r3, [r4, #16]
1000050c:	49a7      	ldr	r1, [pc, #668]	@ (100007ac <_ZN6UC81595setupEv+0x3c4>)
1000050e:	409a      	lsls	r2, r3
10000510:	68a0      	ldr	r0, [r4, #8]
10000512:	616a      	str	r2, [r5, #20]
10000514:	2204      	movs	r2, #4
10000516:	f004 fc93 	bl	10004e40 <__spi_write_blocking_veneer>
1000051a:	0032      	movs	r2, r6
1000051c:	68e3      	ldr	r3, [r4, #12]
1000051e:	68a0      	ldr	r0, [r4, #8]
10000520:	409a      	lsls	r2, r3
10000522:	616a      	str	r2, [r5, #20]
10000524:	0013      	movs	r3, r2
10000526:	2200      	movs	r2, #0
10000528:	4690      	mov	r8, r2
1000052a:	466a      	mov	r2, sp
1000052c:	4641      	mov	r1, r8
1000052e:	7011      	strb	r1, [r2, #0]
10000530:	2203      	movs	r2, #3
10000532:	703a      	strb	r2, [r7, #0]
10000534:	0032      	movs	r2, r6
10000536:	61ab      	str	r3, [r5, #24]
10000538:	6923      	ldr	r3, [r4, #16]
1000053a:	0039      	movs	r1, r7
1000053c:	409a      	lsls	r2, r3
1000053e:	61aa      	str	r2, [r5, #24]
10000540:	2201      	movs	r2, #1
10000542:	f004 fc7d 	bl	10004e40 <__spi_write_blocking_veneer>
10000546:	0032      	movs	r2, r6
10000548:	6923      	ldr	r3, [r4, #16]
1000054a:	4669      	mov	r1, sp
1000054c:	409a      	lsls	r2, r3
1000054e:	68a0      	ldr	r0, [r4, #8]
10000550:	616a      	str	r2, [r5, #20]
10000552:	2201      	movs	r2, #1
10000554:	f004 fc74 	bl	10004e40 <__spi_write_blocking_veneer>
10000558:	0032      	movs	r2, r6
1000055a:	68e3      	ldr	r3, [r4, #12]
1000055c:	0039      	movs	r1, r7
1000055e:	409a      	lsls	r2, r3
10000560:	616a      	str	r2, [r5, #20]
10000562:	0013      	movs	r3, r2
10000564:	2206      	movs	r2, #6
10000566:	703a      	strb	r2, [r7, #0]
10000568:	0032      	movs	r2, r6
1000056a:	61ab      	str	r3, [r5, #24]
1000056c:	6923      	ldr	r3, [r4, #16]
1000056e:	68a0      	ldr	r0, [r4, #8]
10000570:	409a      	lsls	r2, r3
10000572:	61aa      	str	r2, [r5, #24]
10000574:	2201      	movs	r2, #1
10000576:	f004 fc63 	bl	10004e40 <__spi_write_blocking_veneer>
1000057a:	0032      	movs	r2, r6
1000057c:	6923      	ldr	r3, [r4, #16]
1000057e:	498c      	ldr	r1, [pc, #560]	@ (100007b0 <_ZN6UC81595setupEv+0x3c8>)
10000580:	409a      	lsls	r2, r3
10000582:	68a0      	ldr	r0, [r4, #8]
10000584:	616a      	str	r2, [r5, #20]
10000586:	2203      	movs	r2, #3
10000588:	f004 fc5a 	bl	10004e40 <__spi_write_blocking_veneer>
1000058c:	0032      	movs	r2, r6
1000058e:	68e3      	ldr	r3, [r4, #12]
10000590:	4669      	mov	r1, sp
10000592:	409a      	lsls	r2, r3
10000594:	616a      	str	r2, [r5, #20]
10000596:	0013      	movs	r3, r2
10000598:	223c      	movs	r2, #60	@ 0x3c
1000059a:	700a      	strb	r2, [r1, #0]
1000059c:	3a0c      	subs	r2, #12
1000059e:	703a      	strb	r2, [r7, #0]
100005a0:	0032      	movs	r2, r6
100005a2:	61ab      	str	r3, [r5, #24]
100005a4:	6923      	ldr	r3, [r4, #16]
100005a6:	0039      	movs	r1, r7
100005a8:	409a      	lsls	r2, r3
100005aa:	68a0      	ldr	r0, [r4, #8]
100005ac:	61aa      	str	r2, [r5, #24]
100005ae:	2201      	movs	r2, #1
100005b0:	f004 fc46 	bl	10004e40 <__spi_write_blocking_veneer>
100005b4:	0032      	movs	r2, r6
100005b6:	6923      	ldr	r3, [r4, #16]
100005b8:	4669      	mov	r1, sp
100005ba:	409a      	lsls	r2, r3
100005bc:	68a0      	ldr	r0, [r4, #8]
100005be:	616a      	str	r2, [r5, #20]
100005c0:	2201      	movs	r2, #1
100005c2:	f004 fc3d 	bl	10004e40 <__spi_write_blocking_veneer>
100005c6:	0032      	movs	r2, r6
100005c8:	68e3      	ldr	r3, [r4, #12]
100005ca:	4641      	mov	r1, r8
100005cc:	409a      	lsls	r2, r3
100005ce:	616a      	str	r2, [r5, #20]
100005d0:	0013      	movs	r3, r2
100005d2:	466a      	mov	r2, sp
100005d4:	7011      	strb	r1, [r2, #0]
100005d6:	2240      	movs	r2, #64	@ 0x40
100005d8:	703a      	strb	r2, [r7, #0]
100005da:	0032      	movs	r2, r6
100005dc:	61ab      	str	r3, [r5, #24]
100005de:	6923      	ldr	r3, [r4, #16]
100005e0:	0039      	movs	r1, r7
100005e2:	409a      	lsls	r2, r3
100005e4:	68a0      	ldr	r0, [r4, #8]
100005e6:	61aa      	str	r2, [r5, #24]
100005e8:	2201      	movs	r2, #1
100005ea:	f004 fc29 	bl	10004e40 <__spi_write_blocking_veneer>
100005ee:	0032      	movs	r2, r6
100005f0:	6923      	ldr	r3, [r4, #16]
100005f2:	4669      	mov	r1, sp
100005f4:	409a      	lsls	r2, r3
100005f6:	68a0      	ldr	r0, [r4, #8]
100005f8:	616a      	str	r2, [r5, #20]
100005fa:	2201      	movs	r2, #1
100005fc:	f004 fc20 	bl	10004e40 <__spi_write_blocking_veneer>
10000600:	0032      	movs	r2, r6
10000602:	68e3      	ldr	r3, [r4, #12]
10000604:	68a0      	ldr	r0, [r4, #8]
10000606:	409a      	lsls	r2, r3
10000608:	616a      	str	r2, [r5, #20]
1000060a:	0013      	movs	r3, r2
1000060c:	2237      	movs	r2, #55	@ 0x37
1000060e:	4691      	mov	r9, r2
10000610:	466a      	mov	r2, sp
10000612:	4649      	mov	r1, r9
10000614:	7011      	strb	r1, [r2, #0]
10000616:	2250      	movs	r2, #80	@ 0x50
10000618:	703a      	strb	r2, [r7, #0]
1000061a:	4690      	mov	r8, r2
1000061c:	0032      	movs	r2, r6
1000061e:	61ab      	str	r3, [r5, #24]
10000620:	6923      	ldr	r3, [r4, #16]
10000622:	0039      	movs	r1, r7
10000624:	409a      	lsls	r2, r3
10000626:	61aa      	str	r2, [r5, #24]
10000628:	2201      	movs	r2, #1
1000062a:	f004 fc09 	bl	10004e40 <__spi_write_blocking_veneer>
1000062e:	0032      	movs	r2, r6
10000630:	6923      	ldr	r3, [r4, #16]
10000632:	4669      	mov	r1, sp
10000634:	409a      	lsls	r2, r3
10000636:	68a0      	ldr	r0, [r4, #8]
10000638:	616a      	str	r2, [r5, #20]
1000063a:	2201      	movs	r2, #1
1000063c:	f004 fc00 	bl	10004e40 <__spi_write_blocking_veneer>
10000640:	0032      	movs	r2, r6
10000642:	68e3      	ldr	r3, [r4, #12]
10000644:	4669      	mov	r1, sp
10000646:	409a      	lsls	r2, r3
10000648:	616a      	str	r2, [r5, #20]
1000064a:	0013      	movs	r3, r2
1000064c:	2222      	movs	r2, #34	@ 0x22
1000064e:	700a      	strb	r2, [r1, #0]
10000650:	323e      	adds	r2, #62	@ 0x3e
10000652:	703a      	strb	r2, [r7, #0]
10000654:	0032      	movs	r2, r6
10000656:	61ab      	str	r3, [r5, #24]
10000658:	6923      	ldr	r3, [r4, #16]
1000065a:	0039      	movs	r1, r7
1000065c:	409a      	lsls	r2, r3
1000065e:	68a0      	ldr	r0, [r4, #8]
10000660:	61aa      	str	r2, [r5, #24]
10000662:	2201      	movs	r2, #1
10000664:	f004 fbec 	bl	10004e40 <__spi_write_blocking_veneer>
10000668:	0032      	movs	r2, r6
1000066a:	6923      	ldr	r3, [r4, #16]
1000066c:	4669      	mov	r1, sp
1000066e:	409a      	lsls	r2, r3
10000670:	68a0      	ldr	r0, [r4, #8]
10000672:	616a      	str	r2, [r5, #20]
10000674:	2201      	movs	r2, #1
10000676:	f004 fbe3 	bl	10004e40 <__spi_write_blocking_veneer>
1000067a:	0032      	movs	r2, r6
1000067c:	68e3      	ldr	r3, [r4, #12]
1000067e:	0039      	movs	r1, r7
10000680:	409a      	lsls	r2, r3
10000682:	616a      	str	r2, [r5, #20]
10000684:	0013      	movs	r3, r2
10000686:	2261      	movs	r2, #97	@ 0x61
10000688:	703a      	strb	r2, [r7, #0]
1000068a:	0032      	movs	r2, r6
1000068c:	61ab      	str	r3, [r5, #24]
1000068e:	6923      	ldr	r3, [r4, #16]
10000690:	68a0      	ldr	r0, [r4, #8]
10000692:	409a      	lsls	r2, r3
10000694:	61aa      	str	r2, [r5, #24]
10000696:	2201      	movs	r2, #1
10000698:	f004 fbd2 	bl	10004e40 <__spi_write_blocking_veneer>
1000069c:	0032      	movs	r2, r6
1000069e:	6923      	ldr	r3, [r4, #16]
100006a0:	a901      	add	r1, sp, #4
100006a2:	409a      	lsls	r2, r3
100006a4:	68a0      	ldr	r0, [r4, #8]
100006a6:	616a      	str	r2, [r5, #20]
100006a8:	2204      	movs	r2, #4
100006aa:	f004 fbc9 	bl	10004e40 <__spi_write_blocking_veneer>
100006ae:	0032      	movs	r2, r6
100006b0:	68e3      	ldr	r3, [r4, #12]
100006b2:	4669      	mov	r1, sp
100006b4:	409a      	lsls	r2, r3
100006b6:	616a      	str	r2, [r5, #20]
100006b8:	0013      	movs	r3, r2
100006ba:	22aa      	movs	r2, #170	@ 0xaa
100006bc:	700a      	strb	r2, [r1, #0]
100006be:	3239      	adds	r2, #57	@ 0x39
100006c0:	703a      	strb	r2, [r7, #0]
100006c2:	0032      	movs	r2, r6
100006c4:	61ab      	str	r3, [r5, #24]
100006c6:	6923      	ldr	r3, [r4, #16]
100006c8:	0039      	movs	r1, r7
100006ca:	409a      	lsls	r2, r3
100006cc:	68a0      	ldr	r0, [r4, #8]
100006ce:	61aa      	str	r2, [r5, #24]
100006d0:	2201      	movs	r2, #1
100006d2:	f004 fbb5 	bl	10004e40 <__spi_write_blocking_veneer>
100006d6:	0032      	movs	r2, r6
100006d8:	6923      	ldr	r3, [r4, #16]
100006da:	4669      	mov	r1, sp
100006dc:	409a      	lsls	r2, r3
100006de:	68a0      	ldr	r0, [r4, #8]
100006e0:	616a      	str	r2, [r5, #20]
100006e2:	2201      	movs	r2, #1
100006e4:	f004 fbac 	bl	10004e40 <__spi_write_blocking_veneer>
100006e8:	0032      	movs	r2, r6
100006ea:	68e3      	ldr	r3, [r4, #12]
100006ec:	2064      	movs	r0, #100	@ 0x64
100006ee:	409a      	lsls	r2, r3
100006f0:	616a      	str	r2, [r5, #20]
100006f2:	f001 f82d 	bl	10001750 <sleep_ms>
100006f6:	466b      	mov	r3, sp
100006f8:	464a      	mov	r2, r9
100006fa:	701a      	strb	r2, [r3, #0]
100006fc:	4643      	mov	r3, r8
100006fe:	0032      	movs	r2, r6
10000700:	703b      	strb	r3, [r7, #0]
10000702:	68e3      	ldr	r3, [r4, #12]
10000704:	0039      	movs	r1, r7
10000706:	409a      	lsls	r2, r3
10000708:	61aa      	str	r2, [r5, #24]
1000070a:	0032      	movs	r2, r6
1000070c:	6923      	ldr	r3, [r4, #16]
1000070e:	68a0      	ldr	r0, [r4, #8]
10000710:	409a      	lsls	r2, r3
10000712:	61aa      	str	r2, [r5, #24]
10000714:	2201      	movs	r2, #1
10000716:	f004 fb93 	bl	10004e40 <__spi_write_blocking_veneer>
1000071a:	0032      	movs	r2, r6
1000071c:	6923      	ldr	r3, [r4, #16]
1000071e:	4669      	mov	r1, sp
10000720:	409a      	lsls	r2, r3
10000722:	68a0      	ldr	r0, [r4, #8]
10000724:	616a      	str	r2, [r5, #20]
10000726:	2201      	movs	r2, #1
10000728:	f004 fb8a 	bl	10004e40 <__spi_write_blocking_veneer>
1000072c:	68e3      	ldr	r3, [r4, #12]
1000072e:	409e      	lsls	r6, r3
10000730:	616e      	str	r6, [r5, #20]
10000732:	b003      	add	sp, #12
10000734:	bcc0      	pop	{r6, r7}
10000736:	46b9      	mov	r9, r7
10000738:	46b0      	mov	r8, r6
1000073a:	bdf0      	pop	{r4, r5, r6, r7, pc}
1000073c:	f001 f91e 	bl	1000197c <time_us_64>
10000740:	6aa2      	ldr	r2, [r4, #40]	@ 0x28
10000742:	6ae3      	ldr	r3, [r4, #44]	@ 0x2c
10000744:	1a12      	subs	r2, r2, r0
10000746:	418b      	sbcs	r3, r1
10000748:	2b00      	cmp	r3, #0
1000074a:	dd00      	ble.n	1000074e <_ZN6UC81595setupEv+0x366>
1000074c:	e682      	b.n	10000454 <_ZN6UC81595setupEv+0x6c>
1000074e:	d000      	beq.n	10000752 <_ZN6UC81595setupEv+0x36a>
10000750:	e68e      	b.n	10000470 <_ZN6UC81595setupEv+0x88>
10000752:	2a00      	cmp	r2, #0
10000754:	d000      	beq.n	10000758 <_ZN6UC81595setupEv+0x370>
10000756:	e67d      	b.n	10000454 <_ZN6UC81595setupEv+0x6c>
10000758:	e68a      	b.n	10000470 <_ZN6UC81595setupEv+0x88>
1000075a:	f001 f90f 	bl	1000197c <time_us_64>
1000075e:	6aa2      	ldr	r2, [r4, #40]	@ 0x28
10000760:	6ae3      	ldr	r3, [r4, #44]	@ 0x2c
10000762:	1a12      	subs	r2, r2, r0
10000764:	418b      	sbcs	r3, r1
10000766:	2b00      	cmp	r3, #0
10000768:	dd00      	ble.n	1000076c <_ZN6UC81595setupEv+0x384>
1000076a:	e65c      	b.n	10000426 <_ZN6UC81595setupEv+0x3e>
1000076c:	d000      	beq.n	10000770 <_ZN6UC81595setupEv+0x388>
1000076e:	e668      	b.n	10000442 <_ZN6UC81595setupEv+0x5a>
10000770:	2a00      	cmp	r2, #0
10000772:	d000      	beq.n	10000776 <_ZN6UC81595setupEv+0x38e>
10000774:	e657      	b.n	10000426 <_ZN6UC81595setupEv+0x3e>
10000776:	e664      	b.n	10000442 <_ZN6UC81595setupEv+0x5a>
10000778:	466a      	mov	r2, sp
1000077a:	26d0      	movs	r6, #208	@ 0xd0
1000077c:	70d3      	strb	r3, [r2, #3]
1000077e:	4643      	mov	r3, r8
10000780:	0636      	lsls	r6, r6, #24
10000782:	61b3      	str	r3, [r6, #24]
10000784:	4663      	mov	r3, ip
10000786:	1cd7      	adds	r7, r2, #3
10000788:	0039      	movs	r1, r7
1000078a:	2201      	movs	r2, #1
1000078c:	61b3      	str	r3, [r6, #24]
1000078e:	f004 fb57 	bl	10004e40 <__spi_write_blocking_veneer>
10000792:	002a      	movs	r2, r5
10000794:	6923      	ldr	r3, [r4, #16]
10000796:	4907      	ldr	r1, [pc, #28]	@ (100007b4 <_ZN6UC81595setupEv+0x3cc>)
10000798:	409a      	lsls	r2, r3
1000079a:	6172      	str	r2, [r6, #20]
1000079c:	e69e      	b.n	100004dc <_ZN6UC81595setupEv+0xf4>
1000079e:	46c0      	nop			@ (mov r8, r8)
100007a0:	7fffffff 	.word	0x7fffffff
100007a4:	ff00ffff 	.word	0xff00ffff
100007a8:	10004ed0 	.word	0x10004ed0
100007ac:	10004ecc 	.word	0x10004ecc
100007b0:	10004ec8 	.word	0x10004ec8
100007b4:	10004ed4 	.word	0x10004ed4
100007b8:	2b00      	cmp	r3, #0
100007ba:	d112      	bne.n	100007e2 <_ZN6UC81595setupEv+0x3fa>
100007bc:	466a      	mov	r2, sp
100007be:	26d0      	movs	r6, #208	@ 0xd0
100007c0:	70d3      	strb	r3, [r2, #3]
100007c2:	4643      	mov	r3, r8
100007c4:	0636      	lsls	r6, r6, #24
100007c6:	61b3      	str	r3, [r6, #24]
100007c8:	4663      	mov	r3, ip
100007ca:	1cd7      	adds	r7, r2, #3
100007cc:	0039      	movs	r1, r7
100007ce:	2201      	movs	r2, #1
100007d0:	61b3      	str	r3, [r6, #24]
100007d2:	f004 fb35 	bl	10004e40 <__spi_write_blocking_veneer>
100007d6:	002a      	movs	r2, r5
100007d8:	6923      	ldr	r3, [r4, #16]
100007da:	490b      	ldr	r1, [pc, #44]	@ (10000808 <_ZN6UC81595setupEv+0x420>)
100007dc:	409a      	lsls	r2, r3
100007de:	6172      	str	r2, [r6, #20]
100007e0:	e67c      	b.n	100004dc <_ZN6UC81595setupEv+0xf4>
100007e2:	466b      	mov	r3, sp
100007e4:	26d0      	movs	r6, #208	@ 0xd0
100007e6:	1cdf      	adds	r7, r3, #3
100007e8:	4643      	mov	r3, r8
100007ea:	0636      	lsls	r6, r6, #24
100007ec:	703a      	strb	r2, [r7, #0]
100007ee:	61b3      	str	r3, [r6, #24]
100007f0:	4663      	mov	r3, ip
100007f2:	2201      	movs	r2, #1
100007f4:	0039      	movs	r1, r7
100007f6:	61b3      	str	r3, [r6, #24]
100007f8:	f004 fb22 	bl	10004e40 <__spi_write_blocking_veneer>
100007fc:	002a      	movs	r2, r5
100007fe:	6923      	ldr	r3, [r4, #16]
10000800:	4902      	ldr	r1, [pc, #8]	@ (1000080c <_ZN6UC81595setupEv+0x424>)
10000802:	409a      	lsls	r2, r3
10000804:	6172      	str	r2, [r6, #20]
10000806:	e669      	b.n	100004dc <_ZN6UC81595setupEv+0xf4>
10000808:	10004edc 	.word	0x10004edc
1000080c:	10004ed8 	.word	0x10004ed8

10000810 <_ZN6UC81596updateEPKhj>:
10000810:	b5f0      	push	{r4, r5, r6, r7, lr}
10000812:	46ce      	mov	lr, r9
10000814:	4647      	mov	r7, r8
10000816:	2330      	movs	r3, #48	@ 0x30
10000818:	b580      	push	{r7, lr}
1000081a:	5cc3      	ldrb	r3, [r0, r3]
1000081c:	0004      	movs	r4, r0
1000081e:	4688      	mov	r8, r1
10000820:	4691      	mov	r9, r2
10000822:	b083      	sub	sp, #12
10000824:	2b00      	cmp	r3, #0
10000826:	d000      	beq.n	1000082a <_ZN6UC81596updateEPKhj+0x1a>
10000828:	e12d      	b.n	10000a86 <_ZN6UC81596updateEPKhj+0x276>
1000082a:	2501      	movs	r5, #1
1000082c:	0020      	movs	r0, r4
1000082e:	f7ff fddb 	bl	100003e8 <_ZN6UC81595setupEv>
10000832:	002a      	movs	r2, r5
10000834:	68e3      	ldr	r3, [r4, #12]
10000836:	26d0      	movs	r6, #208	@ 0xd0
10000838:	409a      	lsls	r2, r3
1000083a:	0636      	lsls	r6, r6, #24
1000083c:	61b2      	str	r2, [r6, #24]
1000083e:	2310      	movs	r3, #16
10000840:	466a      	mov	r2, sp
10000842:	7193      	strb	r3, [r2, #6]
10000844:	002a      	movs	r2, r5
10000846:	6923      	ldr	r3, [r4, #16]
10000848:	68a0      	ldr	r0, [r4, #8]
1000084a:	409a      	lsls	r2, r3
1000084c:	466b      	mov	r3, sp
1000084e:	61b2      	str	r2, [r6, #24]
10000850:	1d99      	adds	r1, r3, #6
10000852:	2201      	movs	r2, #1
10000854:	f004 faf4 	bl	10004e40 <__spi_write_blocking_veneer>
10000858:	002a      	movs	r2, r5
1000085a:	6923      	ldr	r3, [r4, #16]
1000085c:	4641      	mov	r1, r8
1000085e:	409a      	lsls	r2, r3
10000860:	8823      	ldrh	r3, [r4, #0]
10000862:	6172      	str	r2, [r6, #20]
10000864:	005a      	lsls	r2, r3, #1
10000866:	18d2      	adds	r2, r2, r3
10000868:	00d2      	lsls	r2, r2, #3
1000086a:	68a0      	ldr	r0, [r4, #8]
1000086c:	f004 fae8 	bl	10004e40 <__spi_write_blocking_veneer>
10000870:	464a      	mov	r2, r9
10000872:	4641      	mov	r1, r8
10000874:	68a0      	ldr	r0, [r4, #8]
10000876:	f004 fae3 	bl	10004e40 <__spi_write_blocking_veneer>
1000087a:	68e3      	ldr	r3, [r4, #12]
1000087c:	409d      	lsls	r5, r3
1000087e:	6175      	str	r5, [r6, #20]
10000880:	f001 f87c 	bl	1000197c <time_us_64>
10000884:	2900      	cmp	r1, #0
10000886:	da02      	bge.n	1000088e <_ZN6UC81596updateEPKhj+0x7e>
10000888:	2001      	movs	r0, #1
1000088a:	4992      	ldr	r1, [pc, #584]	@ (10000ad4 <_ZN6UC81596updateEPKhj+0x2c4>)
1000088c:	4240      	negs	r0, r0
1000088e:	62a0      	str	r0, [r4, #40]	@ 0x28
10000890:	62e1      	str	r1, [r4, #44]	@ 0x2c
10000892:	69e3      	ldr	r3, [r4, #28]
10000894:	2bff      	cmp	r3, #255	@ 0xff
10000896:	d100      	bne.n	1000089a <_ZN6UC81596updateEPKhj+0x8a>
10000898:	e0d4      	b.n	10000a44 <_ZN6UC81596updateEPKhj+0x234>
1000089a:	2201      	movs	r2, #1
1000089c:	21d0      	movs	r1, #208	@ 0xd0
1000089e:	409a      	lsls	r2, r3
100008a0:	0609      	lsls	r1, r1, #24
100008a2:	6848      	ldr	r0, [r1, #4]
100008a4:	4210      	tst	r0, r2
100008a6:	d102      	bne.n	100008ae <_ZN6UC81596updateEPKhj+0x9e>
100008a8:	684b      	ldr	r3, [r1, #4]
100008aa:	4213      	tst	r3, r2
100008ac:	d0fc      	beq.n	100008a8 <_ZN6UC81596updateEPKhj+0x98>
100008ae:	2501      	movs	r5, #1
100008b0:	2304      	movs	r3, #4
100008b2:	466a      	mov	r2, sp
100008b4:	71d3      	strb	r3, [r2, #7]
100008b6:	002a      	movs	r2, r5
100008b8:	68e3      	ldr	r3, [r4, #12]
100008ba:	26d0      	movs	r6, #208	@ 0xd0
100008bc:	409a      	lsls	r2, r3
100008be:	0636      	lsls	r6, r6, #24
100008c0:	61b2      	str	r2, [r6, #24]
100008c2:	002a      	movs	r2, r5
100008c4:	6923      	ldr	r3, [r4, #16]
100008c6:	68a0      	ldr	r0, [r4, #8]
100008c8:	409a      	lsls	r2, r3
100008ca:	466b      	mov	r3, sp
100008cc:	61b2      	str	r2, [r6, #24]
100008ce:	1dd9      	adds	r1, r3, #7
100008d0:	2201      	movs	r2, #1
100008d2:	f004 fab5 	bl	10004e40 <__spi_write_blocking_veneer>
100008d6:	68e3      	ldr	r3, [r4, #12]
100008d8:	409d      	lsls	r5, r3
100008da:	6175      	str	r5, [r6, #20]
100008dc:	f001 f84e 	bl	1000197c <time_us_64>
100008e0:	2300      	movs	r3, #0
100008e2:	4a7d      	ldr	r2, [pc, #500]	@ (10000ad8 <_ZN6UC81596updateEPKhj+0x2c8>)
100008e4:	1880      	adds	r0, r0, r2
100008e6:	4159      	adcs	r1, r3
100008e8:	0002      	movs	r2, r0
100008ea:	1e0b      	subs	r3, r1, #0
100008ec:	da02      	bge.n	100008f4 <_ZN6UC81596updateEPKhj+0xe4>
100008ee:	2201      	movs	r2, #1
100008f0:	4b78      	ldr	r3, [pc, #480]	@ (10000ad4 <_ZN6UC81596updateEPKhj+0x2c4>)
100008f2:	4252      	negs	r2, r2
100008f4:	62a2      	str	r2, [r4, #40]	@ 0x28
100008f6:	62e3      	str	r3, [r4, #44]	@ 0x2c
100008f8:	69e3      	ldr	r3, [r4, #28]
100008fa:	2bff      	cmp	r3, #255	@ 0xff
100008fc:	d100      	bne.n	10000900 <_ZN6UC81596updateEPKhj+0xf0>
100008fe:	e092      	b.n	10000a26 <_ZN6UC81596updateEPKhj+0x216>
10000900:	2201      	movs	r2, #1
10000902:	21d0      	movs	r1, #208	@ 0xd0
10000904:	409a      	lsls	r2, r3
10000906:	0609      	lsls	r1, r1, #24
10000908:	6848      	ldr	r0, [r1, #4]
1000090a:	4210      	tst	r0, r2
1000090c:	d102      	bne.n	10000914 <_ZN6UC81596updateEPKhj+0x104>
1000090e:	684b      	ldr	r3, [r1, #4]
10000910:	4213      	tst	r3, r2
10000912:	d0fc      	beq.n	1000090e <_ZN6UC81596updateEPKhj+0xfe>
10000914:	2501      	movs	r5, #1
10000916:	2312      	movs	r3, #18
10000918:	466a      	mov	r2, sp
1000091a:	71d3      	strb	r3, [r2, #7]
1000091c:	002a      	movs	r2, r5
1000091e:	68e3      	ldr	r3, [r4, #12]
10000920:	26d0      	movs	r6, #208	@ 0xd0
10000922:	409a      	lsls	r2, r3
10000924:	0636      	lsls	r6, r6, #24
10000926:	61b2      	str	r2, [r6, #24]
10000928:	002a      	movs	r2, r5
1000092a:	6923      	ldr	r3, [r4, #16]
1000092c:	68a0      	ldr	r0, [r4, #8]
1000092e:	409a      	lsls	r2, r3
10000930:	466b      	mov	r3, sp
10000932:	61b2      	str	r2, [r6, #24]
10000934:	1dd9      	adds	r1, r3, #7
10000936:	2201      	movs	r2, #1
10000938:	f004 fa82 	bl	10004e40 <__spi_write_blocking_veneer>
1000093c:	68e3      	ldr	r3, [r4, #12]
1000093e:	409d      	lsls	r5, r3
10000940:	6175      	str	r5, [r6, #20]
10000942:	f001 f81b 	bl	1000197c <time_us_64>
10000946:	2300      	movs	r3, #0
10000948:	4a63      	ldr	r2, [pc, #396]	@ (10000ad8 <_ZN6UC81596updateEPKhj+0x2c8>)
1000094a:	1880      	adds	r0, r0, r2
1000094c:	4159      	adcs	r1, r3
1000094e:	0002      	movs	r2, r0
10000950:	1e0b      	subs	r3, r1, #0
10000952:	da02      	bge.n	1000095a <_ZN6UC81596updateEPKhj+0x14a>
10000954:	2201      	movs	r2, #1
10000956:	4b5f      	ldr	r3, [pc, #380]	@ (10000ad4 <_ZN6UC81596updateEPKhj+0x2c4>)
10000958:	4252      	negs	r2, r2
1000095a:	62a2      	str	r2, [r4, #40]	@ 0x28
1000095c:	62e3      	str	r3, [r4, #44]	@ 0x2c
1000095e:	69e3      	ldr	r3, [r4, #28]
10000960:	2bff      	cmp	r3, #255	@ 0xff
10000962:	d042      	beq.n	100009ea <_ZN6UC81596updateEPKhj+0x1da>
10000964:	2201      	movs	r2, #1
10000966:	21d0      	movs	r1, #208	@ 0xd0
10000968:	409a      	lsls	r2, r3
1000096a:	0609      	lsls	r1, r1, #24
1000096c:	6848      	ldr	r0, [r1, #4]
1000096e:	4210      	tst	r0, r2
10000970:	d102      	bne.n	10000978 <_ZN6UC81596updateEPKhj+0x168>
10000972:	684b      	ldr	r3, [r1, #4]
10000974:	4213      	tst	r3, r2
10000976:	d0fc      	beq.n	10000972 <_ZN6UC81596updateEPKhj+0x162>
10000978:	2330      	movs	r3, #48	@ 0x30
1000097a:	5ce3      	ldrb	r3, [r4, r3]
1000097c:	2b00      	cmp	r3, #0
1000097e:	d043      	beq.n	10000a08 <_ZN6UC81596updateEPKhj+0x1f8>
10000980:	f000 fffc 	bl	1000197c <time_us_64>
10000984:	2300      	movs	r3, #0
10000986:	4a55      	ldr	r2, [pc, #340]	@ (10000adc <_ZN6UC81596updateEPKhj+0x2cc>)
10000988:	1880      	adds	r0, r0, r2
1000098a:	4159      	adcs	r1, r3
1000098c:	0002      	movs	r2, r0
1000098e:	1e0b      	subs	r3, r1, #0
10000990:	da00      	bge.n	10000994 <_ZN6UC81596updateEPKhj+0x184>
10000992:	e074      	b.n	10000a7e <_ZN6UC81596updateEPKhj+0x26e>
10000994:	62a2      	str	r2, [r4, #40]	@ 0x28
10000996:	62e3      	str	r3, [r4, #44]	@ 0x2c
10000998:	69e3      	ldr	r3, [r4, #28]
1000099a:	2bff      	cmp	r3, #255	@ 0xff
1000099c:	d061      	beq.n	10000a62 <_ZN6UC81596updateEPKhj+0x252>
1000099e:	2201      	movs	r2, #1
100009a0:	21d0      	movs	r1, #208	@ 0xd0
100009a2:	409a      	lsls	r2, r3
100009a4:	0609      	lsls	r1, r1, #24
100009a6:	6848      	ldr	r0, [r1, #4]
100009a8:	4210      	tst	r0, r2
100009aa:	d102      	bne.n	100009b2 <_ZN6UC81596updateEPKhj+0x1a2>
100009ac:	684b      	ldr	r3, [r1, #4]
100009ae:	4213      	tst	r3, r2
100009b0:	d0fc      	beq.n	100009ac <_ZN6UC81596updateEPKhj+0x19c>
100009b2:	2501      	movs	r5, #1
100009b4:	2302      	movs	r3, #2
100009b6:	466a      	mov	r2, sp
100009b8:	71d3      	strb	r3, [r2, #7]
100009ba:	002a      	movs	r2, r5
100009bc:	68e3      	ldr	r3, [r4, #12]
100009be:	26d0      	movs	r6, #208	@ 0xd0
100009c0:	409a      	lsls	r2, r3
100009c2:	0636      	lsls	r6, r6, #24
100009c4:	61b2      	str	r2, [r6, #24]
100009c6:	002a      	movs	r2, r5
100009c8:	6923      	ldr	r3, [r4, #16]
100009ca:	68a0      	ldr	r0, [r4, #8]
100009cc:	409a      	lsls	r2, r3
100009ce:	466b      	mov	r3, sp
100009d0:	61b2      	str	r2, [r6, #24]
100009d2:	1dd9      	adds	r1, r3, #7
100009d4:	2201      	movs	r2, #1
100009d6:	f004 fa33 	bl	10004e40 <__spi_write_blocking_veneer>
100009da:	68e3      	ldr	r3, [r4, #12]
100009dc:	409d      	lsls	r5, r3
100009de:	6175      	str	r5, [r6, #20]
100009e0:	b003      	add	sp, #12
100009e2:	bcc0      	pop	{r6, r7}
100009e4:	46b9      	mov	r9, r7
100009e6:	46b0      	mov	r8, r6
100009e8:	bdf0      	pop	{r4, r5, r6, r7, pc}
100009ea:	f000 ffc7 	bl	1000197c <time_us_64>
100009ee:	6aa2      	ldr	r2, [r4, #40]	@ 0x28
100009f0:	6ae3      	ldr	r3, [r4, #44]	@ 0x2c
100009f2:	1a12      	subs	r2, r2, r0
100009f4:	418b      	sbcs	r3, r1
100009f6:	2b00      	cmp	r3, #0
100009f8:	dcb1      	bgt.n	1000095e <_ZN6UC81596updateEPKhj+0x14e>
100009fa:	d1bd      	bne.n	10000978 <_ZN6UC81596updateEPKhj+0x168>
100009fc:	2a00      	cmp	r2, #0
100009fe:	d1ae      	bne.n	1000095e <_ZN6UC81596updateEPKhj+0x14e>
10000a00:	2330      	movs	r3, #48	@ 0x30
10000a02:	5ce3      	ldrb	r3, [r4, r3]
10000a04:	2b00      	cmp	r3, #0
10000a06:	d1bb      	bne.n	10000980 <_ZN6UC81596updateEPKhj+0x170>
10000a08:	f000 ffb8 	bl	1000197c <time_us_64>
10000a0c:	2300      	movs	r3, #0
10000a0e:	4a33      	ldr	r2, [pc, #204]	@ (10000adc <_ZN6UC81596updateEPKhj+0x2cc>)
10000a10:	1880      	adds	r0, r0, r2
10000a12:	4159      	adcs	r1, r3
10000a14:	0002      	movs	r2, r0
10000a16:	1e0b      	subs	r3, r1, #0
10000a18:	da02      	bge.n	10000a20 <_ZN6UC81596updateEPKhj+0x210>
10000a1a:	2201      	movs	r2, #1
10000a1c:	4b2d      	ldr	r3, [pc, #180]	@ (10000ad4 <_ZN6UC81596updateEPKhj+0x2c4>)
10000a1e:	4252      	negs	r2, r2
10000a20:	62a2      	str	r2, [r4, #40]	@ 0x28
10000a22:	62e3      	str	r3, [r4, #44]	@ 0x2c
10000a24:	e7dc      	b.n	100009e0 <_ZN6UC81596updateEPKhj+0x1d0>
10000a26:	f000 ffa9 	bl	1000197c <time_us_64>
10000a2a:	6aa2      	ldr	r2, [r4, #40]	@ 0x28
10000a2c:	6ae3      	ldr	r3, [r4, #44]	@ 0x2c
10000a2e:	1a12      	subs	r2, r2, r0
10000a30:	418b      	sbcs	r3, r1
10000a32:	2b00      	cmp	r3, #0
10000a34:	dd00      	ble.n	10000a38 <_ZN6UC81596updateEPKhj+0x228>
10000a36:	e75f      	b.n	100008f8 <_ZN6UC81596updateEPKhj+0xe8>
10000a38:	d000      	beq.n	10000a3c <_ZN6UC81596updateEPKhj+0x22c>
10000a3a:	e76b      	b.n	10000914 <_ZN6UC81596updateEPKhj+0x104>
10000a3c:	2a00      	cmp	r2, #0
10000a3e:	d000      	beq.n	10000a42 <_ZN6UC81596updateEPKhj+0x232>
10000a40:	e75a      	b.n	100008f8 <_ZN6UC81596updateEPKhj+0xe8>
10000a42:	e767      	b.n	10000914 <_ZN6UC81596updateEPKhj+0x104>
10000a44:	f000 ff9a 	bl	1000197c <time_us_64>
10000a48:	6aa2      	ldr	r2, [r4, #40]	@ 0x28
10000a4a:	6ae3      	ldr	r3, [r4, #44]	@ 0x2c
10000a4c:	1a12      	subs	r2, r2, r0
10000a4e:	418b      	sbcs	r3, r1
10000a50:	2b00      	cmp	r3, #0
10000a52:	dd00      	ble.n	10000a56 <_ZN6UC81596updateEPKhj+0x246>
10000a54:	e71d      	b.n	10000892 <_ZN6UC81596updateEPKhj+0x82>
10000a56:	d000      	beq.n	10000a5a <_ZN6UC81596updateEPKhj+0x24a>
10000a58:	e729      	b.n	100008ae <_ZN6UC81596updateEPKhj+0x9e>
10000a5a:	2a00      	cmp	r2, #0
10000a5c:	d000      	beq.n	10000a60 <_ZN6UC81596updateEPKhj+0x250>
10000a5e:	e718      	b.n	10000892 <_ZN6UC81596updateEPKhj+0x82>
10000a60:	e725      	b.n	100008ae <_ZN6UC81596updateEPKhj+0x9e>
10000a62:	f000 ff8b 	bl	1000197c <time_us_64>
10000a66:	6aa2      	ldr	r2, [r4, #40]	@ 0x28
10000a68:	6ae3      	ldr	r3, [r4, #44]	@ 0x2c
10000a6a:	1a12      	subs	r2, r2, r0
10000a6c:	418b      	sbcs	r3, r1
10000a6e:	2b00      	cmp	r3, #0
10000a70:	dd00      	ble.n	10000a74 <_ZN6UC81596updateEPKhj+0x264>
10000a72:	e791      	b.n	10000998 <_ZN6UC81596updateEPKhj+0x188>
10000a74:	d19d      	bne.n	100009b2 <_ZN6UC81596updateEPKhj+0x1a2>
10000a76:	2a00      	cmp	r2, #0
10000a78:	d000      	beq.n	10000a7c <_ZN6UC81596updateEPKhj+0x26c>
10000a7a:	e78d      	b.n	10000998 <_ZN6UC81596updateEPKhj+0x188>
10000a7c:	e799      	b.n	100009b2 <_ZN6UC81596updateEPKhj+0x1a2>
10000a7e:	2201      	movs	r2, #1
10000a80:	4b14      	ldr	r3, [pc, #80]	@ (10000ad4 <_ZN6UC81596updateEPKhj+0x2c4>)
10000a82:	4252      	negs	r2, r2
10000a84:	e786      	b.n	10000994 <_ZN6UC81596updateEPKhj+0x184>
10000a86:	f000 ff79 	bl	1000197c <time_us_64>
10000a8a:	2900      	cmp	r1, #0
10000a8c:	db1d      	blt.n	10000aca <_ZN6UC81596updateEPKhj+0x2ba>
10000a8e:	62a0      	str	r0, [r4, #40]	@ 0x28
10000a90:	62e1      	str	r1, [r4, #44]	@ 0x2c
10000a92:	69e3      	ldr	r3, [r4, #28]
10000a94:	2bff      	cmp	r3, #255	@ 0xff
10000a96:	d00b      	beq.n	10000ab0 <_ZN6UC81596updateEPKhj+0x2a0>
10000a98:	2201      	movs	r2, #1
10000a9a:	21d0      	movs	r1, #208	@ 0xd0
10000a9c:	409a      	lsls	r2, r3
10000a9e:	0609      	lsls	r1, r1, #24
10000aa0:	6848      	ldr	r0, [r1, #4]
10000aa2:	4210      	tst	r0, r2
10000aa4:	d000      	beq.n	10000aa8 <_ZN6UC81596updateEPKhj+0x298>
10000aa6:	e6c0      	b.n	1000082a <_ZN6UC81596updateEPKhj+0x1a>
10000aa8:	684b      	ldr	r3, [r1, #4]
10000aaa:	421a      	tst	r2, r3
10000aac:	d0fc      	beq.n	10000aa8 <_ZN6UC81596updateEPKhj+0x298>
10000aae:	e6bc      	b.n	1000082a <_ZN6UC81596updateEPKhj+0x1a>
10000ab0:	f000 ff64 	bl	1000197c <time_us_64>
10000ab4:	6aa6      	ldr	r6, [r4, #40]	@ 0x28
10000ab6:	6ae7      	ldr	r7, [r4, #44]	@ 0x2c
10000ab8:	1a36      	subs	r6, r6, r0
10000aba:	418f      	sbcs	r7, r1
10000abc:	2f00      	cmp	r7, #0
10000abe:	dce8      	bgt.n	10000a92 <_ZN6UC81596updateEPKhj+0x282>
10000ac0:	d000      	beq.n	10000ac4 <_ZN6UC81596updateEPKhj+0x2b4>
10000ac2:	e6b2      	b.n	1000082a <_ZN6UC81596updateEPKhj+0x1a>
10000ac4:	2e00      	cmp	r6, #0
10000ac6:	d1e4      	bne.n	10000a92 <_ZN6UC81596updateEPKhj+0x282>
10000ac8:	e6af      	b.n	1000082a <_ZN6UC81596updateEPKhj+0x1a>
10000aca:	2001      	movs	r0, #1
10000acc:	4901      	ldr	r1, [pc, #4]	@ (10000ad4 <_ZN6UC81596updateEPKhj+0x2c4>)
10000ace:	4240      	negs	r0, r0
10000ad0:	e7dd      	b.n	10000a8e <_ZN6UC81596updateEPKhj+0x27e>
10000ad2:	46c0      	nop			@ (mov r8, r8)
10000ad4:	7fffffff 	.word	0x7fffffff
10000ad8:	00030d40 	.word	0x00030d40
10000adc:	01e84800 	.word	0x01e84800

10000ae0 <gpio_set_function>:
10000ae0:	4a09      	ldr	r2, [pc, #36]	@ (10000b08 <gpio_set_function+0x28>)
10000ae2:	0083      	lsls	r3, r0, #2
10000ae4:	189a      	adds	r2, r3, r2
10000ae6:	b510      	push	{r4, lr}
10000ae8:	6814      	ldr	r4, [r2, #0]
10000aea:	2240      	movs	r2, #64	@ 0x40
10000aec:	4054      	eors	r4, r2
10000aee:	3280      	adds	r2, #128	@ 0x80
10000af0:	4022      	ands	r2, r4
10000af2:	4c06      	ldr	r4, [pc, #24]	@ (10000b0c <gpio_set_function+0x2c>)
10000af4:	00c0      	lsls	r0, r0, #3
10000af6:	46a4      	mov	ip, r4
10000af8:	4463      	add	r3, ip
10000afa:	601a      	str	r2, [r3, #0]
10000afc:	4b04      	ldr	r3, [pc, #16]	@ (10000b10 <gpio_set_function+0x30>)
10000afe:	469c      	mov	ip, r3
10000b00:	4460      	add	r0, ip
10000b02:	6041      	str	r1, [r0, #4]
10000b04:	bd10      	pop	{r4, pc}
10000b06:	46c0      	nop			@ (mov r8, r8)
10000b08:	4001c004 	.word	0x4001c004
10000b0c:	4001d004 	.word	0x4001d004
10000b10:	40014000 	.word	0x40014000

10000b14 <gpio_set_pulls>:
10000b14:	4b07      	ldr	r3, [pc, #28]	@ (10000b34 <gpio_set_pulls+0x20>)
10000b16:	0080      	lsls	r0, r0, #2
10000b18:	18c3      	adds	r3, r0, r3
10000b1a:	681b      	ldr	r3, [r3, #0]
10000b1c:	00c9      	lsls	r1, r1, #3
10000b1e:	0092      	lsls	r2, r2, #2
10000b20:	430a      	orrs	r2, r1
10000b22:	405a      	eors	r2, r3
10000b24:	230c      	movs	r3, #12
10000b26:	4013      	ands	r3, r2
10000b28:	4a03      	ldr	r2, [pc, #12]	@ (10000b38 <gpio_set_pulls+0x24>)
10000b2a:	4694      	mov	ip, r2
10000b2c:	4460      	add	r0, ip
10000b2e:	6003      	str	r3, [r0, #0]
10000b30:	4770      	bx	lr
10000b32:	46c0      	nop			@ (mov r8, r8)
10000b34:	4001c004 	.word	0x4001c004
10000b38:	4001d004 	.word	0x4001d004

10000b3c <gpio_init>:
10000b3c:	2301      	movs	r3, #1
10000b3e:	22d0      	movs	r2, #208	@ 0xd0
10000b40:	4083      	lsls	r3, r0
10000b42:	0612      	lsls	r2, r2, #24
10000b44:	6293      	str	r3, [r2, #40]	@ 0x28
10000b46:	6193      	str	r3, [r2, #24]
10000b48:	4a09      	ldr	r2, [pc, #36]	@ (10000b70 <gpio_init+0x34>)
10000b4a:	0083      	lsls	r3, r0, #2
10000b4c:	189a      	adds	r2, r3, r2
10000b4e:	6811      	ldr	r1, [r2, #0]
10000b50:	2240      	movs	r2, #64	@ 0x40
10000b52:	4051      	eors	r1, r2
10000b54:	3280      	adds	r2, #128	@ 0x80
10000b56:	400a      	ands	r2, r1
10000b58:	4906      	ldr	r1, [pc, #24]	@ (10000b74 <gpio_init+0x38>)
10000b5a:	00c0      	lsls	r0, r0, #3
10000b5c:	468c      	mov	ip, r1
10000b5e:	4463      	add	r3, ip
10000b60:	601a      	str	r2, [r3, #0]
10000b62:	4b05      	ldr	r3, [pc, #20]	@ (10000b78 <gpio_init+0x3c>)
10000b64:	469c      	mov	ip, r3
10000b66:	2305      	movs	r3, #5
10000b68:	4460      	add	r0, ip
10000b6a:	6043      	str	r3, [r0, #4]
10000b6c:	4770      	bx	lr
10000b6e:	46c0      	nop			@ (mov r8, r8)
10000b70:	4001c004 	.word	0x4001c004
10000b74:	4001d004 	.word	0x4001d004
10000b78:	40014000 	.word	0x40014000

10000b7c <rp2040_chip_version>:
10000b7c:	2380      	movs	r3, #128	@ 0x80
10000b7e:	05db      	lsls	r3, r3, #23
10000b80:	6818      	ldr	r0, [r3, #0]
10000b82:	0f00      	lsrs	r0, r0, #28
10000b84:	4770      	bx	lr
10000b86:	46c0      	nop			@ (mov r8, r8)

10000b88 <panic>:
10000b88:	b40f      	push	{r0, r1, r2, r3}
10000b8a:	b500      	push	{lr}
10000b8c:	4808      	ldr	r0, [pc, #32]	@ (10000bb0 <panic+0x28>)
10000b8e:	b083      	sub	sp, #12
10000b90:	f001 fc56 	bl	10002440 <__wrap_puts>
10000b94:	9b04      	ldr	r3, [sp, #16]
10000b96:	2b00      	cmp	r3, #0
10000b98:	d007      	beq.n	10000baa <panic+0x22>
10000b9a:	a905      	add	r1, sp, #20
10000b9c:	0018      	movs	r0, r3
10000b9e:	9101      	str	r1, [sp, #4]
10000ba0:	f001 fad6 	bl	10002150 <weak_raw_vprintf>
10000ba4:	4803      	ldr	r0, [pc, #12]	@ (10000bb4 <panic+0x2c>)
10000ba6:	f001 fc4b 	bl	10002440 <__wrap_puts>
10000baa:	2001      	movs	r0, #1
10000bac:	f001 fae8 	bl	10002180 <_exit>
10000bb0:	10004ee0 	.word	0x10004ee0
10000bb4:	10004ef0 	.word	0x10004ef0

10000bb8 <hw_claim_or_assert>:
10000bb8:	b570      	push	{r4, r5, r6, lr}
10000bba:	f3ef 8c10 	mrs	ip, PRIMASK
10000bbe:	b672      	cpsid	i
10000bc0:	4d0d      	ldr	r5, [pc, #52]	@ (10000bf8 <hw_claim_or_assert+0x40>)
10000bc2:	682b      	ldr	r3, [r5, #0]
10000bc4:	2b00      	cmp	r3, #0
10000bc6:	d0fc      	beq.n	10000bc2 <hw_claim_or_assert+0xa>
10000bc8:	f3bf 8f5f 	dmb	sy
10000bcc:	2407      	movs	r4, #7
10000bce:	08cb      	lsrs	r3, r1, #3
10000bd0:	18c6      	adds	r6, r0, r3
10000bd2:	5cc0      	ldrb	r0, [r0, r3]
10000bd4:	2301      	movs	r3, #1
10000bd6:	400c      	ands	r4, r1
10000bd8:	40a3      	lsls	r3, r4
10000bda:	001c      	movs	r4, r3
10000bdc:	4004      	ands	r4, r0
10000bde:	4203      	tst	r3, r0
10000be0:	d107      	bne.n	10000bf2 <hw_claim_or_assert+0x3a>
10000be2:	4318      	orrs	r0, r3
10000be4:	7030      	strb	r0, [r6, #0]
10000be6:	f3bf 8f5f 	dmb	sy
10000bea:	602c      	str	r4, [r5, #0]
10000bec:	f38c 8810 	msr	PRIMASK, ip
10000bf0:	bd70      	pop	{r4, r5, r6, pc}
10000bf2:	0010      	movs	r0, r2
10000bf4:	f7ff ffc8 	bl	10000b88 <panic>
10000bf8:	d000012c 	.word	0xd000012c

10000bfc <hw_claim_unused_from_range>:
10000bfc:	b5f8      	push	{r3, r4, r5, r6, r7, lr}
10000bfe:	4647      	mov	r7, r8
10000c00:	46ce      	mov	lr, r9
10000c02:	4688      	mov	r8, r1
10000c04:	b580      	push	{r7, lr}
10000c06:	f3ef 8c10 	mrs	ip, PRIMASK
10000c0a:	b672      	cpsid	i
10000c0c:	4d1c      	ldr	r5, [pc, #112]	@ (10000c80 <hw_claim_unused_from_range+0x84>)
10000c0e:	682c      	ldr	r4, [r5, #0]
10000c10:	2c00      	cmp	r4, #0
10000c12:	d0fc      	beq.n	10000c0e <hw_claim_unused_from_range+0x12>
10000c14:	f3bf 8f5f 	dmb	sy
10000c18:	429a      	cmp	r2, r3
10000c1a:	d822      	bhi.n	10000c62 <hw_claim_unused_from_range+0x66>
10000c1c:	2107      	movs	r1, #7
10000c1e:	2601      	movs	r6, #1
10000c20:	4689      	mov	r9, r1
10000c22:	e002      	b.n	10000c2a <hw_claim_unused_from_range+0x2e>
10000c24:	3201      	adds	r2, #1
10000c26:	4293      	cmp	r3, r2
10000c28:	d318      	bcc.n	10000c5c <hw_claim_unused_from_range+0x60>
10000c2a:	464d      	mov	r5, r9
10000c2c:	0037      	movs	r7, r6
10000c2e:	4015      	ands	r5, r2
10000c30:	40af      	lsls	r7, r5
10000c32:	08d4      	lsrs	r4, r2, #3
10000c34:	1901      	adds	r1, r0, r4
10000c36:	5d04      	ldrb	r4, [r0, r4]
10000c38:	4227      	tst	r7, r4
10000c3a:	d1f3      	bne.n	10000c24 <hw_claim_unused_from_range+0x28>
10000c3c:	0010      	movs	r0, r2
10000c3e:	433c      	orrs	r4, r7
10000c40:	700c      	strb	r4, [r1, #0]
10000c42:	f3bf 8f5f 	dmb	sy
10000c46:	2200      	movs	r2, #0
10000c48:	4b0d      	ldr	r3, [pc, #52]	@ (10000c80 <hw_claim_unused_from_range+0x84>)
10000c4a:	601a      	str	r2, [r3, #0]
10000c4c:	f38c 8810 	msr	PRIMASK, ip
10000c50:	2800      	cmp	r0, #0
10000c52:	db0e      	blt.n	10000c72 <hw_claim_unused_from_range+0x76>
10000c54:	bcc0      	pop	{r6, r7}
10000c56:	46b9      	mov	r9, r7
10000c58:	46b0      	mov	r8, r6
10000c5a:	bdf8      	pop	{r3, r4, r5, r6, r7, pc}
10000c5c:	2001      	movs	r0, #1
10000c5e:	4240      	negs	r0, r0
10000c60:	e7ef      	b.n	10000c42 <hw_claim_unused_from_range+0x46>
10000c62:	f3bf 8f5f 	dmb	sy
10000c66:	2300      	movs	r3, #0
10000c68:	602b      	str	r3, [r5, #0]
10000c6a:	f38c 8810 	msr	PRIMASK, ip
10000c6e:	2001      	movs	r0, #1
10000c70:	4240      	negs	r0, r0
10000c72:	4643      	mov	r3, r8
10000c74:	2b00      	cmp	r3, #0
10000c76:	d0ed      	beq.n	10000c54 <hw_claim_unused_from_range+0x58>
10000c78:	9808      	ldr	r0, [sp, #32]
10000c7a:	f7ff ff85 	bl	10000b88 <panic>
10000c7e:	46c0      	nop			@ (mov r8, r8)
10000c80:	d000012c 	.word	0xd000012c

10000c84 <next_striped_spin_lock_num>:
10000c84:	4a04      	ldr	r2, [pc, #16]	@ (10000c98 <next_striped_spin_lock_num+0x14>)
10000c86:	7810      	ldrb	r0, [r2, #0]
10000c88:	1c43      	adds	r3, r0, #1
10000c8a:	b2db      	uxtb	r3, r3
10000c8c:	2b17      	cmp	r3, #23
10000c8e:	d900      	bls.n	10000c92 <next_striped_spin_lock_num+0xe>
10000c90:	2310      	movs	r3, #16
10000c92:	7013      	strb	r3, [r2, #0]
10000c94:	4770      	bx	lr
10000c96:	46c0      	nop			@ (mov r8, r8)
10000c98:	20000fe0 	.word	0x20000fe0

10000c9c <spin_lock_claim_unused>:
10000c9c:	b510      	push	{r4, lr}
10000c9e:	4b06      	ldr	r3, [pc, #24]	@ (10000cb8 <spin_lock_claim_unused+0x1c>)
10000ca0:	4c06      	ldr	r4, [pc, #24]	@ (10000cbc <spin_lock_claim_unused+0x20>)
10000ca2:	b082      	sub	sp, #8
10000ca4:	0001      	movs	r1, r0
10000ca6:	9300      	str	r3, [sp, #0]
10000ca8:	2218      	movs	r2, #24
10000caa:	231f      	movs	r3, #31
10000cac:	0020      	movs	r0, r4
10000cae:	f7ff ffa5 	bl	10000bfc <hw_claim_unused_from_range>
10000cb2:	b002      	add	sp, #8
10000cb4:	bd10      	pop	{r4, pc}
10000cb6:	46c0      	nop			@ (mov r8, r8)
10000cb8:	10004ef4 	.word	0x10004ef4
10000cbc:	20001a10 	.word	0x20001a10

10000cc0 <spin_locks_reset>:
10000cc0:	2100      	movs	r1, #0
10000cc2:	4b04      	ldr	r3, [pc, #16]	@ (10000cd4 <spin_locks_reset+0x14>)
10000cc4:	4a04      	ldr	r2, [pc, #16]	@ (10000cd8 <spin_locks_reset+0x18>)
10000cc6:	f3bf 8f5f 	dmb	sy
10000cca:	c302      	stmia	r3!, {r1}
10000ccc:	4293      	cmp	r3, r2
10000cce:	d1fa      	bne.n	10000cc6 <spin_locks_reset+0x6>
10000cd0:	4770      	bx	lr
10000cd2:	46c0      	nop			@ (mov r8, r8)
10000cd4:	d0000100 	.word	0xd0000100
10000cd8:	d0000180 	.word	0xd0000180

10000cdc <runtime_init_per_core_irq_priorities>:
10000cdc:	4b05      	ldr	r3, [pc, #20]	@ (10000cf4 <runtime_init_per_core_irq_priorities+0x18>)
10000cde:	4a06      	ldr	r2, [pc, #24]	@ (10000cf8 <runtime_init_per_core_irq_priorities+0x1c>)
10000ce0:	6013      	str	r3, [r2, #0]
10000ce2:	4a06      	ldr	r2, [pc, #24]	@ (10000cfc <runtime_init_per_core_irq_priorities+0x20>)
10000ce4:	6013      	str	r3, [r2, #0]
10000ce6:	6053      	str	r3, [r2, #4]
10000ce8:	6093      	str	r3, [r2, #8]
10000cea:	60d3      	str	r3, [r2, #12]
10000cec:	6113      	str	r3, [r2, #16]
10000cee:	6153      	str	r3, [r2, #20]
10000cf0:	6193      	str	r3, [r2, #24]
10000cf2:	4770      	bx	lr
10000cf4:	80808080 	.word	0x80808080
10000cf8:	e000e400 	.word	0xe000e400
10000cfc:	e000e404 	.word	0xe000e404

10000d00 <irq_set_enabled>:
10000d00:	231f      	movs	r3, #31
10000d02:	4018      	ands	r0, r3
10000d04:	3b1e      	subs	r3, #30
10000d06:	4083      	lsls	r3, r0
10000d08:	2900      	cmp	r1, #0
10000d0a:	d005      	beq.n	10000d18 <irq_set_enabled+0x18>
10000d0c:	21c0      	movs	r1, #192	@ 0xc0
10000d0e:	4a04      	ldr	r2, [pc, #16]	@ (10000d20 <irq_set_enabled+0x20>)
10000d10:	0049      	lsls	r1, r1, #1
10000d12:	5053      	str	r3, [r2, r1]
10000d14:	6013      	str	r3, [r2, #0]
10000d16:	4770      	bx	lr
10000d18:	2280      	movs	r2, #128	@ 0x80
10000d1a:	4901      	ldr	r1, [pc, #4]	@ (10000d20 <irq_set_enabled+0x20>)
10000d1c:	508b      	str	r3, [r1, r2]
10000d1e:	e7fa      	b.n	10000d16 <irq_set_enabled+0x16>
10000d20:	e000e100 	.word	0xe000e100

10000d24 <irq_is_enabled>:
10000d24:	2201      	movs	r2, #1
10000d26:	4082      	lsls	r2, r0
10000d28:	4b03      	ldr	r3, [pc, #12]	@ (10000d38 <irq_is_enabled+0x14>)
10000d2a:	681b      	ldr	r3, [r3, #0]
10000d2c:	4013      	ands	r3, r2
10000d2e:	1e5a      	subs	r2, r3, #1
10000d30:	4193      	sbcs	r3, r2
10000d32:	b2d8      	uxtb	r0, r3
10000d34:	4770      	bx	lr
10000d36:	46c0      	nop			@ (mov r8, r8)
10000d38:	e000e100 	.word	0xe000e100

10000d3c <irq_set_pending>:
10000d3c:	2301      	movs	r3, #1
10000d3e:	4083      	lsls	r3, r0
10000d40:	4a01      	ldr	r2, [pc, #4]	@ (10000d48 <irq_set_pending+0xc>)
10000d42:	6013      	str	r3, [r2, #0]
10000d44:	4770      	bx	lr
10000d46:	46c0      	nop			@ (mov r8, r8)
10000d48:	e000e200 	.word	0xe000e200

10000d4c <irq_has_shared_handler>:
10000d4c:	4b06      	ldr	r3, [pc, #24]	@ (10000d68 <irq_has_shared_handler+0x1c>)
10000d4e:	3010      	adds	r0, #16
10000d50:	689b      	ldr	r3, [r3, #8]
10000d52:	0080      	lsls	r0, r0, #2
10000d54:	58c3      	ldr	r3, [r0, r3]
10000d56:	4a05      	ldr	r2, [pc, #20]	@ (10000d6c <irq_has_shared_handler+0x20>)
10000d58:	2000      	movs	r0, #0
10000d5a:	1a9b      	subs	r3, r3, r2
10000d5c:	222f      	movs	r2, #47	@ 0x2f
10000d5e:	429a      	cmp	r2, r3
10000d60:	4140      	adcs	r0, r0
10000d62:	b2c0      	uxtb	r0, r0
10000d64:	4770      	bx	lr
10000d66:	46c0      	nop			@ (mov r8, r8)
10000d68:	e000ed00 	.word	0xe000ed00
10000d6c:	20000fe4 	.word	0x20000fe4

10000d70 <irq_set_exclusive_handler>:
10000d70:	b570      	push	{r4, r5, r6, lr}
10000d72:	000d      	movs	r5, r1
10000d74:	f3ef 8610 	mrs	r6, PRIMASK
10000d78:	b672      	cpsid	i
10000d7a:	4a0f      	ldr	r2, [pc, #60]	@ (10000db8 <irq_set_exclusive_handler+0x48>)
10000d7c:	6813      	ldr	r3, [r2, #0]
10000d7e:	2b00      	cmp	r3, #0
10000d80:	d0fc      	beq.n	10000d7c <irq_set_exclusive_handler+0xc>
10000d82:	f3bf 8f5f 	dmb	sy
10000d86:	4b0d      	ldr	r3, [pc, #52]	@ (10000dbc <irq_set_exclusive_handler+0x4c>)
10000d88:	3010      	adds	r0, #16
10000d8a:	689b      	ldr	r3, [r3, #8]
10000d8c:	0084      	lsls	r4, r0, #2
10000d8e:	591b      	ldr	r3, [r3, r4]
10000d90:	4a0b      	ldr	r2, [pc, #44]	@ (10000dc0 <irq_set_exclusive_handler+0x50>)
10000d92:	4293      	cmp	r3, r2
10000d94:	d003      	beq.n	10000d9e <irq_set_exclusive_handler+0x2e>
10000d96:	429d      	cmp	r5, r3
10000d98:	d001      	beq.n	10000d9e <irq_set_exclusive_handler+0x2e>
10000d9a:	f000 ffff 	bl	10001d9c <hard_assertion_failure>
10000d9e:	4b07      	ldr	r3, [pc, #28]	@ (10000dbc <irq_set_exclusive_handler+0x4c>)
10000da0:	689b      	ldr	r3, [r3, #8]
10000da2:	511d      	str	r5, [r3, r4]
10000da4:	f3bf 8f5f 	dmb	sy
10000da8:	f3bf 8f5f 	dmb	sy
10000dac:	2200      	movs	r2, #0
10000dae:	4b02      	ldr	r3, [pc, #8]	@ (10000db8 <irq_set_exclusive_handler+0x48>)
10000db0:	601a      	str	r2, [r3, #0]
10000db2:	f386 8810 	msr	PRIMASK, r6
10000db6:	bd70      	pop	{r4, r5, r6, pc}
10000db8:	d0000124 	.word	0xd0000124
10000dbc:	e000ed00 	.word	0xe000ed00
10000dc0:	100001cd 	.word	0x100001cd

10000dc4 <irq_add_shared_handler>:
10000dc4:	b5f0      	push	{r4, r5, r6, r7, lr}
10000dc6:	4657      	mov	r7, sl
10000dc8:	464e      	mov	r6, r9
10000dca:	46de      	mov	lr, fp
10000dcc:	4645      	mov	r5, r8
10000dce:	b5e0      	push	{r5, r6, r7, lr}
10000dd0:	b085      	sub	sp, #20
10000dd2:	0006      	movs	r6, r0
10000dd4:	9100      	str	r1, [sp, #0]
10000dd6:	0017      	movs	r7, r2
10000dd8:	f3ef 8b10 	mrs	fp, PRIMASK
10000ddc:	b672      	cpsid	i
10000dde:	4a6a      	ldr	r2, [pc, #424]	@ (10000f88 <irq_add_shared_handler+0x1c4>)
10000de0:	6813      	ldr	r3, [r2, #0]
10000de2:	2b00      	cmp	r3, #0
10000de4:	d0fc      	beq.n	10000de0 <irq_add_shared_handler+0x1c>
10000de6:	f3bf 8f5f 	dmb	sy
10000dea:	2500      	movs	r5, #0
10000dec:	4b67      	ldr	r3, [pc, #412]	@ (10000f8c <irq_add_shared_handler+0x1c8>)
10000dee:	575d      	ldrsb	r5, [r3, r5]
10000df0:	469a      	mov	sl, r3
10000df2:	2d00      	cmp	r5, #0
10000df4:	da00      	bge.n	10000df8 <irq_add_shared_handler+0x34>
10000df6:	e0a9      	b.n	10000f4c <irq_add_shared_handler+0x188>
10000df8:	006b      	lsls	r3, r5, #1
10000dfa:	4c65      	ldr	r4, [pc, #404]	@ (10000f90 <irq_add_shared_handler+0x1cc>)
10000dfc:	9301      	str	r3, [sp, #4]
10000dfe:	195b      	adds	r3, r3, r5
10000e00:	009b      	lsls	r3, r3, #2
10000e02:	4698      	mov	r8, r3
10000e04:	46a1      	mov	r9, r4
10000e06:	44c1      	add	r9, r8
10000e08:	464b      	mov	r3, r9
10000e0a:	4652      	mov	r2, sl
10000e0c:	799b      	ldrb	r3, [r3, #6]
10000e0e:	3610      	adds	r6, #16
10000e10:	7013      	strb	r3, [r2, #0]
10000e12:	4b60      	ldr	r3, [pc, #384]	@ (10000f94 <irq_add_shared_handler+0x1d0>)
10000e14:	00b6      	lsls	r6, r6, #2
10000e16:	689b      	ldr	r3, [r3, #8]
10000e18:	5999      	ldr	r1, [r3, r6]
10000e1a:	1b0b      	subs	r3, r1, r4
10000e1c:	2b2f      	cmp	r3, #47	@ 0x2f
10000e1e:	d933      	bls.n	10000e88 <irq_add_shared_handler+0xc4>
10000e20:	4b5d      	ldr	r3, [pc, #372]	@ (10000f98 <irq_add_shared_handler+0x1d4>)
10000e22:	4299      	cmp	r1, r3
10000e24:	d000      	beq.n	10000e28 <irq_add_shared_handler+0x64>
10000e26:	e0ac      	b.n	10000f82 <irq_add_shared_handler+0x1be>
10000e28:	9b01      	ldr	r3, [sp, #4]
10000e2a:	4642      	mov	r2, r8
10000e2c:	469c      	mov	ip, r3
10000e2e:	4b5b      	ldr	r3, [pc, #364]	@ (10000f9c <irq_add_shared_handler+0x1d8>)
10000e30:	4465      	add	r5, ip
10000e32:	00ad      	lsls	r5, r5, #2
10000e34:	5363      	strh	r3, [r4, r5]
10000e36:	4b5a      	ldr	r3, [pc, #360]	@ (10000fa0 <irq_add_shared_handler+0x1dc>)
10000e38:	3202      	adds	r2, #2
10000e3a:	18a2      	adds	r2, r4, r2
10000e3c:	3b04      	subs	r3, #4
10000e3e:	1a9b      	subs	r3, r3, r2
10000e40:	051b      	lsls	r3, r3, #20
10000e42:	4a58      	ldr	r2, [pc, #352]	@ (10000fa4 <irq_add_shared_handler+0x1e0>)
10000e44:	0d5b      	lsrs	r3, r3, #21
10000e46:	1965      	adds	r5, r4, r5
10000e48:	4313      	orrs	r3, r2
10000e4a:	806b      	strh	r3, [r5, #2]
10000e4c:	4b56      	ldr	r3, [pc, #344]	@ (10000fa8 <irq_add_shared_handler+0x1e4>)
10000e4e:	2101      	movs	r1, #1
10000e50:	80ab      	strh	r3, [r5, #4]
10000e52:	23ff      	movs	r3, #255	@ 0xff
10000e54:	71ab      	strb	r3, [r5, #6]
10000e56:	9b00      	ldr	r3, [sp, #0]
10000e58:	71ef      	strb	r7, [r5, #7]
10000e5a:	60ab      	str	r3, [r5, #8]
10000e5c:	464b      	mov	r3, r9
10000e5e:	430b      	orrs	r3, r1
10000e60:	0019      	movs	r1, r3
10000e62:	4b4c      	ldr	r3, [pc, #304]	@ (10000f94 <irq_add_shared_handler+0x1d0>)
10000e64:	689b      	ldr	r3, [r3, #8]
10000e66:	5199      	str	r1, [r3, r6]
10000e68:	f3bf 8f5f 	dmb	sy
10000e6c:	f3bf 8f5f 	dmb	sy
10000e70:	2200      	movs	r2, #0
10000e72:	4b45      	ldr	r3, [pc, #276]	@ (10000f88 <irq_add_shared_handler+0x1c4>)
10000e74:	601a      	str	r2, [r3, #0]
10000e76:	f38b 8810 	msr	PRIMASK, fp
10000e7a:	b005      	add	sp, #20
10000e7c:	bcf0      	pop	{r4, r5, r6, r7}
10000e7e:	46bb      	mov	fp, r7
10000e80:	46b2      	mov	sl, r6
10000e82:	46a9      	mov	r9, r5
10000e84:	46a0      	mov	r8, r4
10000e86:	bdf0      	pop	{r4, r5, r6, r7, pc}
10000e88:	2001      	movs	r0, #1
10000e8a:	000a      	movs	r2, r1
10000e8c:	4382      	bics	r2, r0
10000e8e:	79d3      	ldrb	r3, [r2, #7]
10000e90:	468c      	mov	ip, r1
10000e92:	42bb      	cmp	r3, r7
10000e94:	d831      	bhi.n	10000efa <irq_add_shared_handler+0x136>
10000e96:	4645      	mov	r5, r8
10000e98:	0013      	movs	r3, r2
10000e9a:	4944      	ldr	r1, [pc, #272]	@ (10000fac <irq_add_shared_handler+0x1e8>)
10000e9c:	1b1b      	subs	r3, r3, r4
10000e9e:	415b      	adcs	r3, r3
10000ea0:	4359      	muls	r1, r3
10000ea2:	0d09      	lsrs	r1, r1, #20
10000ea4:	4b3d      	ldr	r3, [pc, #244]	@ (10000f9c <irq_add_shared_handler+0x1d8>)
10000ea6:	5363      	strh	r3, [r4, r5]
10000ea8:	4b3d      	ldr	r3, [pc, #244]	@ (10000fa0 <irq_add_shared_handler+0x1dc>)
10000eaa:	3502      	adds	r5, #2
10000eac:	1965      	adds	r5, r4, r5
10000eae:	3b04      	subs	r3, #4
10000eb0:	1b5b      	subs	r3, r3, r5
10000eb2:	051b      	lsls	r3, r3, #20
10000eb4:	4d3b      	ldr	r5, [pc, #236]	@ (10000fa4 <irq_add_shared_handler+0x1e0>)
10000eb6:	0d5b      	lsrs	r3, r3, #21
10000eb8:	432b      	orrs	r3, r5
10000eba:	46aa      	mov	sl, r5
10000ebc:	464d      	mov	r5, r9
10000ebe:	806b      	strh	r3, [r5, #2]
10000ec0:	2504      	movs	r5, #4
10000ec2:	46ac      	mov	ip, r5
10000ec4:	4655      	mov	r5, sl
10000ec6:	44e0      	add	r8, ip
10000ec8:	1f13      	subs	r3, r2, #4
10000eca:	4444      	add	r4, r8
10000ecc:	1b1b      	subs	r3, r3, r4
10000ece:	051b      	lsls	r3, r3, #20
10000ed0:	0d5b      	lsrs	r3, r3, #21
10000ed2:	431d      	orrs	r5, r3
10000ed4:	464b      	mov	r3, r9
10000ed6:	7199      	strb	r1, [r3, #6]
10000ed8:	9900      	ldr	r1, [sp, #0]
10000eda:	809d      	strh	r5, [r3, #4]
10000edc:	6099      	str	r1, [r3, #8]
10000ede:	4649      	mov	r1, r9
10000ee0:	71df      	strb	r7, [r3, #7]
10000ee2:	4b33      	ldr	r3, [pc, #204]	@ (10000fb0 <irq_add_shared_handler+0x1ec>)
10000ee4:	4301      	orrs	r1, r0
10000ee6:	6013      	str	r3, [r2, #0]
10000ee8:	e7bb      	b.n	10000e62 <irq_add_shared_handler+0x9e>
10000eea:	0058      	lsls	r0, r3, #1
10000eec:	18c0      	adds	r0, r0, r3
10000eee:	0080      	lsls	r0, r0, #2
10000ef0:	1820      	adds	r0, r4, r0
10000ef2:	79c1      	ldrb	r1, [r0, #7]
10000ef4:	42b9      	cmp	r1, r7
10000ef6:	d92f      	bls.n	10000f58 <irq_add_shared_handler+0x194>
10000ef8:	0002      	movs	r2, r0
10000efa:	2306      	movs	r3, #6
10000efc:	56d3      	ldrsb	r3, [r2, r3]
10000efe:	2b00      	cmp	r3, #0
10000f00:	daf3      	bge.n	10000eea <irq_add_shared_handler+0x126>
10000f02:	9302      	str	r3, [sp, #8]
10000f04:	4b2b      	ldr	r3, [pc, #172]	@ (10000fb4 <irq_add_shared_handler+0x1f0>)
10000f06:	4661      	mov	r1, ip
10000f08:	9303      	str	r3, [sp, #12]
10000f0a:	1d13      	adds	r3, r2, #4
10000f0c:	469a      	mov	sl, r3
10000f0e:	2304      	movs	r3, #4
10000f10:	425b      	negs	r3, r3
10000f12:	469c      	mov	ip, r3
10000f14:	44e1      	add	r9, ip
10000f16:	4650      	mov	r0, sl
10000f18:	464b      	mov	r3, r9
10000f1a:	1a1b      	subs	r3, r3, r0
10000f1c:	051b      	lsls	r3, r3, #20
10000f1e:	0d5b      	lsrs	r3, r3, #21
10000f20:	469c      	mov	ip, r3
10000f22:	4b20      	ldr	r3, [pc, #128]	@ (10000fa4 <irq_add_shared_handler+0x1e0>)
10000f24:	7195      	strb	r5, [r2, #6]
10000f26:	4698      	mov	r8, r3
10000f28:	4663      	mov	r3, ip
10000f2a:	4640      	mov	r0, r8
10000f2c:	4303      	orrs	r3, r0
10000f2e:	8093      	strh	r3, [r2, #4]
10000f30:	9b01      	ldr	r3, [sp, #4]
10000f32:	195a      	adds	r2, r3, r5
10000f34:	0092      	lsls	r2, r2, #2
10000f36:	9b03      	ldr	r3, [sp, #12]
10000f38:	18a4      	adds	r4, r4, r2
10000f3a:	80a3      	strh	r3, [r4, #4]
10000f3c:	9b02      	ldr	r3, [sp, #8]
10000f3e:	4a1c      	ldr	r2, [pc, #112]	@ (10000fb0 <irq_add_shared_handler+0x1ec>)
10000f40:	71a3      	strb	r3, [r4, #6]
10000f42:	9b00      	ldr	r3, [sp, #0]
10000f44:	6022      	str	r2, [r4, #0]
10000f46:	71e7      	strb	r7, [r4, #7]
10000f48:	60a3      	str	r3, [r4, #8]
10000f4a:	e78a      	b.n	10000e62 <irq_add_shared_handler+0x9e>
10000f4c:	f000 ff26 	bl	10001d9c <hard_assertion_failure>
10000f50:	2500      	movs	r5, #0
10000f52:	4653      	mov	r3, sl
10000f54:	575d      	ldrsb	r5, [r3, r5]
10000f56:	e74f      	b.n	10000df8 <irq_add_shared_handler+0x34>
10000f58:	8890      	ldrh	r0, [r2, #4]
10000f5a:	9302      	str	r3, [sp, #8]
10000f5c:	0540      	lsls	r0, r0, #21
10000f5e:	1d13      	adds	r3, r2, #4
10000f60:	469a      	mov	sl, r3
10000f62:	1503      	asrs	r3, r0, #20
10000f64:	4661      	mov	r1, ip
10000f66:	469c      	mov	ip, r3
10000f68:	4640      	mov	r0, r8
10000f6a:	44d4      	add	ip, sl
10000f6c:	4663      	mov	r3, ip
10000f6e:	3004      	adds	r0, #4
10000f70:	1820      	adds	r0, r4, r0
10000f72:	1a18      	subs	r0, r3, r0
10000f74:	23e0      	movs	r3, #224	@ 0xe0
10000f76:	0500      	lsls	r0, r0, #20
10000f78:	0d40      	lsrs	r0, r0, #21
10000f7a:	021b      	lsls	r3, r3, #8
10000f7c:	4318      	orrs	r0, r3
10000f7e:	9003      	str	r0, [sp, #12]
10000f80:	e7c5      	b.n	10000f0e <irq_add_shared_handler+0x14a>
10000f82:	f000 ff0b 	bl	10001d9c <hard_assertion_failure>
10000f86:	e74f      	b.n	10000e28 <irq_add_shared_handler+0x64>
10000f88:	d0000124 	.word	0xd0000124
10000f8c:	200213dd 	.word	0x200213dd
10000f90:	20000fe4 	.word	0x20000fe4
10000f94:	e000ed00 	.word	0xe000ed00
10000f98:	100001cd 	.word	0x100001cd
10000f9c:	ffffa100 	.word	0xffffa100
10000fa0:	20001014 	.word	0x20001014
10000fa4:	ffffe000 	.word	0xffffe000
10000fa8:	ffffbd01 	.word	0xffffbd01
10000fac:	0000aaaa 	.word	0x0000aaaa
10000fb0:	47804801 	.word	0x47804801
10000fb4:	0000bd01 	.word	0x0000bd01

10000fb8 <irq_add_tail_to_free_list>:
10000fb8:	b570      	push	{r4, r5, r6, lr}
10000fba:	2401      	movs	r4, #1
10000fbc:	4304      	orrs	r4, r0
10000fbe:	f3ef 8105 	mrs	r1, IPSR
10000fc2:	f3ef 8c10 	mrs	ip, PRIMASK
10000fc6:	b672      	cpsid	i
10000fc8:	4a21      	ldr	r2, [pc, #132]	@ (10001050 <irq_add_tail_to_free_list+0x98>)
10000fca:	6813      	ldr	r3, [r2, #0]
10000fcc:	2b00      	cmp	r3, #0
10000fce:	d0fc      	beq.n	10000fca <irq_add_tail_to_free_list+0x12>
10000fd0:	f3bf 8f5f 	dmb	sy
10000fd4:	4b1f      	ldr	r3, [pc, #124]	@ (10001054 <irq_add_tail_to_free_list+0x9c>)
10000fd6:	0005      	movs	r5, r0
10000fd8:	4a1f      	ldr	r2, [pc, #124]	@ (10001058 <irq_add_tail_to_free_list+0xa0>)
10000fda:	1aed      	subs	r5, r5, r3
10000fdc:	416d      	adcs	r5, r5
10000fde:	436a      	muls	r2, r5
10000fe0:	0d12      	lsrs	r2, r2, #20
10000fe2:	4d1e      	ldr	r5, [pc, #120]	@ (1000105c <irq_add_tail_to_free_list+0xa4>)
10000fe4:	0089      	lsls	r1, r1, #2
10000fe6:	68ae      	ldr	r6, [r5, #8]
10000fe8:	b252      	sxtb	r2, r2
10000fea:	5876      	ldr	r6, [r6, r1]
10000fec:	42a6      	cmp	r6, r4
10000fee:	d01c      	beq.n	1000102a <irq_add_tail_to_free_list+0x72>
10000ff0:	2106      	movs	r1, #6
10000ff2:	5659      	ldrsb	r1, [r3, r1]
10000ff4:	4291      	cmp	r1, r2
10000ff6:	d01c      	beq.n	10001032 <irq_add_tail_to_free_list+0x7a>
10000ff8:	2112      	movs	r1, #18
10000ffa:	5659      	ldrsb	r1, [r3, r1]
10000ffc:	4291      	cmp	r1, r2
10000ffe:	d022      	beq.n	10001046 <irq_add_tail_to_free_list+0x8e>
10001000:	211e      	movs	r1, #30
10001002:	5659      	ldrsb	r1, [r3, r1]
10001004:	4291      	cmp	r1, r2
10001006:	d020      	beq.n	1000104a <irq_add_tail_to_free_list+0x92>
10001008:	212a      	movs	r1, #42	@ 0x2a
1000100a:	5659      	ldrsb	r1, [r3, r1]
1000100c:	2403      	movs	r4, #3
1000100e:	4291      	cmp	r1, r2
10001010:	d010      	beq.n	10001034 <irq_add_tail_to_free_list+0x7c>
10001012:	4b13      	ldr	r3, [pc, #76]	@ (10001060 <irq_add_tail_to_free_list+0xa8>)
10001014:	7819      	ldrb	r1, [r3, #0]
10001016:	701a      	strb	r2, [r3, #0]
10001018:	7181      	strb	r1, [r0, #6]
1000101a:	f3bf 8f5f 	dmb	sy
1000101e:	2200      	movs	r2, #0
10001020:	4b0b      	ldr	r3, [pc, #44]	@ (10001050 <irq_add_tail_to_free_list+0x98>)
10001022:	601a      	str	r2, [r3, #0]
10001024:	f38c 8810 	msr	PRIMASK, ip
10001028:	bd70      	pop	{r4, r5, r6, pc}
1000102a:	68ab      	ldr	r3, [r5, #8]
1000102c:	4c0d      	ldr	r4, [pc, #52]	@ (10001064 <irq_add_tail_to_free_list+0xac>)
1000102e:	505c      	str	r4, [r3, r1]
10001030:	e7ef      	b.n	10001012 <irq_add_tail_to_free_list+0x5a>
10001032:	2400      	movs	r4, #0
10001034:	0061      	lsls	r1, r4, #1
10001036:	1909      	adds	r1, r1, r4
10001038:	0089      	lsls	r1, r1, #2
1000103a:	185b      	adds	r3, r3, r1
1000103c:	21ff      	movs	r1, #255	@ 0xff
1000103e:	7199      	strb	r1, [r3, #6]
10001040:	4909      	ldr	r1, [pc, #36]	@ (10001068 <irq_add_tail_to_free_list+0xb0>)
10001042:	8099      	strh	r1, [r3, #4]
10001044:	e7e5      	b.n	10001012 <irq_add_tail_to_free_list+0x5a>
10001046:	2401      	movs	r4, #1
10001048:	e7f4      	b.n	10001034 <irq_add_tail_to_free_list+0x7c>
1000104a:	2402      	movs	r4, #2
1000104c:	e7f2      	b.n	10001034 <irq_add_tail_to_free_list+0x7c>
1000104e:	46c0      	nop			@ (mov r8, r8)
10001050:	d0000124 	.word	0xd0000124
10001054:	20000fe4 	.word	0x20000fe4
10001058:	0000aaaa 	.word	0x0000aaaa
1000105c:	e000ed00 	.word	0xe000ed00
10001060:	200213dd 	.word	0x200213dd
10001064:	100001cd 	.word	0x100001cd
10001068:	ffffbd01 	.word	0xffffbd01

1000106c <user_irq_claim_unused>:
1000106c:	b510      	push	{r4, lr}
1000106e:	4b08      	ldr	r3, [pc, #32]	@ (10001090 <user_irq_claim_unused+0x24>)
10001070:	4c08      	ldr	r4, [pc, #32]	@ (10001094 <user_irq_claim_unused+0x28>)
10001072:	b082      	sub	sp, #8
10001074:	0001      	movs	r1, r0
10001076:	9300      	str	r3, [sp, #0]
10001078:	2200      	movs	r2, #0
1000107a:	2305      	movs	r3, #5
1000107c:	0020      	movs	r0, r4
1000107e:	f7ff fdbd 	bl	10000bfc <hw_claim_unused_from_range>
10001082:	2800      	cmp	r0, #0
10001084:	db01      	blt.n	1000108a <user_irq_claim_unused+0x1e>
10001086:	231f      	movs	r3, #31
10001088:	1a18      	subs	r0, r3, r0
1000108a:	b002      	add	sp, #8
1000108c:	bd10      	pop	{r4, pc}
1000108e:	46c0      	nop			@ (mov r8, r8)
10001090:	10004f10 	.word	0x10004f10
10001094:	200213e1 	.word	0x200213e1

10001098 <lock_init>:
10001098:	4b02      	ldr	r3, [pc, #8]	@ (100010a4 <lock_init+0xc>)
1000109a:	469c      	mov	ip, r3
1000109c:	4461      	add	r1, ip
1000109e:	0089      	lsls	r1, r1, #2
100010a0:	6001      	str	r1, [r0, #0]
100010a2:	4770      	bx	lr
100010a4:	34000040 	.word	0x34000040

100010a8 <runtime_init_mutex>:
100010a8:	b570      	push	{r4, r5, r6, lr}
100010aa:	4c11      	ldr	r4, [pc, #68]	@ (100010f0 <runtime_init_mutex+0x48>)
100010ac:	4d11      	ldr	r5, [pc, #68]	@ (100010f4 <runtime_init_mutex+0x4c>)
100010ae:	42ac      	cmp	r4, r5
100010b0:	d20f      	bcs.n	100010d2 <runtime_init_mutex+0x2a>
100010b2:	26ff      	movs	r6, #255	@ 0xff
100010b4:	6823      	ldr	r3, [r4, #0]
100010b6:	2b00      	cmp	r3, #0
100010b8:	d00c      	beq.n	100010d4 <runtime_init_mutex+0x2c>
100010ba:	f7ff fde3 	bl	10000c84 <next_striped_spin_lock_num>
100010be:	0001      	movs	r1, r0
100010c0:	0020      	movs	r0, r4
100010c2:	f7ff ffe9 	bl	10001098 <lock_init>
100010c6:	80a6      	strh	r6, [r4, #4]
100010c8:	f3bf 8f5f 	dmb	sy
100010cc:	3408      	adds	r4, #8
100010ce:	42ac      	cmp	r4, r5
100010d0:	d3f0      	bcc.n	100010b4 <runtime_init_mutex+0xc>
100010d2:	bd70      	pop	{r4, r5, r6, pc}
100010d4:	f7ff fdd6 	bl	10000c84 <next_striped_spin_lock_num>
100010d8:	0001      	movs	r1, r0
100010da:	0020      	movs	r0, r4
100010dc:	f7ff ffdc 	bl	10001098 <lock_init>
100010e0:	7126      	strb	r6, [r4, #4]
100010e2:	f3bf 8f5f 	dmb	sy
100010e6:	3408      	adds	r4, #8
100010e8:	42ac      	cmp	r4, r5
100010ea:	d3e3      	bcc.n	100010b4 <runtime_init_mutex+0xc>
100010ec:	e7f1      	b.n	100010d2 <runtime_init_mutex+0x2a>
100010ee:	46c0      	nop			@ (mov r8, r8)
100010f0:	200010a8 	.word	0x200010a8
100010f4:	200010b0 	.word	0x200010b0

100010f8 <mutex_init>:
100010f8:	b510      	push	{r4, lr}
100010fa:	0004      	movs	r4, r0
100010fc:	f7ff fdc2 	bl	10000c84 <next_striped_spin_lock_num>
10001100:	0001      	movs	r1, r0
10001102:	0020      	movs	r0, r4
10001104:	f7ff ffc8 	bl	10001098 <lock_init>
10001108:	23ff      	movs	r3, #255	@ 0xff
1000110a:	7123      	strb	r3, [r4, #4]
1000110c:	f3bf 8f5f 	dmb	sy
10001110:	bd10      	pop	{r4, pc}
10001112:	46c0      	nop			@ (mov r8, r8)

10001114 <critical_section_init>:
10001114:	b510      	push	{r4, lr}
10001116:	0004      	movs	r4, r0
10001118:	2001      	movs	r0, #1
1000111a:	f7ff fdbf 	bl	10000c9c <spin_lock_claim_unused>
1000111e:	4b03      	ldr	r3, [pc, #12]	@ (1000112c <critical_section_init+0x18>)
10001120:	18c3      	adds	r3, r0, r3
10001122:	009b      	lsls	r3, r3, #2
10001124:	6023      	str	r3, [r4, #0]
10001126:	f3bf 8f5f 	dmb	sy
1000112a:	bd10      	pop	{r4, pc}
1000112c:	34000040 	.word	0x34000040

10001130 <critical_section_init_with_lock_num>:
10001130:	4b03      	ldr	r3, [pc, #12]	@ (10001140 <critical_section_init_with_lock_num+0x10>)
10001132:	469c      	mov	ip, r3
10001134:	4461      	add	r1, ip
10001136:	0089      	lsls	r1, r1, #2
10001138:	6001      	str	r1, [r0, #0]
1000113a:	f3bf 8f5f 	dmb	sy
1000113e:	4770      	bx	lr
10001140:	34000040 	.word	0x34000040

10001144 <sleep_until_callback>:
10001144:	4b0a      	ldr	r3, [pc, #40]	@ (10001170 <sleep_until_callback+0x2c>)
10001146:	6819      	ldr	r1, [r3, #0]
10001148:	f3ef 8010 	mrs	r0, PRIMASK
1000114c:	b672      	cpsid	i
1000114e:	680a      	ldr	r2, [r1, #0]
10001150:	2a00      	cmp	r2, #0
10001152:	d0fc      	beq.n	1000114e <sleep_until_callback+0xa>
10001154:	f3bf 8f5f 	dmb	sy
10001158:	681b      	ldr	r3, [r3, #0]
1000115a:	f3bf 8f5f 	dmb	sy
1000115e:	2200      	movs	r2, #0
10001160:	601a      	str	r2, [r3, #0]
10001162:	f380 8810 	msr	PRIMASK, r0
10001166:	bf40      	sev
10001168:	2000      	movs	r0, #0
1000116a:	2100      	movs	r1, #0
1000116c:	4770      	bx	lr
1000116e:	46c0      	nop			@ (mov r8, r8)
10001170:	200213bc 	.word	0x200213bc

10001174 <alarm_pool_irq_handler>:
10001174:	b5f0      	push	{r4, r5, r6, r7, lr}
10001176:	46de      	mov	lr, fp
10001178:	4657      	mov	r7, sl
1000117a:	464e      	mov	r6, r9
1000117c:	4645      	mov	r5, r8
1000117e:	b5e0      	push	{r5, r6, r7, lr}
10001180:	b087      	sub	sp, #28
10001182:	f3ef 8305 	mrs	r3, IPSR
10001186:	2203      	movs	r2, #3
10001188:	2501      	movs	r5, #1
1000118a:	401a      	ands	r2, r3
1000118c:	4095      	lsls	r5, r2
1000118e:	0091      	lsls	r1, r2, #2
10001190:	4688      	mov	r8, r1
10001192:	46a9      	mov	r9, r5
10001194:	4bb3      	ldr	r3, [pc, #716]	@ (10001464 <alarm_pool_irq_handler+0x2f0>)
10001196:	9203      	str	r2, [sp, #12]
10001198:	585c      	ldr	r4, [r3, r1]
1000119a:	4bb3      	ldr	r3, [pc, #716]	@ (10001468 <alarm_pool_irq_handler+0x2f4>)
1000119c:	601d      	str	r5, [r3, #0]
1000119e:	4bb3      	ldr	r3, [pc, #716]	@ (1000146c <alarm_pool_irq_handler+0x2f8>)
100011a0:	9304      	str	r3, [sp, #16]
100011a2:	464b      	mov	r3, r9
100011a4:	48b2      	ldr	r0, [pc, #712]	@ (10001470 <alarm_pool_irq_handler+0x2fc>)
100011a6:	6343      	str	r3, [r0, #52]	@ 0x34
100011a8:	2308      	movs	r3, #8
100011aa:	5ee5      	ldrsh	r5, [r4, r3]
100011ac:	2d00      	cmp	r5, #0
100011ae:	da37      	bge.n	10001220 <alarm_pool_irq_handler+0xac>
100011b0:	88a3      	ldrh	r3, [r4, #4]
100011b2:	b21b      	sxth	r3, r3
100011b4:	2b00      	cmp	r3, #0
100011b6:	db00      	blt.n	100011ba <alarm_pool_irq_handler+0x46>
100011b8:	e0ad      	b.n	10001316 <alarm_pool_irq_handler+0x1a2>
100011ba:	79a3      	ldrb	r3, [r4, #6]
100011bc:	2b00      	cmp	r3, #0
100011be:	d000      	beq.n	100011c2 <alarm_pool_irq_handler+0x4e>
100011c0:	e0ee      	b.n	100013a0 <alarm_pool_irq_handler+0x22c>
100011c2:	2308      	movs	r3, #8
100011c4:	5ee0      	ldrsh	r0, [r4, r3]
100011c6:	2800      	cmp	r0, #0
100011c8:	db20      	blt.n	1000120c <alarm_pool_irq_handler+0x98>
100011ca:	0043      	lsls	r3, r0, #1
100011cc:	6962      	ldr	r2, [r4, #20]
100011ce:	181b      	adds	r3, r3, r0
100011d0:	00db      	lsls	r3, r3, #3
100011d2:	18d3      	adds	r3, r2, r3
100011d4:	689e      	ldr	r6, [r3, #8]
100011d6:	68dd      	ldr	r5, [r3, #12]
100011d8:	1c73      	adds	r3, r6, #1
100011da:	d100      	bne.n	100011de <alarm_pool_irq_handler+0x6a>
100011dc:	e111      	b.n	10001402 <alarm_pool_irq_handler+0x28e>
100011de:	48a4      	ldr	r0, [pc, #656]	@ (10001470 <alarm_pool_irq_handler+0x2fc>)
100011e0:	0001      	movs	r1, r0
100011e2:	4441      	add	r1, r8
100011e4:	6a82      	ldr	r2, [r0, #40]	@ 0x28
100011e6:	690b      	ldr	r3, [r1, #16]
100011e8:	1ab7      	subs	r7, r6, r2
100011ea:	1a9b      	subs	r3, r3, r2
100011ec:	429f      	cmp	r7, r3
100011ee:	d315      	bcc.n	1000121c <alarm_pool_irq_handler+0xa8>
100011f0:	2301      	movs	r3, #1
100011f2:	6a02      	ldr	r2, [r0, #32]
100011f4:	9803      	ldr	r0, [sp, #12]
100011f6:	4083      	lsls	r3, r0
100011f8:	421a      	tst	r2, r3
100011fa:	d00f      	beq.n	1000121c <alarm_pool_irq_handler+0xa8>
100011fc:	489c      	ldr	r0, [pc, #624]	@ (10001470 <alarm_pool_irq_handler+0x2fc>)
100011fe:	f000 fbb5 	bl	1000196c <timer_time_us_64>
10001202:	428d      	cmp	r5, r1
10001204:	dc02      	bgt.n	1000120c <alarm_pool_irq_handler+0x98>
10001206:	d1cc      	bne.n	100011a2 <alarm_pool_irq_handler+0x2e>
10001208:	4286      	cmp	r6, r0
1000120a:	d9ca      	bls.n	100011a2 <alarm_pool_irq_handler+0x2e>
1000120c:	bf40      	sev
1000120e:	b007      	add	sp, #28
10001210:	bcf0      	pop	{r4, r5, r6, r7}
10001212:	46bb      	mov	fp, r7
10001214:	46b2      	mov	sl, r6
10001216:	46a9      	mov	r9, r5
10001218:	46a0      	mov	r8, r4
1000121a:	bdf0      	pop	{r4, r5, r6, r7, pc}
1000121c:	610e      	str	r6, [r1, #16]
1000121e:	e7ed      	b.n	100011fc <alarm_pool_irq_handler+0x88>
10001220:	6962      	ldr	r2, [r4, #20]
10001222:	006b      	lsls	r3, r5, #1
10001224:	4692      	mov	sl, r2
10001226:	195b      	adds	r3, r3, r5
10001228:	00db      	lsls	r3, r3, #3
1000122a:	449a      	add	sl, r3
1000122c:	4653      	mov	r3, sl
1000122e:	689e      	ldr	r6, [r3, #8]
10001230:	68df      	ldr	r7, [r3, #12]
10001232:	f000 fb9b 	bl	1000196c <timer_time_us_64>
10001236:	428f      	cmp	r7, r1
10001238:	dcba      	bgt.n	100011b0 <alarm_pool_irq_handler+0x3c>
1000123a:	d100      	bne.n	1000123e <alarm_pool_irq_handler+0xca>
1000123c:	e103      	b.n	10001446 <alarm_pool_irq_handler+0x2d2>
1000123e:	2f00      	cmp	r7, #0
10001240:	da00      	bge.n	10001244 <alarm_pool_irq_handler+0xd0>
10001242:	e0e8      	b.n	10001416 <alarm_pool_irq_handler+0x2a2>
10001244:	4652      	mov	r2, sl
10001246:	4653      	mov	r3, sl
10001248:	6952      	ldr	r2, [r2, #20]
1000124a:	691b      	ldr	r3, [r3, #16]
1000124c:	4693      	mov	fp, r2
1000124e:	9a04      	ldr	r2, [sp, #16]
10001250:	4293      	cmp	r3, r2
10001252:	d100      	bne.n	10001256 <alarm_pool_irq_handler+0xe2>
10001254:	e0d9      	b.n	1000140a <alarm_pool_irq_handler+0x296>
10001256:	4652      	mov	r2, sl
10001258:	2108      	movs	r1, #8
1000125a:	5e60      	ldrsh	r0, [r4, r1]
1000125c:	8852      	ldrh	r2, [r2, #2]
1000125e:	0400      	lsls	r0, r0, #16
10001260:	4659      	mov	r1, fp
10001262:	4310      	orrs	r0, r2
10001264:	4798      	blx	r3
10001266:	9000      	str	r0, [sp, #0]
10001268:	9101      	str	r1, [sp, #4]
1000126a:	9900      	ldr	r1, [sp, #0]
1000126c:	9a01      	ldr	r2, [sp, #4]
1000126e:	000b      	movs	r3, r1
10001270:	0010      	movs	r0, r2
10001272:	4313      	orrs	r3, r2
10001274:	d100      	bne.n	10001278 <alarm_pool_irq_handler+0x104>
10001276:	e0ce      	b.n	10001416 <alarm_pool_irq_handler+0x2a2>
10001278:	0013      	movs	r3, r2
1000127a:	000a      	movs	r2, r1
1000127c:	1ab6      	subs	r6, r6, r2
1000127e:	419f      	sbcs	r7, r3
10001280:	2800      	cmp	r0, #0
10001282:	db06      	blt.n	10001292 <alarm_pool_irq_handler+0x11e>
10001284:	487a      	ldr	r0, [pc, #488]	@ (10001470 <alarm_pool_irq_handler+0x2fc>)
10001286:	f000 fb71 	bl	1000196c <timer_time_us_64>
1000128a:	9e00      	ldr	r6, [sp, #0]
1000128c:	9f01      	ldr	r7, [sp, #4]
1000128e:	1836      	adds	r6, r6, r0
10001290:	414f      	adcs	r7, r1
10001292:	4653      	mov	r3, sl
10001294:	609e      	str	r6, [r3, #8]
10001296:	60df      	str	r7, [r3, #12]
10001298:	2200      	movs	r2, #0
1000129a:	5e9a      	ldrsh	r2, [r3, r2]
1000129c:	2a00      	cmp	r2, #0
1000129e:	da00      	bge.n	100012a2 <alarm_pool_irq_handler+0x12e>
100012a0:	e786      	b.n	100011b0 <alarm_pool_irq_handler+0x3c>
100012a2:	0053      	lsls	r3, r2, #1
100012a4:	1899      	adds	r1, r3, r2
100012a6:	6960      	ldr	r0, [r4, #20]
100012a8:	00c9      	lsls	r1, r1, #3
100012aa:	1841      	adds	r1, r0, r1
100012ac:	9302      	str	r3, [sp, #8]
100012ae:	688b      	ldr	r3, [r1, #8]
100012b0:	68c9      	ldr	r1, [r1, #12]
100012b2:	469b      	mov	fp, r3
100012b4:	42b9      	cmp	r1, r7
100012b6:	dd00      	ble.n	100012ba <alarm_pool_irq_handler+0x146>
100012b8:	e77a      	b.n	100011b0 <alarm_pool_irq_handler+0x3c>
100012ba:	d102      	bne.n	100012c2 <alarm_pool_irq_handler+0x14e>
100012bc:	42b3      	cmp	r3, r6
100012be:	d900      	bls.n	100012c2 <alarm_pool_irq_handler+0x14e>
100012c0:	e776      	b.n	100011b0 <alarm_pool_irq_handler+0x3c>
100012c2:	2308      	movs	r3, #8
100012c4:	469c      	mov	ip, r3
100012c6:	44a4      	add	ip, r4
100012c8:	9505      	str	r5, [sp, #20]
100012ca:	4665      	mov	r5, ip
100012cc:	8122      	strh	r2, [r4, #8]
100012ce:	46a4      	mov	ip, r4
100012d0:	9b02      	ldr	r3, [sp, #8]
100012d2:	002c      	movs	r4, r5
100012d4:	e006      	b.n	100012e4 <alarm_pool_irq_handler+0x170>
100012d6:	0053      	lsls	r3, r2, #1
100012d8:	1899      	adds	r1, r3, r2
100012da:	00c9      	lsls	r1, r1, #3
100012dc:	1841      	adds	r1, r0, r1
100012de:	688d      	ldr	r5, [r1, #8]
100012e0:	68c9      	ldr	r1, [r1, #12]
100012e2:	46ab      	mov	fp, r5
100012e4:	189b      	adds	r3, r3, r2
100012e6:	00db      	lsls	r3, r3, #3
100012e8:	18c3      	adds	r3, r0, r3
100012ea:	42b9      	cmp	r1, r7
100012ec:	dc06      	bgt.n	100012fc <alarm_pool_irq_handler+0x188>
100012ee:	d100      	bne.n	100012f2 <alarm_pool_irq_handler+0x17e>
100012f0:	e0b3      	b.n	1000145a <alarm_pool_irq_handler+0x2e6>
100012f2:	001c      	movs	r4, r3
100012f4:	2300      	movs	r3, #0
100012f6:	5ee2      	ldrsh	r2, [r4, r3]
100012f8:	2a00      	cmp	r2, #0
100012fa:	daec      	bge.n	100012d6 <alarm_pool_irq_handler+0x162>
100012fc:	0023      	movs	r3, r4
100012fe:	4664      	mov	r4, ip
10001300:	469c      	mov	ip, r3
10001302:	4653      	mov	r3, sl
10001304:	801a      	strh	r2, [r3, #0]
10001306:	4663      	mov	r3, ip
10001308:	9d05      	ldr	r5, [sp, #20]
1000130a:	801d      	strh	r5, [r3, #0]
1000130c:	88a3      	ldrh	r3, [r4, #4]
1000130e:	b21b      	sxth	r3, r3
10001310:	2b00      	cmp	r3, #0
10001312:	da00      	bge.n	10001316 <alarm_pool_irq_handler+0x1a2>
10001314:	e751      	b.n	100011ba <alarm_pool_irq_handler+0x46>
10001316:	6922      	ldr	r2, [r4, #16]
10001318:	f3ef 8110 	mrs	r1, PRIMASK
1000131c:	b672      	cpsid	i
1000131e:	6813      	ldr	r3, [r2, #0]
10001320:	2b00      	cmp	r3, #0
10001322:	d0fc      	beq.n	1000131e <alarm_pool_irq_handler+0x1aa>
10001324:	f3bf 8f5f 	dmb	sy
10001328:	2301      	movs	r3, #1
1000132a:	88a7      	ldrh	r7, [r4, #4]
1000132c:	425b      	negs	r3, r3
1000132e:	80a3      	strh	r3, [r4, #4]
10001330:	b23f      	sxth	r7, r7
10001332:	6923      	ldr	r3, [r4, #16]
10001334:	f3bf 8f5f 	dmb	sy
10001338:	2200      	movs	r2, #0
1000133a:	601a      	str	r2, [r3, #0]
1000133c:	f381 8810 	msr	PRIMASK, r1
10001340:	2f00      	cmp	r7, #0
10001342:	da00      	bge.n	10001346 <alarm_pool_irq_handler+0x1d2>
10001344:	e739      	b.n	100011ba <alarm_pool_irq_handler+0x46>
10001346:	0023      	movs	r3, r4
10001348:	3308      	adds	r3, #8
1000134a:	0022      	movs	r2, r4
1000134c:	469a      	mov	sl, r3
1000134e:	6966      	ldr	r6, [r4, #20]
10001350:	007b      	lsls	r3, r7, #1
10001352:	19db      	adds	r3, r3, r7
10001354:	00db      	lsls	r3, r3, #3
10001356:	18f3      	adds	r3, r6, r3
10001358:	6899      	ldr	r1, [r3, #8]
1000135a:	4650      	mov	r0, sl
1000135c:	468c      	mov	ip, r1
1000135e:	2408      	movs	r4, #8
10001360:	5f11      	ldrsh	r1, [r2, r4]
10001362:	68dd      	ldr	r5, [r3, #12]
10001364:	2900      	cmp	r1, #0
10001366:	db10      	blt.n	1000138a <alarm_pool_irq_handler+0x216>
10001368:	9302      	str	r3, [sp, #8]
1000136a:	e006      	b.n	1000137a <alarm_pool_irq_handler+0x206>
1000136c:	42ab      	cmp	r3, r5
1000136e:	d044      	beq.n	100013fa <alarm_pool_irq_handler+0x286>
10001370:	2300      	movs	r3, #0
10001372:	5ee1      	ldrsh	r1, [r4, r3]
10001374:	0020      	movs	r0, r4
10001376:	2900      	cmp	r1, #0
10001378:	db06      	blt.n	10001388 <alarm_pool_irq_handler+0x214>
1000137a:	004c      	lsls	r4, r1, #1
1000137c:	1864      	adds	r4, r4, r1
1000137e:	00e4      	lsls	r4, r4, #3
10001380:	1934      	adds	r4, r6, r4
10001382:	68e3      	ldr	r3, [r4, #12]
10001384:	42ab      	cmp	r3, r5
10001386:	ddf1      	ble.n	1000136c <alarm_pool_irq_handler+0x1f8>
10001388:	9b02      	ldr	r3, [sp, #8]
1000138a:	8007      	strh	r7, [r0, #0]
1000138c:	2000      	movs	r0, #0
1000138e:	5e1f      	ldrsh	r7, [r3, r0]
10001390:	8019      	strh	r1, [r3, #0]
10001392:	2f00      	cmp	r7, #0
10001394:	dadc      	bge.n	10001350 <alarm_pool_irq_handler+0x1dc>
10001396:	0014      	movs	r4, r2
10001398:	79a3      	ldrb	r3, [r4, #6]
1000139a:	2b00      	cmp	r3, #0
1000139c:	d100      	bne.n	100013a0 <alarm_pool_irq_handler+0x22c>
1000139e:	e710      	b.n	100011c2 <alarm_pool_irq_handler+0x4e>
100013a0:	2300      	movs	r3, #0
100013a2:	71a3      	strb	r3, [r4, #6]
100013a4:	0026      	movs	r6, r4
100013a6:	2308      	movs	r3, #8
100013a8:	5ee1      	ldrsh	r1, [r4, r3]
100013aa:	3608      	adds	r6, #8
100013ac:	1c4b      	adds	r3, r1, #1
100013ae:	d100      	bne.n	100013b2 <alarm_pool_irq_handler+0x23e>
100013b0:	e72c      	b.n	1000120c <alarm_pool_irq_handler+0x98>
100013b2:	0008      	movs	r0, r1
100013b4:	46a2      	mov	sl, r4
100013b6:	6965      	ldr	r5, [r4, #20]
100013b8:	e002      	b.n	100013c0 <alarm_pool_irq_handler+0x24c>
100013ba:	003e      	movs	r6, r7
100013bc:	1c4b      	adds	r3, r1, #1
100013be:	d01a      	beq.n	100013f6 <alarm_pool_irq_handler+0x282>
100013c0:	004b      	lsls	r3, r1, #1
100013c2:	185b      	adds	r3, r3, r1
100013c4:	00db      	lsls	r3, r3, #3
100013c6:	18ef      	adds	r7, r5, r3
100013c8:	000a      	movs	r2, r1
100013ca:	468c      	mov	ip, r1
100013cc:	5ee9      	ldrsh	r1, [r5, r3]
100013ce:	887b      	ldrh	r3, [r7, #2]
100013d0:	b21b      	sxth	r3, r3
100013d2:	2b00      	cmp	r3, #0
100013d4:	daf1      	bge.n	100013ba <alarm_pool_irq_handler+0x246>
100013d6:	2301      	movs	r3, #1
100013d8:	425b      	negs	r3, r3
100013da:	17dc      	asrs	r4, r3, #31
100013dc:	60bb      	str	r3, [r7, #8]
100013de:	60fc      	str	r4, [r7, #12]
100013e0:	4282      	cmp	r2, r0
100013e2:	d005      	beq.n	100013f0 <alarm_pool_irq_handler+0x27c>
100013e4:	4653      	mov	r3, sl
100013e6:	8031      	strh	r1, [r6, #0]
100013e8:	891b      	ldrh	r3, [r3, #8]
100013ea:	803b      	strh	r3, [r7, #0]
100013ec:	4653      	mov	r3, sl
100013ee:	811a      	strh	r2, [r3, #8]
100013f0:	4660      	mov	r0, ip
100013f2:	1c4b      	adds	r3, r1, #1
100013f4:	d1e4      	bne.n	100013c0 <alarm_pool_irq_handler+0x24c>
100013f6:	4654      	mov	r4, sl
100013f8:	e6e5      	b.n	100011c6 <alarm_pool_irq_handler+0x52>
100013fa:	68a3      	ldr	r3, [r4, #8]
100013fc:	4563      	cmp	r3, ip
100013fe:	d9b7      	bls.n	10001370 <alarm_pool_irq_handler+0x1fc>
10001400:	e7c2      	b.n	10001388 <alarm_pool_irq_handler+0x214>
10001402:	1c6b      	adds	r3, r5, #1
10001404:	d000      	beq.n	10001408 <alarm_pool_irq_handler+0x294>
10001406:	e6ea      	b.n	100011de <alarm_pool_irq_handler+0x6a>
10001408:	e6f8      	b.n	100011fc <alarm_pool_irq_handler+0x88>
1000140a:	465b      	mov	r3, fp
1000140c:	4658      	mov	r0, fp
1000140e:	691b      	ldr	r3, [r3, #16]
10001410:	4798      	blx	r3
10001412:	2800      	cmp	r0, #0
10001414:	d11b      	bne.n	1000144e <alarm_pool_irq_handler+0x2da>
10001416:	4653      	mov	r3, sl
10001418:	881b      	ldrh	r3, [r3, #0]
1000141a:	6922      	ldr	r2, [r4, #16]
1000141c:	8123      	strh	r3, [r4, #8]
1000141e:	f3ef 8310 	mrs	r3, PRIMASK
10001422:	b672      	cpsid	i
10001424:	6811      	ldr	r1, [r2, #0]
10001426:	2900      	cmp	r1, #0
10001428:	d0fc      	beq.n	10001424 <alarm_pool_irq_handler+0x2b0>
1000142a:	f3bf 8f5f 	dmb	sy
1000142e:	4651      	mov	r1, sl
10001430:	8862      	ldrh	r2, [r4, #2]
10001432:	800a      	strh	r2, [r1, #0]
10001434:	6922      	ldr	r2, [r4, #16]
10001436:	8065      	strh	r5, [r4, #2]
10001438:	f3bf 8f5f 	dmb	sy
1000143c:	2100      	movs	r1, #0
1000143e:	6011      	str	r1, [r2, #0]
10001440:	f383 8810 	msr	PRIMASK, r3
10001444:	e6b4      	b.n	100011b0 <alarm_pool_irq_handler+0x3c>
10001446:	4286      	cmp	r6, r0
10001448:	d800      	bhi.n	1000144c <alarm_pool_irq_handler+0x2d8>
1000144a:	e6f8      	b.n	1000123e <alarm_pool_irq_handler+0xca>
1000144c:	e6b0      	b.n	100011b0 <alarm_pool_irq_handler+0x3c>
1000144e:	465b      	mov	r3, fp
10001450:	681a      	ldr	r2, [r3, #0]
10001452:	685b      	ldr	r3, [r3, #4]
10001454:	9200      	str	r2, [sp, #0]
10001456:	9301      	str	r3, [sp, #4]
10001458:	e707      	b.n	1000126a <alarm_pool_irq_handler+0xf6>
1000145a:	45b3      	cmp	fp, r6
1000145c:	d800      	bhi.n	10001460 <alarm_pool_irq_handler+0x2ec>
1000145e:	e748      	b.n	100012f2 <alarm_pool_irq_handler+0x17e>
10001460:	e74c      	b.n	100012fc <alarm_pool_irq_handler+0x188>
10001462:	46c0      	nop			@ (mov r8, r8)
10001464:	200212a0 	.word	0x200212a0
10001468:	4005703c 	.word	0x4005703c
1000146c:	10001175 	.word	0x10001175
10001470:	40054000 	.word	0x40054000

10001474 <runtime_init_default_alarm_pool>:
10001474:	b570      	push	{r4, r5, r6, lr}
10001476:	4c2e      	ldr	r4, [pc, #184]	@ (10001530 <runtime_init_default_alarm_pool+0xbc>)
10001478:	6925      	ldr	r5, [r4, #16]
1000147a:	2d00      	cmp	r5, #0
1000147c:	d004      	beq.n	10001488 <runtime_init_default_alarm_pool+0x14>
1000147e:	210a      	movs	r1, #10
10001480:	482c      	ldr	r0, [pc, #176]	@ (10001534 <runtime_init_default_alarm_pool+0xc0>)
10001482:	f7ff fe09 	bl	10001098 <lock_init>
10001486:	bd70      	pop	{r4, r5, r6, pc}
10001488:	4e2b      	ldr	r6, [pc, #172]	@ (10001538 <runtime_init_default_alarm_pool+0xc4>)
1000148a:	2103      	movs	r1, #3
1000148c:	0030      	movs	r0, r6
1000148e:	f000 fa63 	bl	10001958 <timer_hardware_alarm_claim>
10001492:	60e6      	str	r6, [r4, #12]
10001494:	f7ff fbf6 	bl	10000c84 <next_striped_spin_lock_num>
10001498:	4b28      	ldr	r3, [pc, #160]	@ (1000153c <runtime_init_default_alarm_pool+0xc8>)
1000149a:	2203      	movs	r2, #3
1000149c:	469c      	mov	ip, r3
1000149e:	23d0      	movs	r3, #208	@ 0xd0
100014a0:	7022      	strb	r2, [r4, #0]
100014a2:	061b      	lsls	r3, r3, #24
100014a4:	681b      	ldr	r3, [r3, #0]
100014a6:	2101      	movs	r1, #1
100014a8:	7063      	strb	r3, [r4, #1]
100014aa:	4b25      	ldr	r3, [pc, #148]	@ (10001540 <runtime_init_default_alarm_pool+0xcc>)
100014ac:	4460      	add	r0, ip
100014ae:	60a3      	str	r3, [r4, #8]
100014b0:	230f      	movs	r3, #15
100014b2:	0080      	lsls	r0, r0, #2
100014b4:	6120      	str	r0, [r4, #16]
100014b6:	2002      	movs	r0, #2
100014b8:	8063      	strh	r3, [r4, #2]
100014ba:	6963      	ldr	r3, [r4, #20]
100014bc:	4249      	negs	r1, r1
100014be:	80a1      	strh	r1, [r4, #4]
100014c0:	8019      	strh	r1, [r3, #0]
100014c2:	3102      	adds	r1, #2
100014c4:	8619      	strh	r1, [r3, #48]	@ 0x30
100014c6:	3147      	adds	r1, #71	@ 0x47
100014c8:	831d      	strh	r5, [r3, #24]
100014ca:	5258      	strh	r0, [r3, r1]
100014cc:	3118      	adds	r1, #24
100014ce:	525a      	strh	r2, [r3, r1]
100014d0:	3275      	adds	r2, #117	@ 0x75
100014d2:	395c      	subs	r1, #92	@ 0x5c
100014d4:	5299      	strh	r1, [r3, r2]
100014d6:	3218      	adds	r2, #24
100014d8:	3101      	adds	r1, #1
100014da:	5299      	strh	r1, [r3, r2]
100014dc:	3218      	adds	r2, #24
100014de:	3101      	adds	r1, #1
100014e0:	5299      	strh	r1, [r3, r2]
100014e2:	3218      	adds	r2, #24
100014e4:	3101      	adds	r1, #1
100014e6:	5299      	strh	r1, [r3, r2]
100014e8:	3508      	adds	r5, #8
100014ea:	3218      	adds	r2, #24
100014ec:	529d      	strh	r5, [r3, r2]
100014ee:	3102      	adds	r1, #2
100014f0:	3218      	adds	r2, #24
100014f2:	5299      	strh	r1, [r3, r2]
100014f4:	3218      	adds	r2, #24
100014f6:	3101      	adds	r1, #1
100014f8:	5299      	strh	r1, [r3, r2]
100014fa:	3218      	adds	r2, #24
100014fc:	3101      	adds	r1, #1
100014fe:	5299      	strh	r1, [r3, r2]
10001500:	3218      	adds	r2, #24
10001502:	3101      	adds	r1, #1
10001504:	5299      	strh	r1, [r3, r2]
10001506:	3218      	adds	r2, #24
10001508:	3101      	adds	r1, #1
1000150a:	5299      	strh	r1, [r3, r2]
1000150c:	3218      	adds	r2, #24
1000150e:	3101      	adds	r1, #1
10001510:	5299      	strh	r1, [r3, r2]
10001512:	4b0c      	ldr	r3, [pc, #48]	@ (10001544 <runtime_init_default_alarm_pool+0xd0>)
10001514:	490c      	ldr	r1, [pc, #48]	@ (10001548 <runtime_init_default_alarm_pool+0xd4>)
10001516:	60dc      	str	r4, [r3, #12]
10001518:	3001      	adds	r0, #1
1000151a:	6235      	str	r5, [r6, #32]
1000151c:	f7ff fc28 	bl	10000d70 <irq_set_exclusive_handler>
10001520:	2101      	movs	r1, #1
10001522:	2003      	movs	r0, #3
10001524:	f7ff fbec 	bl	10000d00 <irq_set_enabled>
10001528:	4b08      	ldr	r3, [pc, #32]	@ (1000154c <runtime_init_default_alarm_pool+0xd8>)
1000152a:	601d      	str	r5, [r3, #0]
1000152c:	e7a7      	b.n	1000147e <runtime_init_default_alarm_pool+0xa>
1000152e:	46c0      	nop			@ (mov r8, r8)
10001530:	2000102c 	.word	0x2000102c
10001534:	200213bc 	.word	0x200213bc
10001538:	40054000 	.word	0x40054000
1000153c:	34000040 	.word	0x34000040
10001540:	0010ffff 	.word	0x0010ffff
10001544:	200212a0 	.word	0x200212a0
10001548:	10001175 	.word	0x10001175
1000154c:	40056038 	.word	0x40056038

10001550 <alarm_pool_get_default>:
10001550:	4800      	ldr	r0, [pc, #0]	@ (10001554 <alarm_pool_get_default+0x4>)
10001552:	4770      	bx	lr
10001554:	2000102c 	.word	0x2000102c

10001558 <alarm_pool_add_alarm_at>:
10001558:	b5f8      	push	{r3, r4, r5, r6, r7, lr}
1000155a:	001f      	movs	r7, r3
1000155c:	ab08      	add	r3, sp, #32
1000155e:	781b      	ldrb	r3, [r3, #0]
10001560:	0004      	movs	r4, r0
10001562:	0016      	movs	r6, r2
10001564:	2b00      	cmp	r3, #0
10001566:	d108      	bne.n	1000157a <alarm_pool_add_alarm_at+0x22>
10001568:	f000 fa08 	bl	1000197c <time_us_64>
1000156c:	0032      	movs	r2, r6
1000156e:	003b      	movs	r3, r7
10001570:	1a12      	subs	r2, r2, r0
10001572:	418b      	sbcs	r3, r1
10001574:	2b00      	cmp	r3, #0
10001576:	da00      	bge.n	1000157a <alarm_pool_add_alarm_at+0x22>
10001578:	e052      	b.n	10001620 <alarm_pool_add_alarm_at+0xc8>
1000157a:	6922      	ldr	r2, [r4, #16]
1000157c:	f3ef 8010 	mrs	r0, PRIMASK
10001580:	b672      	cpsid	i
10001582:	6813      	ldr	r3, [r2, #0]
10001584:	2b00      	cmp	r3, #0
10001586:	d0fc      	beq.n	10001582 <alarm_pool_add_alarm_at+0x2a>
10001588:	f3bf 8f5f 	dmb	sy
1000158c:	2302      	movs	r3, #2
1000158e:	5ee1      	ldrsh	r1, [r4, r3]
10001590:	6963      	ldr	r3, [r4, #20]
10001592:	004a      	lsls	r2, r1, #1
10001594:	1852      	adds	r2, r2, r1
10001596:	00d2      	lsls	r2, r2, #3
10001598:	189b      	adds	r3, r3, r2
1000159a:	6922      	ldr	r2, [r4, #16]
1000159c:	2900      	cmp	r1, #0
1000159e:	db36      	blt.n	1000160e <alarm_pool_add_alarm_at+0xb6>
100015a0:	881d      	ldrh	r5, [r3, #0]
100015a2:	8065      	strh	r5, [r4, #2]
100015a4:	f3bf 8f5f 	dmb	sy
100015a8:	2500      	movs	r5, #0
100015aa:	6015      	str	r5, [r2, #0]
100015ac:	f380 8810 	msr	PRIMASK, r0
100015b0:	9a06      	ldr	r2, [sp, #24]
100015b2:	609e      	str	r6, [r3, #8]
100015b4:	60df      	str	r7, [r3, #12]
100015b6:	611a      	str	r2, [r3, #16]
100015b8:	9a07      	ldr	r2, [sp, #28]
100015ba:	615a      	str	r2, [r3, #20]
100015bc:	885a      	ldrh	r2, [r3, #2]
100015be:	3201      	adds	r2, #1
100015c0:	0452      	lsls	r2, r2, #17
100015c2:	0c52      	lsrs	r2, r2, #17
100015c4:	1c10      	adds	r0, r2, #0
100015c6:	2a00      	cmp	r2, #0
100015c8:	d01f      	beq.n	1000160a <alarm_pool_add_alarm_at+0xb2>
100015ca:	b282      	uxth	r2, r0
100015cc:	8058      	strh	r0, [r3, #2]
100015ce:	0408      	lsls	r0, r1, #16
100015d0:	4310      	orrs	r0, r2
100015d2:	6926      	ldr	r6, [r4, #16]
100015d4:	f3ef 8710 	mrs	r7, PRIMASK
100015d8:	b672      	cpsid	i
100015da:	6832      	ldr	r2, [r6, #0]
100015dc:	2a00      	cmp	r2, #0
100015de:	d0fc      	beq.n	100015da <alarm_pool_add_alarm_at+0x82>
100015e0:	f3bf 8f5f 	dmb	sy
100015e4:	88a2      	ldrh	r2, [r4, #4]
100015e6:	801a      	strh	r2, [r3, #0]
100015e8:	80a1      	strh	r1, [r4, #4]
100015ea:	6923      	ldr	r3, [r4, #16]
100015ec:	f3bf 8f5f 	dmb	sy
100015f0:	2200      	movs	r2, #0
100015f2:	601a      	str	r2, [r3, #0]
100015f4:	f387 8810 	msr	PRIMASK, r7
100015f8:	490a      	ldr	r1, [pc, #40]	@ (10001624 <alarm_pool_add_alarm_at+0xcc>)
100015fa:	7823      	ldrb	r3, [r4, #0]
100015fc:	468c      	mov	ip, r1
100015fe:	3201      	adds	r2, #1
10001600:	409a      	lsls	r2, r3
10001602:	68e3      	ldr	r3, [r4, #12]
10001604:	4463      	add	r3, ip
10001606:	601a      	str	r2, [r3, #0]
10001608:	bdf8      	pop	{r3, r4, r5, r6, r7, pc}
1000160a:	2001      	movs	r0, #1
1000160c:	e7dd      	b.n	100015ca <alarm_pool_add_alarm_at+0x72>
1000160e:	f3bf 8f5f 	dmb	sy
10001612:	2300      	movs	r3, #0
10001614:	6013      	str	r3, [r2, #0]
10001616:	f380 8810 	msr	PRIMASK, r0
1000161a:	2001      	movs	r0, #1
1000161c:	4240      	negs	r0, r0
1000161e:	e7f3      	b.n	10001608 <alarm_pool_add_alarm_at+0xb0>
10001620:	2000      	movs	r0, #0
10001622:	e7f1      	b.n	10001608 <alarm_pool_add_alarm_at+0xb0>
10001624:	0000203c 	.word	0x0000203c

10001628 <alarm_pool_add_alarm_at_force_in_context>:
10001628:	b570      	push	{r4, r5, r6, lr}
1000162a:	0001      	movs	r1, r0
1000162c:	6904      	ldr	r4, [r0, #16]
1000162e:	f3ef 8c10 	mrs	ip, PRIMASK
10001632:	b672      	cpsid	i
10001634:	6820      	ldr	r0, [r4, #0]
10001636:	2800      	cmp	r0, #0
10001638:	d0fc      	beq.n	10001634 <alarm_pool_add_alarm_at_force_in_context+0xc>
1000163a:	f3bf 8f5f 	dmb	sy
1000163e:	2002      	movs	r0, #2
10001640:	5e0d      	ldrsh	r5, [r1, r0]
10001642:	694c      	ldr	r4, [r1, #20]
10001644:	0068      	lsls	r0, r5, #1
10001646:	1940      	adds	r0, r0, r5
10001648:	00c0      	lsls	r0, r0, #3
1000164a:	1824      	adds	r4, r4, r0
1000164c:	6908      	ldr	r0, [r1, #16]
1000164e:	2d00      	cmp	r5, #0
10001650:	db36      	blt.n	100016c0 <alarm_pool_add_alarm_at_force_in_context+0x98>
10001652:	8826      	ldrh	r6, [r4, #0]
10001654:	804e      	strh	r6, [r1, #2]
10001656:	f3bf 8f5f 	dmb	sy
1000165a:	2600      	movs	r6, #0
1000165c:	6006      	str	r6, [r0, #0]
1000165e:	f38c 8810 	msr	PRIMASK, ip
10001662:	60e3      	str	r3, [r4, #12]
10001664:	8863      	ldrh	r3, [r4, #2]
10001666:	9804      	ldr	r0, [sp, #16]
10001668:	3301      	adds	r3, #1
1000166a:	6120      	str	r0, [r4, #16]
1000166c:	045b      	lsls	r3, r3, #17
1000166e:	9805      	ldr	r0, [sp, #20]
10001670:	0c5b      	lsrs	r3, r3, #17
10001672:	60a2      	str	r2, [r4, #8]
10001674:	6160      	str	r0, [r4, #20]
10001676:	1c1a      	adds	r2, r3, #0
10001678:	2b00      	cmp	r3, #0
1000167a:	d01f      	beq.n	100016bc <alarm_pool_add_alarm_at_force_in_context+0x94>
1000167c:	b293      	uxth	r3, r2
1000167e:	0428      	lsls	r0, r5, #16
10001680:	8062      	strh	r2, [r4, #2]
10001682:	4318      	orrs	r0, r3
10001684:	690a      	ldr	r2, [r1, #16]
10001686:	f3ef 8c10 	mrs	ip, PRIMASK
1000168a:	b672      	cpsid	i
1000168c:	6813      	ldr	r3, [r2, #0]
1000168e:	2b00      	cmp	r3, #0
10001690:	d0fc      	beq.n	1000168c <alarm_pool_add_alarm_at_force_in_context+0x64>
10001692:	f3bf 8f5f 	dmb	sy
10001696:	888b      	ldrh	r3, [r1, #4]
10001698:	8023      	strh	r3, [r4, #0]
1000169a:	808d      	strh	r5, [r1, #4]
1000169c:	690b      	ldr	r3, [r1, #16]
1000169e:	f3bf 8f5f 	dmb	sy
100016a2:	2200      	movs	r2, #0
100016a4:	601a      	str	r2, [r3, #0]
100016a6:	f38c 8810 	msr	PRIMASK, ip
100016aa:	780b      	ldrb	r3, [r1, #0]
100016ac:	3201      	adds	r2, #1
100016ae:	409a      	lsls	r2, r3
100016b0:	68cb      	ldr	r3, [r1, #12]
100016b2:	4908      	ldr	r1, [pc, #32]	@ (100016d4 <alarm_pool_add_alarm_at_force_in_context+0xac>)
100016b4:	468c      	mov	ip, r1
100016b6:	4463      	add	r3, ip
100016b8:	601a      	str	r2, [r3, #0]
100016ba:	bd70      	pop	{r4, r5, r6, pc}
100016bc:	2201      	movs	r2, #1
100016be:	e7dd      	b.n	1000167c <alarm_pool_add_alarm_at_force_in_context+0x54>
100016c0:	f3bf 8f5f 	dmb	sy
100016c4:	2300      	movs	r3, #0
100016c6:	6003      	str	r3, [r0, #0]
100016c8:	f38c 8810 	msr	PRIMASK, ip
100016cc:	2001      	movs	r0, #1
100016ce:	4240      	negs	r0, r0
100016d0:	e7f3      	b.n	100016ba <alarm_pool_add_alarm_at_force_in_context+0x92>
100016d2:	46c0      	nop			@ (mov r8, r8)
100016d4:	0000203c 	.word	0x0000203c

100016d8 <alarm_pool_cancel_alarm>:
100016d8:	b510      	push	{r4, lr}
100016da:	8943      	ldrh	r3, [r0, #10]
100016dc:	140a      	asrs	r2, r1, #16
100016de:	4293      	cmp	r3, r2
100016e0:	dd1a      	ble.n	10001718 <alarm_pool_cancel_alarm+0x40>
100016e2:	0053      	lsls	r3, r2, #1
100016e4:	189b      	adds	r3, r3, r2
100016e6:	6942      	ldr	r2, [r0, #20]
100016e8:	00db      	lsls	r3, r3, #3
100016ea:	18d3      	adds	r3, r2, r3
100016ec:	6904      	ldr	r4, [r0, #16]
100016ee:	f3ef 8c10 	mrs	ip, PRIMASK
100016f2:	b672      	cpsid	i
100016f4:	6822      	ldr	r2, [r4, #0]
100016f6:	2a00      	cmp	r2, #0
100016f8:	d0fc      	beq.n	100016f4 <alarm_pool_cancel_alarm+0x1c>
100016fa:	f3bf 8f5f 	dmb	sy
100016fe:	885a      	ldrh	r2, [r3, #2]
10001700:	0409      	lsls	r1, r1, #16
10001702:	b294      	uxth	r4, r2
10001704:	0c09      	lsrs	r1, r1, #16
10001706:	428a      	cmp	r2, r1
10001708:	d008      	beq.n	1000171c <alarm_pool_cancel_alarm+0x44>
1000170a:	6903      	ldr	r3, [r0, #16]
1000170c:	f3bf 8f5f 	dmb	sy
10001710:	2200      	movs	r2, #0
10001712:	601a      	str	r2, [r3, #0]
10001714:	f38c 8810 	msr	PRIMASK, ip
10001718:	2000      	movs	r0, #0
1000171a:	bd10      	pop	{r4, pc}
1000171c:	2280      	movs	r2, #128	@ 0x80
1000171e:	0212      	lsls	r2, r2, #8
10001720:	4314      	orrs	r4, r2
10001722:	805c      	strh	r4, [r3, #2]
10001724:	2301      	movs	r3, #1
10001726:	6902      	ldr	r2, [r0, #16]
10001728:	7183      	strb	r3, [r0, #6]
1000172a:	f3bf 8f5f 	dmb	sy
1000172e:	2100      	movs	r1, #0
10001730:	6011      	str	r1, [r2, #0]
10001732:	f38c 8810 	msr	PRIMASK, ip
10001736:	4904      	ldr	r1, [pc, #16]	@ (10001748 <alarm_pool_cancel_alarm+0x70>)
10001738:	7802      	ldrb	r2, [r0, #0]
1000173a:	468c      	mov	ip, r1
1000173c:	4093      	lsls	r3, r2
1000173e:	68c2      	ldr	r2, [r0, #12]
10001740:	2001      	movs	r0, #1
10001742:	4462      	add	r2, ip
10001744:	6013      	str	r3, [r2, #0]
10001746:	e7e8      	b.n	1000171a <alarm_pool_cancel_alarm+0x42>
10001748:	0000203c 	.word	0x0000203c

1000174c <alarm_pool_core_num>:
1000174c:	7840      	ldrb	r0, [r0, #1]
1000174e:	4770      	bx	lr

10001750 <sleep_ms>:
10001750:	b5f0      	push	{r4, r5, r6, r7, lr}
10001752:	46c6      	mov	lr, r8
10001754:	b500      	push	{lr}
10001756:	b082      	sub	sp, #8
10001758:	0004      	movs	r4, r0
1000175a:	f000 f90f 	bl	1000197c <time_us_64>
1000175e:	22fa      	movs	r2, #250	@ 0xfa
10001760:	0006      	movs	r6, r0
10001762:	000f      	movs	r7, r1
10001764:	0020      	movs	r0, r4
10001766:	2300      	movs	r3, #0
10001768:	2100      	movs	r1, #0
1000176a:	0092      	lsls	r2, r2, #2
1000176c:	f000 fc86 	bl	1000207c <__wrap___aeabi_lmul>
10001770:	1980      	adds	r0, r0, r6
10001772:	4179      	adcs	r1, r7
10001774:	0004      	movs	r4, r0
10001776:	1e0d      	subs	r5, r1, #0
10001778:	da02      	bge.n	10001780 <sleep_ms+0x30>
1000177a:	2401      	movs	r4, #1
1000177c:	4d2e      	ldr	r5, [pc, #184]	@ (10001838 <sleep_ms+0xe8>)
1000177e:	4264      	negs	r4, r4
10001780:	2606      	movs	r6, #6
10001782:	4276      	negs	r6, r6
10001784:	17f7      	asrs	r7, r6, #31
10001786:	1936      	adds	r6, r6, r4
10001788:	416f      	adcs	r7, r5
1000178a:	42af      	cmp	r7, r5
1000178c:	d814      	bhi.n	100017b8 <sleep_ms+0x68>
1000178e:	d011      	beq.n	100017b4 <sleep_ms+0x64>
10001790:	f000 f8f4 	bl	1000197c <time_us_64>
10001794:	0032      	movs	r2, r6
10001796:	003b      	movs	r3, r7
10001798:	1a12      	subs	r2, r2, r0
1000179a:	418b      	sbcs	r3, r1
1000179c:	2b00      	cmp	r3, #0
1000179e:	dc15      	bgt.n	100017cc <sleep_ms+0x7c>
100017a0:	2b00      	cmp	r3, #0
100017a2:	d046      	beq.n	10001832 <sleep_ms+0xe2>
100017a4:	0020      	movs	r0, r4
100017a6:	0029      	movs	r1, r5
100017a8:	f000 f8f2 	bl	10001990 <busy_wait_until>
100017ac:	b002      	add	sp, #8
100017ae:	bc80      	pop	{r7}
100017b0:	46b8      	mov	r8, r7
100017b2:	bdf0      	pop	{r4, r5, r6, r7, pc}
100017b4:	42a6      	cmp	r6, r4
100017b6:	d9eb      	bls.n	10001790 <sleep_ms+0x40>
100017b8:	2600      	movs	r6, #0
100017ba:	2700      	movs	r7, #0
100017bc:	f000 f8de 	bl	1000197c <time_us_64>
100017c0:	0032      	movs	r2, r6
100017c2:	003b      	movs	r3, r7
100017c4:	1a12      	subs	r2, r2, r0
100017c6:	418b      	sbcs	r3, r1
100017c8:	2b00      	cmp	r3, #0
100017ca:	dde9      	ble.n	100017a0 <sleep_ms+0x50>
100017cc:	f000 f8d6 	bl	1000197c <time_us_64>
100017d0:	0032      	movs	r2, r6
100017d2:	003b      	movs	r3, r7
100017d4:	1a12      	subs	r2, r2, r0
100017d6:	418b      	sbcs	r3, r1
100017d8:	2b00      	cmp	r3, #0
100017da:	db0a      	blt.n	100017f2 <sleep_ms+0xa2>
100017dc:	2300      	movs	r3, #0
100017de:	9301      	str	r3, [sp, #4]
100017e0:	4b16      	ldr	r3, [pc, #88]	@ (1000183c <sleep_ms+0xec>)
100017e2:	0032      	movs	r2, r6
100017e4:	9300      	str	r3, [sp, #0]
100017e6:	4816      	ldr	r0, [pc, #88]	@ (10001840 <sleep_ms+0xf0>)
100017e8:	003b      	movs	r3, r7
100017ea:	f7ff ff1d 	bl	10001628 <alarm_pool_add_alarm_at_force_in_context>
100017ee:	3001      	adds	r0, #1
100017f0:	d0d8      	beq.n	100017a4 <sleep_ms+0x54>
100017f2:	2300      	movs	r3, #0
100017f4:	0039      	movs	r1, r7
100017f6:	46b0      	mov	r8, r6
100017f8:	469c      	mov	ip, r3
100017fa:	4a12      	ldr	r2, [pc, #72]	@ (10001844 <sleep_ms+0xf4>)
100017fc:	4812      	ldr	r0, [pc, #72]	@ (10001848 <sleep_ms+0xf8>)
100017fe:	6a53      	ldr	r3, [r2, #36]	@ 0x24
10001800:	4299      	cmp	r1, r3
10001802:	d804      	bhi.n	1000180e <sleep_ms+0xbe>
10001804:	6a96      	ldr	r6, [r2, #40]	@ 0x28
10001806:	4546      	cmp	r6, r8
10001808:	d2cc      	bcs.n	100017a4 <sleep_ms+0x54>
1000180a:	4299      	cmp	r1, r3
1000180c:	d1ca      	bne.n	100017a4 <sleep_ms+0x54>
1000180e:	6806      	ldr	r6, [r0, #0]
10001810:	f3ef 8710 	mrs	r7, PRIMASK
10001814:	b672      	cpsid	i
10001816:	6833      	ldr	r3, [r6, #0]
10001818:	2b00      	cmp	r3, #0
1000181a:	d0fc      	beq.n	10001816 <sleep_ms+0xc6>
1000181c:	f3bf 8f5f 	dmb	sy
10001820:	6803      	ldr	r3, [r0, #0]
10001822:	f3bf 8f5f 	dmb	sy
10001826:	4666      	mov	r6, ip
10001828:	601e      	str	r6, [r3, #0]
1000182a:	f387 8810 	msr	PRIMASK, r7
1000182e:	bf20      	wfe
10001830:	e7e5      	b.n	100017fe <sleep_ms+0xae>
10001832:	2a00      	cmp	r2, #0
10001834:	d0b6      	beq.n	100017a4 <sleep_ms+0x54>
10001836:	e7c9      	b.n	100017cc <sleep_ms+0x7c>
10001838:	7fffffff 	.word	0x7fffffff
1000183c:	10001145 	.word	0x10001145
10001840:	2000102c 	.word	0x2000102c
10001844:	40054000 	.word	0x40054000
10001848:	200213bc 	.word	0x200213bc

1000184c <best_effort_wfe_or_timeout>:
1000184c:	b5f0      	push	{r4, r5, r6, r7, lr}
1000184e:	4657      	mov	r7, sl
10001850:	464e      	mov	r6, r9
10001852:	46de      	mov	lr, fp
10001854:	4645      	mov	r5, r8
10001856:	b5e0      	push	{r5, r6, r7, lr}
10001858:	0006      	movs	r6, r0
1000185a:	000f      	movs	r7, r1
1000185c:	b085      	sub	sp, #20
1000185e:	f3ef 8305 	mrs	r3, IPSR
10001862:	4699      	mov	r9, r3
10001864:	468b      	mov	fp, r1
10001866:	2b00      	cmp	r3, #0
10001868:	d012      	beq.n	10001890 <best_effort_wfe_or_timeout+0x44>
1000186a:	4938      	ldr	r1, [pc, #224]	@ (1000194c <best_effort_wfe_or_timeout+0x100>)
1000186c:	2000      	movs	r0, #0
1000186e:	6a4b      	ldr	r3, [r1, #36]	@ 0x24
10001870:	42bb      	cmp	r3, r7
10001872:	d306      	bcc.n	10001882 <best_effort_wfe_or_timeout+0x36>
10001874:	6a8a      	ldr	r2, [r1, #40]	@ 0x28
10001876:	1bdb      	subs	r3, r3, r7
10001878:	1e59      	subs	r1, r3, #1
1000187a:	418b      	sbcs	r3, r1
1000187c:	42b2      	cmp	r2, r6
1000187e:	4140      	adcs	r0, r0
10001880:	4318      	orrs	r0, r3
10001882:	b005      	add	sp, #20
10001884:	bcf0      	pop	{r4, r5, r6, r7}
10001886:	46bb      	mov	fp, r7
10001888:	46b2      	mov	sl, r6
1000188a:	46a9      	mov	r9, r5
1000188c:	46a0      	mov	r8, r4
1000188e:	bdf0      	pop	{r4, r5, r6, r7, pc}
10001890:	4b2f      	ldr	r3, [pc, #188]	@ (10001950 <best_effort_wfe_or_timeout+0x104>)
10001892:	469a      	mov	sl, r3
10001894:	68db      	ldr	r3, [r3, #12]
10001896:	4698      	mov	r8, r3
10001898:	4653      	mov	r3, sl
1000189a:	781b      	ldrb	r3, [r3, #0]
1000189c:	4640      	mov	r0, r8
1000189e:	9303      	str	r3, [sp, #12]
100018a0:	f000 f864 	bl	1000196c <timer_time_us_64>
100018a4:	4642      	mov	r2, r8
100018a6:	9b03      	ldr	r3, [sp, #12]
100018a8:	0004      	movs	r4, r0
100018aa:	3304      	adds	r3, #4
100018ac:	009b      	lsls	r3, r3, #2
100018ae:	589b      	ldr	r3, [r3, r2]
100018b0:	000d      	movs	r5, r1
100018b2:	1a1b      	subs	r3, r3, r0
100018b4:	0039      	movs	r1, r7
100018b6:	0030      	movs	r0, r6
100018b8:	1b00      	subs	r0, r0, r4
100018ba:	41a9      	sbcs	r1, r5
100018bc:	4589      	cmp	r9, r1
100018be:	dc10      	bgt.n	100018e2 <best_effort_wfe_or_timeout+0x96>
100018c0:	d00d      	beq.n	100018de <best_effort_wfe_or_timeout+0x92>
100018c2:	bf20      	wfe
100018c4:	4a21      	ldr	r2, [pc, #132]	@ (1000194c <best_effort_wfe_or_timeout+0x100>)
100018c6:	2000      	movs	r0, #0
100018c8:	6a53      	ldr	r3, [r2, #36]	@ 0x24
100018ca:	455b      	cmp	r3, fp
100018cc:	d3d9      	bcc.n	10001882 <best_effort_wfe_or_timeout+0x36>
100018ce:	6a92      	ldr	r2, [r2, #40]	@ 0x28
100018d0:	1bdb      	subs	r3, r3, r7
100018d2:	1e59      	subs	r1, r3, #1
100018d4:	418b      	sbcs	r3, r1
100018d6:	42b2      	cmp	r2, r6
100018d8:	4140      	adcs	r0, r0
100018da:	4318      	orrs	r0, r3
100018dc:	e7d1      	b.n	10001882 <best_effort_wfe_or_timeout+0x36>
100018de:	4283      	cmp	r3, r0
100018e0:	d9ef      	bls.n	100018c2 <best_effort_wfe_or_timeout+0x76>
100018e2:	f000 f84b 	bl	1000197c <time_us_64>
100018e6:	0032      	movs	r2, r6
100018e8:	003b      	movs	r3, r7
100018ea:	1a12      	subs	r2, r2, r0
100018ec:	418b      	sbcs	r3, r1
100018ee:	2b00      	cmp	r3, #0
100018f0:	db1a      	blt.n	10001928 <best_effort_wfe_or_timeout+0xdc>
100018f2:	2300      	movs	r3, #0
100018f4:	9301      	str	r3, [sp, #4]
100018f6:	4b17      	ldr	r3, [pc, #92]	@ (10001954 <best_effort_wfe_or_timeout+0x108>)
100018f8:	0032      	movs	r2, r6
100018fa:	9300      	str	r3, [sp, #0]
100018fc:	4650      	mov	r0, sl
100018fe:	003b      	movs	r3, r7
10001900:	f7ff fe92 	bl	10001628 <alarm_pool_add_alarm_at_force_in_context>
10001904:	1e01      	subs	r1, r0, #0
10001906:	dd0f      	ble.n	10001928 <best_effort_wfe_or_timeout+0xdc>
10001908:	4b10      	ldr	r3, [pc, #64]	@ (1000194c <best_effort_wfe_or_timeout+0x100>)
1000190a:	6a5a      	ldr	r2, [r3, #36]	@ 0x24
1000190c:	455a      	cmp	r2, fp
1000190e:	d31b      	bcc.n	10001948 <best_effort_wfe_or_timeout+0xfc>
10001910:	6a9b      	ldr	r3, [r3, #40]	@ 0x28
10001912:	42b3      	cmp	r3, r6
10001914:	d316      	bcc.n	10001944 <best_effort_wfe_or_timeout+0xf8>
10001916:	4650      	mov	r0, sl
10001918:	f7ff fede 	bl	100016d8 <alarm_pool_cancel_alarm>
1000191c:	4a0b      	ldr	r2, [pc, #44]	@ (1000194c <best_effort_wfe_or_timeout+0x100>)
1000191e:	2000      	movs	r0, #0
10001920:	6a53      	ldr	r3, [r2, #36]	@ 0x24
10001922:	455b      	cmp	r3, fp
10001924:	d3ad      	bcc.n	10001882 <best_effort_wfe_or_timeout+0x36>
10001926:	e7d2      	b.n	100018ce <best_effort_wfe_or_timeout+0x82>
10001928:	4a08      	ldr	r2, [pc, #32]	@ (1000194c <best_effort_wfe_or_timeout+0x100>)
1000192a:	2000      	movs	r0, #0
1000192c:	6a53      	ldr	r3, [r2, #36]	@ 0x24
1000192e:	455b      	cmp	r3, fp
10001930:	d3a7      	bcc.n	10001882 <best_effort_wfe_or_timeout+0x36>
10001932:	2000      	movs	r0, #0
10001934:	6a92      	ldr	r2, [r2, #40]	@ 0x28
10001936:	1bdb      	subs	r3, r3, r7
10001938:	42b2      	cmp	r2, r6
1000193a:	4140      	adcs	r0, r0
1000193c:	1e5a      	subs	r2, r3, #1
1000193e:	4193      	sbcs	r3, r2
10001940:	4318      	orrs	r0, r3
10001942:	e79e      	b.n	10001882 <best_effort_wfe_or_timeout+0x36>
10001944:	455a      	cmp	r2, fp
10001946:	d1e6      	bne.n	10001916 <best_effort_wfe_or_timeout+0xca>
10001948:	bf20      	wfe
1000194a:	e7e4      	b.n	10001916 <best_effort_wfe_or_timeout+0xca>
1000194c:	40054000 	.word	0x40054000
10001950:	2000102c 	.word	0x2000102c
10001954:	10001145 	.word	0x10001145

10001958 <timer_hardware_alarm_claim>:
10001958:	b510      	push	{r4, lr}
1000195a:	4a02      	ldr	r2, [pc, #8]	@ (10001964 <timer_hardware_alarm_claim+0xc>)
1000195c:	4802      	ldr	r0, [pc, #8]	@ (10001968 <timer_hardware_alarm_claim+0x10>)
1000195e:	f7ff f92b 	bl	10000bb8 <hw_claim_or_assert>
10001962:	bd10      	pop	{r4, pc}
10001964:	10004f2c 	.word	0x10004f2c
10001968:	20001a14 	.word	0x20001a14

1000196c <timer_time_us_64>:
1000196c:	0003      	movs	r3, r0
1000196e:	6a41      	ldr	r1, [r0, #36]	@ 0x24
10001970:	000a      	movs	r2, r1
10001972:	6a98      	ldr	r0, [r3, #40]	@ 0x28
10001974:	6a59      	ldr	r1, [r3, #36]	@ 0x24
10001976:	428a      	cmp	r2, r1
10001978:	d1fa      	bne.n	10001970 <timer_time_us_64+0x4>
1000197a:	4770      	bx	lr

1000197c <time_us_64>:
1000197c:	4b03      	ldr	r3, [pc, #12]	@ (1000198c <time_us_64+0x10>)
1000197e:	6a59      	ldr	r1, [r3, #36]	@ 0x24
10001980:	000a      	movs	r2, r1
10001982:	6a98      	ldr	r0, [r3, #40]	@ 0x28
10001984:	6a59      	ldr	r1, [r3, #36]	@ 0x24
10001986:	4291      	cmp	r1, r2
10001988:	d1fa      	bne.n	10001980 <time_us_64+0x4>
1000198a:	4770      	bx	lr
1000198c:	40054000 	.word	0x40054000

10001990 <busy_wait_until>:
10001990:	4a06      	ldr	r2, [pc, #24]	@ (100019ac <busy_wait_until+0x1c>)
10001992:	6a53      	ldr	r3, [r2, #36]	@ 0x24
10001994:	4299      	cmp	r1, r3
10001996:	d8fc      	bhi.n	10001992 <busy_wait_until+0x2>
10001998:	d107      	bne.n	100019aa <busy_wait_until+0x1a>
1000199a:	4b04      	ldr	r3, [pc, #16]	@ (100019ac <busy_wait_until+0x1c>)
1000199c:	e002      	b.n	100019a4 <busy_wait_until+0x14>
1000199e:	6a5a      	ldr	r2, [r3, #36]	@ 0x24
100019a0:	4291      	cmp	r1, r2
100019a2:	d102      	bne.n	100019aa <busy_wait_until+0x1a>
100019a4:	6a9a      	ldr	r2, [r3, #40]	@ 0x28
100019a6:	4290      	cmp	r0, r2
100019a8:	d8f9      	bhi.n	1000199e <busy_wait_until+0xe>
100019aa:	4770      	bx	lr
100019ac:	40054000 	.word	0x40054000

100019b0 <clock_configure_int_divider>:
100019b0:	b5f8      	push	{r3, r4, r5, r6, r7, lr}
100019b2:	46de      	mov	lr, fp
100019b4:	464e      	mov	r6, r9
100019b6:	4657      	mov	r7, sl
100019b8:	4645      	mov	r5, r8
100019ba:	b5e0      	push	{r5, r6, r7, lr}
100019bc:	468b      	mov	fp, r1
100019be:	0005      	movs	r5, r0
100019c0:	990a      	ldr	r1, [sp, #40]	@ 0x28
100019c2:	0018      	movs	r0, r3
100019c4:	0016      	movs	r6, r2
100019c6:	f000 fac7 	bl	10001f58 <__wrap___aeabi_uidiv>
100019ca:	9b0a      	ldr	r3, [sp, #40]	@ 0x28
100019cc:	006c      	lsls	r4, r5, #1
100019ce:	021f      	lsls	r7, r3, #8
100019d0:	4b32      	ldr	r3, [pc, #200]	@ (10001a9c <clock_configure_int_divider+0xec>)
100019d2:	1964      	adds	r4, r4, r5
100019d4:	469c      	mov	ip, r3
100019d6:	00a4      	lsls	r4, r4, #2
100019d8:	4464      	add	r4, ip
100019da:	6863      	ldr	r3, [r4, #4]
100019dc:	4681      	mov	r9, r0
100019de:	429f      	cmp	r7, r3
100019e0:	d900      	bls.n	100019e4 <clock_configure_int_divider+0x34>
100019e2:	6067      	str	r7, [r4, #4]
100019e4:	1f2b      	subs	r3, r5, #4
100019e6:	b2db      	uxtb	r3, r3
100019e8:	4698      	mov	r8, r3
100019ea:	2b01      	cmp	r3, #1
100019ec:	d930      	bls.n	10001a50 <clock_configure_int_divider+0xa0>
100019ee:	23c0      	movs	r3, #192	@ 0xc0
100019f0:	2280      	movs	r2, #128	@ 0x80
100019f2:	019b      	lsls	r3, r3, #6
100019f4:	18e3      	adds	r3, r4, r3
100019f6:	0112      	lsls	r2, r2, #4
100019f8:	601a      	str	r2, [r3, #0]
100019fa:	4b29      	ldr	r3, [pc, #164]	@ (10001aa0 <clock_configure_int_divider+0xf0>)
100019fc:	00ad      	lsls	r5, r5, #2
100019fe:	5959      	ldr	r1, [r3, r5]
10001a00:	469a      	mov	sl, r3
10001a02:	2900      	cmp	r1, #0
10001a04:	d11b      	bne.n	10001a3e <clock_configure_int_divider+0x8e>
10001a06:	0173      	lsls	r3, r6, #5
10001a08:	26e0      	movs	r6, #224	@ 0xe0
10001a0a:	6822      	ldr	r2, [r4, #0]
10001a0c:	4053      	eors	r3, r2
10001a0e:	401e      	ands	r6, r3
10001a10:	2380      	movs	r3, #128	@ 0x80
10001a12:	4642      	mov	r2, r8
10001a14:	015b      	lsls	r3, r3, #5
10001a16:	18e3      	adds	r3, r4, r3
10001a18:	601e      	str	r6, [r3, #0]
10001a1a:	2a01      	cmp	r2, #1
10001a1c:	d930      	bls.n	10001a80 <clock_configure_int_divider+0xd0>
10001a1e:	2380      	movs	r3, #128	@ 0x80
10001a20:	2280      	movs	r2, #128	@ 0x80
10001a22:	019b      	lsls	r3, r3, #6
10001a24:	18e3      	adds	r3, r4, r3
10001a26:	0112      	lsls	r2, r2, #4
10001a28:	601a      	str	r2, [r3, #0]
10001a2a:	4653      	mov	r3, sl
10001a2c:	464a      	mov	r2, r9
10001a2e:	6067      	str	r7, [r4, #4]
10001a30:	515a      	str	r2, [r3, r5]
10001a32:	bcf0      	pop	{r4, r5, r6, r7}
10001a34:	46bb      	mov	fp, r7
10001a36:	46b2      	mov	sl, r6
10001a38:	46a9      	mov	r9, r5
10001a3a:	46a0      	mov	r8, r4
10001a3c:	bdf8      	pop	{r3, r4, r5, r6, r7, pc}
10001a3e:	6958      	ldr	r0, [r3, #20]
10001a40:	f000 fa8a 	bl	10001f58 <__wrap___aeabi_uidiv>
10001a44:	3001      	adds	r0, #1
10001a46:	0043      	lsls	r3, r0, #1
10001a48:	181b      	adds	r3, r3, r0
10001a4a:	3b03      	subs	r3, #3
10001a4c:	d2fd      	bcs.n	10001a4a <clock_configure_int_divider+0x9a>
10001a4e:	e7da      	b.n	10001a06 <clock_configure_int_divider+0x56>
10001a50:	465b      	mov	r3, fp
10001a52:	2b01      	cmp	r3, #1
10001a54:	d1cb      	bne.n	100019ee <clock_configure_int_divider+0x3e>
10001a56:	23c0      	movs	r3, #192	@ 0xc0
10001a58:	2203      	movs	r2, #3
10001a5a:	019b      	lsls	r3, r3, #6
10001a5c:	18e3      	adds	r3, r4, r3
10001a5e:	601a      	str	r2, [r3, #0]
10001a60:	3a02      	subs	r2, #2
10001a62:	68a3      	ldr	r3, [r4, #8]
10001a64:	421a      	tst	r2, r3
10001a66:	d0fc      	beq.n	10001a62 <clock_configure_int_divider+0xb2>
10001a68:	0173      	lsls	r3, r6, #5
10001a6a:	26e0      	movs	r6, #224	@ 0xe0
10001a6c:	6822      	ldr	r2, [r4, #0]
10001a6e:	00ad      	lsls	r5, r5, #2
10001a70:	4053      	eors	r3, r2
10001a72:	401e      	ands	r6, r3
10001a74:	2380      	movs	r3, #128	@ 0x80
10001a76:	4a0a      	ldr	r2, [pc, #40]	@ (10001aa0 <clock_configure_int_divider+0xf0>)
10001a78:	015b      	lsls	r3, r3, #5
10001a7a:	4692      	mov	sl, r2
10001a7c:	18e3      	adds	r3, r4, r3
10001a7e:	601e      	str	r6, [r3, #0]
10001a80:	465a      	mov	r2, fp
10001a82:	6821      	ldr	r1, [r4, #0]
10001a84:	4051      	eors	r1, r2
10001a86:	2203      	movs	r2, #3
10001a88:	400a      	ands	r2, r1
10001a8a:	601a      	str	r2, [r3, #0]
10001a8c:	2201      	movs	r2, #1
10001a8e:	465b      	mov	r3, fp
10001a90:	409a      	lsls	r2, r3
10001a92:	68a3      	ldr	r3, [r4, #8]
10001a94:	421a      	tst	r2, r3
10001a96:	d0fc      	beq.n	10001a92 <clock_configure_int_divider+0xe2>
10001a98:	e7c1      	b.n	10001a1e <clock_configure_int_divider+0x6e>
10001a9a:	46c0      	nop			@ (mov r8, r8)
10001a9c:	40008000 	.word	0x40008000
10001aa0:	20001a18 	.word	0x20001a18

10001aa4 <clock_configure_undivided>:
10001aa4:	b5f0      	push	{r4, r5, r6, r7, lr}
10001aa6:	4646      	mov	r6, r8
10001aa8:	464f      	mov	r7, r9
10001aaa:	46d6      	mov	lr, sl
10001aac:	b5c0      	push	{r6, r7, lr}
10001aae:	001f      	movs	r7, r3
10001ab0:	4b34      	ldr	r3, [pc, #208]	@ (10001b84 <clock_configure_undivided+0xe0>)
10001ab2:	0044      	lsls	r4, r0, #1
10001ab4:	469c      	mov	ip, r3
10001ab6:	1824      	adds	r4, r4, r0
10001ab8:	00a4      	lsls	r4, r4, #2
10001aba:	4464      	add	r4, ip
10001abc:	6863      	ldr	r3, [r4, #4]
10001abe:	4688      	mov	r8, r1
10001ac0:	0016      	movs	r6, r2
10001ac2:	2bff      	cmp	r3, #255	@ 0xff
10001ac4:	d802      	bhi.n	10001acc <clock_configure_undivided+0x28>
10001ac6:	2380      	movs	r3, #128	@ 0x80
10001ac8:	005b      	lsls	r3, r3, #1
10001aca:	6063      	str	r3, [r4, #4]
10001acc:	1f03      	subs	r3, r0, #4
10001ace:	b2db      	uxtb	r3, r3
10001ad0:	469a      	mov	sl, r3
10001ad2:	2b01      	cmp	r3, #1
10001ad4:	d930      	bls.n	10001b38 <clock_configure_undivided+0x94>
10001ad6:	23c0      	movs	r3, #192	@ 0xc0
10001ad8:	2280      	movs	r2, #128	@ 0x80
10001ada:	019b      	lsls	r3, r3, #6
10001adc:	18e3      	adds	r3, r4, r3
10001ade:	0112      	lsls	r2, r2, #4
10001ae0:	601a      	str	r2, [r3, #0]
10001ae2:	4b29      	ldr	r3, [pc, #164]	@ (10001b88 <clock_configure_undivided+0xe4>)
10001ae4:	0085      	lsls	r5, r0, #2
10001ae6:	5959      	ldr	r1, [r3, r5]
10001ae8:	4699      	mov	r9, r3
10001aea:	2900      	cmp	r1, #0
10001aec:	d11b      	bne.n	10001b26 <clock_configure_undivided+0x82>
10001aee:	0173      	lsls	r3, r6, #5
10001af0:	26e0      	movs	r6, #224	@ 0xe0
10001af2:	6822      	ldr	r2, [r4, #0]
10001af4:	4053      	eors	r3, r2
10001af6:	401e      	ands	r6, r3
10001af8:	2380      	movs	r3, #128	@ 0x80
10001afa:	4652      	mov	r2, sl
10001afc:	015b      	lsls	r3, r3, #5
10001afe:	18e3      	adds	r3, r4, r3
10001b00:	601e      	str	r6, [r3, #0]
10001b02:	2a01      	cmp	r2, #1
10001b04:	d930      	bls.n	10001b68 <clock_configure_undivided+0xc4>
10001b06:	2380      	movs	r3, #128	@ 0x80
10001b08:	2280      	movs	r2, #128	@ 0x80
10001b0a:	019b      	lsls	r3, r3, #6
10001b0c:	18e3      	adds	r3, r4, r3
10001b0e:	0112      	lsls	r2, r2, #4
10001b10:	601a      	str	r2, [r3, #0]
10001b12:	2380      	movs	r3, #128	@ 0x80
10001b14:	005b      	lsls	r3, r3, #1
10001b16:	6063      	str	r3, [r4, #4]
10001b18:	464b      	mov	r3, r9
10001b1a:	515f      	str	r7, [r3, r5]
10001b1c:	bce0      	pop	{r5, r6, r7}
10001b1e:	46ba      	mov	sl, r7
10001b20:	46b1      	mov	r9, r6
10001b22:	46a8      	mov	r8, r5
10001b24:	bdf0      	pop	{r4, r5, r6, r7, pc}
10001b26:	6958      	ldr	r0, [r3, #20]
10001b28:	f000 fa16 	bl	10001f58 <__wrap___aeabi_uidiv>
10001b2c:	3001      	adds	r0, #1
10001b2e:	0043      	lsls	r3, r0, #1
10001b30:	181b      	adds	r3, r3, r0
10001b32:	3b03      	subs	r3, #3
10001b34:	d2fd      	bcs.n	10001b32 <clock_configure_undivided+0x8e>
10001b36:	e7da      	b.n	10001aee <clock_configure_undivided+0x4a>
10001b38:	4643      	mov	r3, r8
10001b3a:	2b01      	cmp	r3, #1
10001b3c:	d1cb      	bne.n	10001ad6 <clock_configure_undivided+0x32>
10001b3e:	23c0      	movs	r3, #192	@ 0xc0
10001b40:	2203      	movs	r2, #3
10001b42:	019b      	lsls	r3, r3, #6
10001b44:	18e3      	adds	r3, r4, r3
10001b46:	601a      	str	r2, [r3, #0]
10001b48:	3a02      	subs	r2, #2
10001b4a:	68a3      	ldr	r3, [r4, #8]
10001b4c:	421a      	tst	r2, r3
10001b4e:	d0fc      	beq.n	10001b4a <clock_configure_undivided+0xa6>
10001b50:	0173      	lsls	r3, r6, #5
10001b52:	26e0      	movs	r6, #224	@ 0xe0
10001b54:	6822      	ldr	r2, [r4, #0]
10001b56:	0085      	lsls	r5, r0, #2
10001b58:	4053      	eors	r3, r2
10001b5a:	401e      	ands	r6, r3
10001b5c:	2380      	movs	r3, #128	@ 0x80
10001b5e:	4a0a      	ldr	r2, [pc, #40]	@ (10001b88 <clock_configure_undivided+0xe4>)
10001b60:	015b      	lsls	r3, r3, #5
10001b62:	4691      	mov	r9, r2
10001b64:	18e3      	adds	r3, r4, r3
10001b66:	601e      	str	r6, [r3, #0]
10001b68:	4642      	mov	r2, r8
10001b6a:	6821      	ldr	r1, [r4, #0]
10001b6c:	4051      	eors	r1, r2
10001b6e:	2203      	movs	r2, #3
10001b70:	400a      	ands	r2, r1
10001b72:	601a      	str	r2, [r3, #0]
10001b74:	2301      	movs	r3, #1
10001b76:	4642      	mov	r2, r8
10001b78:	4093      	lsls	r3, r2
10001b7a:	68a2      	ldr	r2, [r4, #8]
10001b7c:	4213      	tst	r3, r2
10001b7e:	d0fc      	beq.n	10001b7a <clock_configure_undivided+0xd6>
10001b80:	e7c1      	b.n	10001b06 <clock_configure_undivided+0x62>
10001b82:	46c0      	nop			@ (mov r8, r8)
10001b84:	40008000 	.word	0x40008000
10001b88:	20001a18 	.word	0x20001a18

10001b8c <clock_get_hz>:
10001b8c:	4b01      	ldr	r3, [pc, #4]	@ (10001b94 <clock_get_hz+0x8>)
10001b8e:	0080      	lsls	r0, r0, #2
10001b90:	58c0      	ldr	r0, [r0, r3]
10001b92:	4770      	bx	lr
10001b94:	20001a18 	.word	0x20001a18

10001b98 <pll_init>:
10001b98:	b5f8      	push	{r3, r4, r5, r6, r7, lr}
10001b9a:	0004      	movs	r4, r0
10001b9c:	4821      	ldr	r0, [pc, #132]	@ (10001c24 <pll_init+0x8c>)
10001b9e:	001e      	movs	r6, r3
10001ba0:	0017      	movs	r7, r2
10001ba2:	000d      	movs	r5, r1
10001ba4:	f000 f9d8 	bl	10001f58 <__wrap___aeabi_uidiv>
10001ba8:	0001      	movs	r1, r0
10001baa:	0038      	movs	r0, r7
10001bac:	f000 f9d4 	bl	10001f58 <__wrap___aeabi_uidiv>
10001bb0:	9b06      	ldr	r3, [sp, #24]
10001bb2:	0436      	lsls	r6, r6, #16
10001bb4:	031b      	lsls	r3, r3, #12
10001bb6:	431e      	orrs	r6, r3
10001bb8:	6823      	ldr	r3, [r4, #0]
10001bba:	2b00      	cmp	r3, #0
10001bbc:	db20      	blt.n	10001c00 <pll_init+0x68>
10001bbe:	4b1a      	ldr	r3, [pc, #104]	@ (10001c28 <pll_init+0x90>)
10001bc0:	491a      	ldr	r1, [pc, #104]	@ (10001c2c <pll_init+0x94>)
10001bc2:	18e3      	adds	r3, r4, r3
10001bc4:	1e5a      	subs	r2, r3, #1
10001bc6:	4193      	sbcs	r3, r2
10001bc8:	2280      	movs	r2, #128	@ 0x80
10001bca:	0192      	lsls	r2, r2, #6
10001bcc:	4694      	mov	ip, r2
10001bce:	425b      	negs	r3, r3
10001bd0:	0b1b      	lsrs	r3, r3, #12
10001bd2:	4a17      	ldr	r2, [pc, #92]	@ (10001c30 <pll_init+0x98>)
10001bd4:	031b      	lsls	r3, r3, #12
10001bd6:	4463      	add	r3, ip
10001bd8:	6013      	str	r3, [r2, #0]
10001bda:	4a16      	ldr	r2, [pc, #88]	@ (10001c34 <pll_init+0x9c>)
10001bdc:	6013      	str	r3, [r2, #0]
10001bde:	001f      	movs	r7, r3
10001be0:	680a      	ldr	r2, [r1, #0]
10001be2:	4397      	bics	r7, r2
10001be4:	d1fb      	bne.n	10001bde <pll_init+0x46>
10001be6:	4b14      	ldr	r3, [pc, #80]	@ (10001c38 <pll_init+0xa0>)
10001be8:	6025      	str	r5, [r4, #0]
10001bea:	18e2      	adds	r2, r4, r3
10001bec:	2321      	movs	r3, #33	@ 0x21
10001bee:	60a0      	str	r0, [r4, #8]
10001bf0:	6013      	str	r3, [r2, #0]
10001bf2:	6823      	ldr	r3, [r4, #0]
10001bf4:	2b00      	cmp	r3, #0
10001bf6:	dafc      	bge.n	10001bf2 <pll_init+0x5a>
10001bf8:	2308      	movs	r3, #8
10001bfa:	60e6      	str	r6, [r4, #12]
10001bfc:	6013      	str	r3, [r2, #0]
10001bfe:	bdf8      	pop	{r3, r4, r5, r6, r7, pc}
10001c00:	233f      	movs	r3, #63	@ 0x3f
10001c02:	6822      	ldr	r2, [r4, #0]
10001c04:	4013      	ands	r3, r2
10001c06:	42ab      	cmp	r3, r5
10001c08:	d1d9      	bne.n	10001bbe <pll_init+0x26>
10001c0a:	68a3      	ldr	r3, [r4, #8]
10001c0c:	051b      	lsls	r3, r3, #20
10001c0e:	0d1b      	lsrs	r3, r3, #20
10001c10:	4283      	cmp	r3, r0
10001c12:	d1d4      	bne.n	10001bbe <pll_init+0x26>
10001c14:	22ee      	movs	r2, #238	@ 0xee
10001c16:	68e3      	ldr	r3, [r4, #12]
10001c18:	02d2      	lsls	r2, r2, #11
10001c1a:	4013      	ands	r3, r2
10001c1c:	42b3      	cmp	r3, r6
10001c1e:	d1ce      	bne.n	10001bbe <pll_init+0x26>
10001c20:	e7ed      	b.n	10001bfe <pll_init+0x66>
10001c22:	46c0      	nop			@ (mov r8, r8)
10001c24:	00b71b00 	.word	0x00b71b00
10001c28:	bffd4000 	.word	0xbffd4000
10001c2c:	4000c008 	.word	0x4000c008
10001c30:	4000e000 	.word	0x4000e000
10001c34:	4000f000 	.word	0x4000f000
10001c38:	00003004 	.word	0x00003004

10001c3c <watchdog_reboot>:
10001c3c:	b510      	push	{r4, lr}
10001c3e:	2480      	movs	r4, #128	@ 0x80
10001c40:	4b1c      	ldr	r3, [pc, #112]	@ (10001cb4 <watchdog_reboot+0x78>)
10001c42:	05e4      	lsls	r4, r4, #23
10001c44:	601c      	str	r4, [r3, #0]
10001c46:	2800      	cmp	r0, #0
10001c48:	d01a      	beq.n	10001c80 <watchdog_reboot+0x44>
10001c4a:	2301      	movs	r3, #1
10001c4c:	4c1a      	ldr	r4, [pc, #104]	@ (10001cb8 <watchdog_reboot+0x7c>)
10001c4e:	4318      	orrs	r0, r3
10001c50:	4b1a      	ldr	r3, [pc, #104]	@ (10001cbc <watchdog_reboot+0x80>)
10001c52:	61dc      	str	r4, [r3, #28]
10001c54:	4c1a      	ldr	r4, [pc, #104]	@ (10001cc0 <watchdog_reboot+0x84>)
10001c56:	4044      	eors	r4, r0
10001c58:	621c      	str	r4, [r3, #32]
10001c5a:	6259      	str	r1, [r3, #36]	@ 0x24
10001c5c:	6298      	str	r0, [r3, #40]	@ 0x28
10001c5e:	2180      	movs	r1, #128	@ 0x80
10001c60:	4b14      	ldr	r3, [pc, #80]	@ (10001cb4 <watchdog_reboot+0x78>)
10001c62:	05c9      	lsls	r1, r1, #23
10001c64:	6019      	str	r1, [r3, #0]
10001c66:	4817      	ldr	r0, [pc, #92]	@ (10001cc4 <watchdog_reboot+0x88>)
10001c68:	4917      	ldr	r1, [pc, #92]	@ (10001cc8 <watchdog_reboot+0x8c>)
10001c6a:	6008      	str	r0, [r1, #0]
10001c6c:	21e0      	movs	r1, #224	@ 0xe0
10001c6e:	04c9      	lsls	r1, r1, #19
10001c70:	6019      	str	r1, [r3, #0]
10001c72:	2a00      	cmp	r2, #0
10001c74:	d107      	bne.n	10001c86 <watchdog_reboot+0x4a>
10001c76:	2280      	movs	r2, #128	@ 0x80
10001c78:	4b14      	ldr	r3, [pc, #80]	@ (10001ccc <watchdog_reboot+0x90>)
10001c7a:	0612      	lsls	r2, r2, #24
10001c7c:	601a      	str	r2, [r3, #0]
10001c7e:	bd10      	pop	{r4, pc}
10001c80:	4b0e      	ldr	r3, [pc, #56]	@ (10001cbc <watchdog_reboot+0x80>)
10001c82:	61d8      	str	r0, [r3, #28]
10001c84:	e7eb      	b.n	10001c5e <watchdog_reboot+0x22>
10001c86:	0153      	lsls	r3, r2, #5
10001c88:	1a9b      	subs	r3, r3, r2
10001c8a:	009b      	lsls	r3, r3, #2
10001c8c:	189a      	adds	r2, r3, r2
10001c8e:	2380      	movs	r3, #128	@ 0x80
10001c90:	0112      	lsls	r2, r2, #4
10001c92:	045b      	lsls	r3, r3, #17
10001c94:	429a      	cmp	r2, r3
10001c96:	d209      	bcs.n	10001cac <watchdog_reboot+0x70>
10001c98:	0013      	movs	r3, r2
10001c9a:	490d      	ldr	r1, [pc, #52]	@ (10001cd0 <watchdog_reboot+0x94>)
10001c9c:	600b      	str	r3, [r1, #0]
10001c9e:	4b07      	ldr	r3, [pc, #28]	@ (10001cbc <watchdog_reboot+0x80>)
10001ca0:	605a      	str	r2, [r3, #4]
10001ca2:	2280      	movs	r2, #128	@ 0x80
10001ca4:	4b09      	ldr	r3, [pc, #36]	@ (10001ccc <watchdog_reboot+0x90>)
10001ca6:	05d2      	lsls	r2, r2, #23
10001ca8:	601a      	str	r2, [r3, #0]
10001caa:	e7e8      	b.n	10001c7e <watchdog_reboot+0x42>
10001cac:	4b09      	ldr	r3, [pc, #36]	@ (10001cd4 <watchdog_reboot+0x98>)
10001cae:	001a      	movs	r2, r3
10001cb0:	e7f3      	b.n	10001c9a <watchdog_reboot+0x5e>
10001cb2:	46c0      	nop			@ (mov r8, r8)
10001cb4:	4005b000 	.word	0x4005b000
10001cb8:	b007c0d3 	.word	0xb007c0d3
10001cbc:	40058000 	.word	0x40058000
10001cc0:	4ff83f2d 	.word	0x4ff83f2d
10001cc4:	0001fffc 	.word	0x0001fffc
10001cc8:	40012008 	.word	0x40012008
10001ccc:	4005a000 	.word	0x4005a000
10001cd0:	20021278 	.word	0x20021278
10001cd4:	00ffffff 	.word	0x00ffffff

10001cd8 <tick_start>:
10001cd8:	2380      	movs	r3, #128	@ 0x80
10001cda:	4a02      	ldr	r2, [pc, #8]	@ (10001ce4 <tick_start+0xc>)
10001cdc:	009b      	lsls	r3, r3, #2
10001cde:	430b      	orrs	r3, r1
10001ce0:	62d3      	str	r3, [r2, #44]	@ 0x2c
10001ce2:	4770      	bx	lr
10001ce4:	40058000 	.word	0x40058000

10001ce8 <rom_func_lookup>:
10001ce8:	2300      	movs	r3, #0
10001cea:	b510      	push	{r4, lr}
10001cec:	0001      	movs	r1, r0
10001cee:	8a98      	ldrh	r0, [r3, #20]
10001cf0:	8b1b      	ldrh	r3, [r3, #24]
10001cf2:	4798      	blx	r3
10001cf4:	bd10      	pop	{r4, pc}
10001cf6:	46c0      	nop			@ (mov r8, r8)

10001cf8 <rom_data_lookup>:
10001cf8:	2316      	movs	r3, #22
10001cfa:	b510      	push	{r4, lr}
10001cfc:	0001      	movs	r1, r0
10001cfe:	8818      	ldrh	r0, [r3, #0]
10001d00:	3302      	adds	r3, #2
10001d02:	881b      	ldrh	r3, [r3, #0]
10001d04:	4798      	blx	r3
10001d06:	bd10      	pop	{r4, pc}

10001d08 <rom_funcs_lookup>:
10001d08:	b5f8      	push	{r3, r4, r5, r6, r7, lr}
10001d0a:	4647      	mov	r7, r8
10001d0c:	46ce      	mov	lr, r9
10001d0e:	b580      	push	{r7, lr}
10001d10:	1e0f      	subs	r7, r1, #0
10001d12:	d018      	beq.n	10001d46 <rom_funcs_lookup+0x3e>
10001d14:	2314      	movs	r3, #20
10001d16:	4699      	mov	r9, r3
10001d18:	3304      	adds	r3, #4
10001d1a:	0004      	movs	r4, r0
10001d1c:	2500      	movs	r5, #0
10001d1e:	2601      	movs	r6, #1
10001d20:	4698      	mov	r8, r3
10001d22:	464b      	mov	r3, r9
10001d24:	8818      	ldrh	r0, [r3, #0]
10001d26:	4643      	mov	r3, r8
10001d28:	6821      	ldr	r1, [r4, #0]
10001d2a:	881b      	ldrh	r3, [r3, #0]
10001d2c:	4798      	blx	r3
10001d2e:	c401      	stmia	r4!, {r0}
10001d30:	1e43      	subs	r3, r0, #1
10001d32:	4198      	sbcs	r0, r3
10001d34:	3501      	adds	r5, #1
10001d36:	4006      	ands	r6, r0
10001d38:	42af      	cmp	r7, r5
10001d3a:	d1f2      	bne.n	10001d22 <rom_funcs_lookup+0x1a>
10001d3c:	0030      	movs	r0, r6
10001d3e:	bcc0      	pop	{r6, r7}
10001d40:	46b9      	mov	r9, r7
10001d42:	46b0      	mov	r8, r6
10001d44:	bdf8      	pop	{r3, r4, r5, r6, r7, pc}
10001d46:	2601      	movs	r6, #1
10001d48:	e7f8      	b.n	10001d3c <rom_funcs_lookup+0x34>
10001d4a:	46c0      	nop			@ (mov r8, r8)

10001d4c <rom_reset_usb_boot_extra>:
10001d4c:	2300      	movs	r3, #0
10001d4e:	b570      	push	{r4, r5, r6, lr}
10001d50:	0004      	movs	r4, r0
10001d52:	000d      	movs	r5, r1
10001d54:	8a98      	ldrh	r0, [r3, #20]
10001d56:	4905      	ldr	r1, [pc, #20]	@ (10001d6c <rom_reset_usb_boot_extra+0x20>)
10001d58:	8b1b      	ldrh	r3, [r3, #24]
10001d5a:	4798      	blx	r3
10001d5c:	0003      	movs	r3, r0
10001d5e:	2000      	movs	r0, #0
10001d60:	2c00      	cmp	r4, #0
10001d62:	db01      	blt.n	10001d68 <rom_reset_usb_boot_extra+0x1c>
10001d64:	3001      	adds	r0, #1
10001d66:	40a0      	lsls	r0, r4
10001d68:	0029      	movs	r1, r5
10001d6a:	4798      	blx	r3
10001d6c:	00004255 	.word	0x00004255

10001d70 <xosc_init>:
10001d70:	23aa      	movs	r3, #170	@ 0xaa
10001d72:	4a06      	ldr	r2, [pc, #24]	@ (10001d8c <xosc_init+0x1c>)
10001d74:	011b      	lsls	r3, r3, #4
10001d76:	6013      	str	r3, [r2, #0]
10001d78:	238d      	movs	r3, #141	@ 0x8d
10001d7a:	005b      	lsls	r3, r3, #1
10001d7c:	60d3      	str	r3, [r2, #12]
10001d7e:	4904      	ldr	r1, [pc, #16]	@ (10001d90 <xosc_init+0x20>)
10001d80:	4b04      	ldr	r3, [pc, #16]	@ (10001d94 <xosc_init+0x24>)
10001d82:	6019      	str	r1, [r3, #0]
10001d84:	6853      	ldr	r3, [r2, #4]
10001d86:	2b00      	cmp	r3, #0
10001d88:	dafc      	bge.n	10001d84 <xosc_init+0x14>
10001d8a:	4770      	bx	lr
10001d8c:	40024000 	.word	0x40024000
10001d90:	00fab000 	.word	0x00fab000
10001d94:	40026000 	.word	0x40026000

10001d98 <first_per_core_initializer>:
10001d98:	4770      	bx	lr
10001d9a:	46c0      	nop			@ (mov r8, r8)

10001d9c <hard_assertion_failure>:
10001d9c:	b510      	push	{r4, lr}
10001d9e:	4801      	ldr	r0, [pc, #4]	@ (10001da4 <hard_assertion_failure+0x8>)
10001da0:	f7fe fef2 	bl	10000b88 <panic>
10001da4:	10004f50 	.word	0x10004f50

10001da8 <runtime_run_initializers>:
10001da8:	b570      	push	{r4, r5, r6, lr}
10001daa:	4d07      	ldr	r5, [pc, #28]	@ (10001dc8 <runtime_run_initializers+0x20>)
10001dac:	4e07      	ldr	r6, [pc, #28]	@ (10001dcc <runtime_run_initializers+0x24>)
10001dae:	42b5      	cmp	r5, r6
10001db0:	d209      	bcs.n	10001dc6 <runtime_run_initializers+0x1e>
10001db2:	2400      	movs	r4, #0
10001db4:	3e01      	subs	r6, #1
10001db6:	1b76      	subs	r6, r6, r5
10001db8:	08b6      	lsrs	r6, r6, #2
10001dba:	cd08      	ldmia	r5!, {r3}
10001dbc:	4798      	blx	r3
10001dbe:	0023      	movs	r3, r4
10001dc0:	3401      	adds	r4, #1
10001dc2:	42b3      	cmp	r3, r6
10001dc4:	d1f9      	bne.n	10001dba <runtime_run_initializers+0x12>
10001dc6:	bd70      	pop	{r4, r5, r6, pc}
10001dc8:	10004e80 	.word	0x10004e80
10001dcc:	10004ebc 	.word	0x10004ebc

10001dd0 <runtime_init_early_resets>:
10001dd0:	4b05      	ldr	r3, [pc, #20]	@ (10001de8 <runtime_init_early_resets+0x18>)
10001dd2:	4a06      	ldr	r2, [pc, #24]	@ (10001dec <runtime_init_early_resets+0x1c>)
10001dd4:	4906      	ldr	r1, [pc, #24]	@ (10001df0 <runtime_init_early_resets+0x20>)
10001dd6:	601a      	str	r2, [r3, #0]
10001dd8:	4a06      	ldr	r2, [pc, #24]	@ (10001df4 <runtime_init_early_resets+0x24>)
10001dda:	4b07      	ldr	r3, [pc, #28]	@ (10001df8 <runtime_init_early_resets+0x28>)
10001ddc:	601a      	str	r2, [r3, #0]
10001dde:	0010      	movs	r0, r2
10001de0:	680b      	ldr	r3, [r1, #0]
10001de2:	4398      	bics	r0, r3
10001de4:	d1fb      	bne.n	10001dde <runtime_init_early_resets+0xe>
10001de6:	4770      	bx	lr
10001de8:	4000e000 	.word	0x4000e000
10001dec:	fefbcdbf 	.word	0xfefbcdbf
10001df0:	4000c008 	.word	0x4000c008
10001df4:	003c7ffe 	.word	0x003c7ffe
10001df8:	4000f000 	.word	0x4000f000

10001dfc <runtime_init_usb_power_down>:
10001dfc:	4b04      	ldr	r3, [pc, #16]	@ (10001e10 <runtime_init_usb_power_down+0x14>)
10001dfe:	6cdb      	ldr	r3, [r3, #76]	@ 0x4c
10001e00:	2b00      	cmp	r3, #0
10001e02:	d103      	bne.n	10001e0c <runtime_init_usb_power_down+0x10>
10001e04:	2280      	movs	r2, #128	@ 0x80
10001e06:	4b03      	ldr	r3, [pc, #12]	@ (10001e14 <runtime_init_usb_power_down+0x18>)
10001e08:	02d2      	lsls	r2, r2, #11
10001e0a:	601a      	str	r2, [r3, #0]
10001e0c:	4770      	bx	lr
10001e0e:	46c0      	nop			@ (mov r8, r8)
10001e10:	50110000 	.word	0x50110000
10001e14:	5011204c 	.word	0x5011204c

10001e18 <runtime_init_post_clock_resets>:
10001e18:	4a04      	ldr	r2, [pc, #16]	@ (10001e2c <runtime_init_post_clock_resets+0x14>)
10001e1a:	4b05      	ldr	r3, [pc, #20]	@ (10001e30 <runtime_init_post_clock_resets+0x18>)
10001e1c:	601a      	str	r2, [r3, #0]
10001e1e:	4a05      	ldr	r2, [pc, #20]	@ (10001e34 <runtime_init_post_clock_resets+0x1c>)
10001e20:	6813      	ldr	r3, [r2, #0]
10001e22:	01db      	lsls	r3, r3, #7
10001e24:	3380      	adds	r3, #128	@ 0x80
10001e26:	d1fb      	bne.n	10001e20 <runtime_init_post_clock_resets+0x8>
10001e28:	4770      	bx	lr
10001e2a:	46c0      	nop			@ (mov r8, r8)
10001e2c:	01ffffff 	.word	0x01ffffff
10001e30:	4000f000 	.word	0x4000f000
10001e34:	4000c008 	.word	0x4000c008

10001e38 <runtime_init_rp2040_gpio_ie_disable>:
10001e38:	2240      	movs	r2, #64	@ 0x40
10001e3a:	4b03      	ldr	r3, [pc, #12]	@ (10001e48 <runtime_init_rp2040_gpio_ie_disable+0x10>)
10001e3c:	679a      	str	r2, [r3, #120]	@ 0x78
10001e3e:	675a      	str	r2, [r3, #116]	@ 0x74
10001e40:	671a      	str	r2, [r3, #112]	@ 0x70
10001e42:	66da      	str	r2, [r3, #108]	@ 0x6c
10001e44:	4770      	bx	lr
10001e46:	46c0      	nop			@ (mov r8, r8)
10001e48:	4001f000 	.word	0x4001f000

10001e4c <runtime_init_spin_locks_reset>:
10001e4c:	b510      	push	{r4, lr}
10001e4e:	f7fe ff37 	bl	10000cc0 <spin_locks_reset>
10001e52:	bd10      	pop	{r4, pc}

10001e54 <runtime_init_install_ram_vector_table>:
10001e54:	b570      	push	{r4, r5, r6, lr}
10001e56:	4d04      	ldr	r5, [pc, #16]	@ (10001e68 <runtime_init_install_ram_vector_table+0x14>)
10001e58:	4c04      	ldr	r4, [pc, #16]	@ (10001e6c <runtime_init_install_ram_vector_table+0x18>)
10001e5a:	68a9      	ldr	r1, [r5, #8]
10001e5c:	22c0      	movs	r2, #192	@ 0xc0
10001e5e:	0020      	movs	r0, r4
10001e60:	f000 f968 	bl	10002134 <__wrap___aeabi_memcpy>
10001e64:	60ac      	str	r4, [r5, #8]
10001e66:	bd70      	pop	{r4, r5, r6, pc}
10001e68:	e000ed00 	.word	0xe000ed00
10001e6c:	20000000 	.word	0x20000000

10001e70 <runtime_init_clocks>:
10001e70:	2300      	movs	r3, #0
10001e72:	b510      	push	{r4, lr}
10001e74:	4c29      	ldr	r4, [pc, #164]	@ (10001f1c <runtime_init_clocks+0xac>)
10001e76:	b082      	sub	sp, #8
10001e78:	67a3      	str	r3, [r4, #120]	@ 0x78
10001e7a:	f7ff ff79 	bl	10001d70 <xosc_init>
10001e7e:	2201      	movs	r2, #1
10001e80:	4b27      	ldr	r3, [pc, #156]	@ (10001f20 <runtime_init_clocks+0xb0>)
10001e82:	601a      	str	r2, [r3, #0]
10001e84:	6c63      	ldr	r3, [r4, #68]	@ 0x44
10001e86:	2b01      	cmp	r3, #1
10001e88:	d1fc      	bne.n	10001e84 <runtime_init_clocks+0x14>
10001e8a:	2203      	movs	r2, #3
10001e8c:	4b25      	ldr	r3, [pc, #148]	@ (10001f24 <runtime_init_clocks+0xb4>)
10001e8e:	601a      	str	r2, [r3, #0]
10001e90:	4a22      	ldr	r2, [pc, #136]	@ (10001f1c <runtime_init_clocks+0xac>)
10001e92:	6b93      	ldr	r3, [r2, #56]	@ 0x38
10001e94:	2b01      	cmp	r3, #1
10001e96:	d1fc      	bne.n	10001e92 <runtime_init_clocks+0x22>
10001e98:	3301      	adds	r3, #1
10001e9a:	9300      	str	r3, [sp, #0]
10001e9c:	2101      	movs	r1, #1
10001e9e:	4a22      	ldr	r2, [pc, #136]	@ (10001f28 <runtime_init_clocks+0xb8>)
10001ea0:	4822      	ldr	r0, [pc, #136]	@ (10001f2c <runtime_init_clocks+0xbc>)
10001ea2:	3304      	adds	r3, #4
10001ea4:	f7ff fe78 	bl	10001b98 <pll_init>
10001ea8:	2305      	movs	r3, #5
10001eaa:	2101      	movs	r1, #1
10001eac:	9300      	str	r3, [sp, #0]
10001eae:	4a20      	ldr	r2, [pc, #128]	@ (10001f30 <runtime_init_clocks+0xc0>)
10001eb0:	4820      	ldr	r0, [pc, #128]	@ (10001f34 <runtime_init_clocks+0xc4>)
10001eb2:	f7ff fe71 	bl	10001b98 <pll_init>
10001eb6:	2200      	movs	r2, #0
10001eb8:	2102      	movs	r1, #2
10001eba:	2004      	movs	r0, #4
10001ebc:	4b1e      	ldr	r3, [pc, #120]	@ (10001f38 <runtime_init_clocks+0xc8>)
10001ebe:	f7ff fdf1 	bl	10001aa4 <clock_configure_undivided>
10001ec2:	2200      	movs	r2, #0
10001ec4:	2101      	movs	r1, #1
10001ec6:	2005      	movs	r0, #5
10001ec8:	4b1c      	ldr	r3, [pc, #112]	@ (10001f3c <runtime_init_clocks+0xcc>)
10001eca:	f7ff fdeb 	bl	10001aa4 <clock_configure_undivided>
10001ece:	2200      	movs	r2, #0
10001ed0:	2100      	movs	r1, #0
10001ed2:	2007      	movs	r0, #7
10001ed4:	4b1a      	ldr	r3, [pc, #104]	@ (10001f40 <runtime_init_clocks+0xd0>)
10001ed6:	f7ff fde5 	bl	10001aa4 <clock_configure_undivided>
10001eda:	2200      	movs	r2, #0
10001edc:	2100      	movs	r1, #0
10001ede:	2008      	movs	r0, #8
10001ee0:	4b17      	ldr	r3, [pc, #92]	@ (10001f40 <runtime_init_clocks+0xd0>)
10001ee2:	f7ff fddf 	bl	10001aa4 <clock_configure_undivided>
10001ee6:	2380      	movs	r3, #128	@ 0x80
10001ee8:	00db      	lsls	r3, r3, #3
10001eea:	9300      	str	r3, [sp, #0]
10001eec:	2200      	movs	r2, #0
10001eee:	2100      	movs	r1, #0
10001ef0:	2009      	movs	r0, #9
10001ef2:	4b13      	ldr	r3, [pc, #76]	@ (10001f40 <runtime_init_clocks+0xd0>)
10001ef4:	f7ff fd5c 	bl	100019b0 <clock_configure_int_divider>
10001ef8:	2200      	movs	r2, #0
10001efa:	4b10      	ldr	r3, [pc, #64]	@ (10001f3c <runtime_init_clocks+0xcc>)
10001efc:	2100      	movs	r1, #0
10001efe:	2006      	movs	r0, #6
10001f00:	f7ff fdd0 	bl	10001aa4 <clock_configure_undivided>
10001f04:	2004      	movs	r0, #4
10001f06:	f7ff fe41 	bl	10001b8c <clock_get_hz>
10001f0a:	490e      	ldr	r1, [pc, #56]	@ (10001f44 <runtime_init_clocks+0xd4>)
10001f0c:	f000 f824 	bl	10001f58 <__wrap___aeabi_uidiv>
10001f10:	0001      	movs	r1, r0
10001f12:	2000      	movs	r0, #0
10001f14:	f7ff fee0 	bl	10001cd8 <tick_start>
10001f18:	b002      	add	sp, #8
10001f1a:	bd10      	pop	{r4, pc}
10001f1c:	40008000 	.word	0x40008000
10001f20:	4000b03c 	.word	0x4000b03c
10001f24:	4000b030 	.word	0x4000b030
10001f28:	59682f00 	.word	0x59682f00
10001f2c:	40028000 	.word	0x40028000
10001f30:	47868c00 	.word	0x47868c00
10001f34:	4002c000 	.word	0x4002c000
10001f38:	00b71b00 	.word	0x00b71b00
10001f3c:	07735940 	.word	0x07735940
10001f40:	02dc6c00 	.word	0x02dc6c00
10001f44:	000f4240 	.word	0x000f4240

10001f48 <__aeabi_bits_init>:
10001f48:	4801      	ldr	r0, [pc, #4]	@ (10001f50 <__aeabi_bits_init+0x8>)
10001f4a:	2104      	movs	r1, #4
10001f4c:	4b01      	ldr	r3, [pc, #4]	@ (10001f54 <__aeabi_bits_init+0xc>)
10001f4e:	4718      	bx	r3
10001f50:	20001050 	.word	0x20001050
10001f54:	10001d09 	.word	0x10001d09

10001f58 <__wrap___aeabi_uidiv>:
10001f58:	4a11      	ldr	r2, [pc, #68]	@ (10001fa0 <divmod_u32u32_savestate+0x18>)
10001f5a:	6f93      	ldr	r3, [r2, #120]	@ 0x78
10001f5c:	089b      	lsrs	r3, r3, #2
10001f5e:	d213      	bcs.n	10001f88 <divmod_u32u32_savestate>

10001f60 <divmod_u32u32_unsafe>:
10001f60:	6610      	str	r0, [r2, #96]	@ 0x60
10001f62:	6651      	str	r1, [r2, #100]	@ 0x64
10001f64:	2900      	cmp	r1, #0
10001f66:	d005      	beq.n	10001f74 <divmod_u32u32_unsafe+0x14>
10001f68:	e7ff      	b.n	10001f6a <divmod_u32u32_unsafe+0xa>
10001f6a:	e7ff      	b.n	10001f6c <divmod_u32u32_unsafe+0xc>
10001f6c:	e7ff      	b.n	10001f6e <divmod_u32u32_unsafe+0xe>
10001f6e:	6f51      	ldr	r1, [r2, #116]	@ 0x74
10001f70:	6f10      	ldr	r0, [r2, #112]	@ 0x70
10001f72:	4770      	bx	lr
10001f74:	b504      	push	{r2, lr}
10001f76:	2800      	cmp	r0, #0
10001f78:	d001      	beq.n	10001f7e <divmod_u32u32_unsafe+0x1e>
10001f7a:	2000      	movs	r0, #0
10001f7c:	43c0      	mvns	r0, r0
10001f7e:	f002 ff47 	bl	10004e10 <____aeabi_idiv0_veneer>
10001f82:	2100      	movs	r1, #0
10001f84:	bd04      	pop	{r2, pc}
10001f86:	46c0      	nop			@ (mov r8, r8)

10001f88 <divmod_u32u32_savestate>:
10001f88:	b5f0      	push	{r4, r5, r6, r7, lr}
10001f8a:	6e14      	ldr	r4, [r2, #96]	@ 0x60
10001f8c:	6e55      	ldr	r5, [r2, #100]	@ 0x64
10001f8e:	6f57      	ldr	r7, [r2, #116]	@ 0x74
10001f90:	6f16      	ldr	r6, [r2, #112]	@ 0x70
10001f92:	f7ff ffe5 	bl	10001f60 <divmod_u32u32_unsafe>
10001f96:	6614      	str	r4, [r2, #96]	@ 0x60
10001f98:	6655      	str	r5, [r2, #100]	@ 0x64
10001f9a:	6757      	str	r7, [r2, #116]	@ 0x74
10001f9c:	6716      	str	r6, [r2, #112]	@ 0x70
10001f9e:	bdf0      	pop	{r4, r5, r6, r7, pc}
10001fa0:	d0000000 	.word	0xd0000000

10001fa4 <missing_double_func_shim>:
10001fa4:	b510      	push	{r4, lr}
10001fa6:	4801      	ldr	r0, [pc, #4]	@ (10001fac <missing_double_func_shim+0x8>)
10001fa8:	f7fe fdee 	bl	10000b88 <panic>
10001fac:	10004f5c 	.word	0x10004f5c

10001fb0 <__aeabi_double_init>:
10001fb0:	2313      	movs	r3, #19
10001fb2:	b570      	push	{r4, r5, r6, lr}
10001fb4:	781d      	ldrb	r5, [r3, #0]
10001fb6:	2d01      	cmp	r5, #1
10001fb8:	d019      	beq.n	10001fee <__aeabi_double_init+0x3e>
10001fba:	dd14      	ble.n	10001fe6 <__aeabi_double_init+0x36>
10001fbc:	481d      	ldr	r0, [pc, #116]	@ (10002034 <__aeabi_double_init+0x84>)
10001fbe:	f7ff fe9b 	bl	10001cf8 <rom_data_lookup>
10001fc2:	0006      	movs	r6, r0
10001fc4:	481c      	ldr	r0, [pc, #112]	@ (10002038 <__aeabi_double_init+0x88>)
10001fc6:	f7ff fe97 	bl	10001cf8 <rom_data_lookup>
10001fca:	4c1c      	ldr	r4, [pc, #112]	@ (1000203c <__aeabi_double_init+0x8c>)
10001fcc:	2280      	movs	r2, #128	@ 0x80
10001fce:	0031      	movs	r1, r6
10001fd0:	0020      	movs	r0, r4
10001fd2:	f000 f8af 	bl	10002134 <__wrap___aeabi_memcpy>
10001fd6:	2d02      	cmp	r5, #2
10001fd8:	d006      	beq.n	10001fe8 <__aeabi_double_init+0x38>
10001fda:	4819      	ldr	r0, [pc, #100]	@ (10002040 <__aeabi_double_init+0x90>)
10001fdc:	f7ff fe84 	bl	10001ce8 <rom_func_lookup>
10001fe0:	4b18      	ldr	r3, [pc, #96]	@ (10002044 <__aeabi_double_init+0x94>)
10001fe2:	6018      	str	r0, [r3, #0]
10001fe4:	bd70      	pop	{r4, r5, r6, pc}
10001fe6:	4c15      	ldr	r4, [pc, #84]	@ (1000203c <__aeabi_double_init+0x8c>)
10001fe8:	4b17      	ldr	r3, [pc, #92]	@ (10002048 <__aeabi_double_init+0x98>)
10001fea:	64a3      	str	r3, [r4, #72]	@ 0x48
10001fec:	e7f5      	b.n	10001fda <__aeabi_double_init+0x2a>
10001fee:	4b17      	ldr	r3, [pc, #92]	@ (1000204c <__aeabi_double_init+0x9c>)
10001ff0:	4c12      	ldr	r4, [pc, #72]	@ (1000203c <__aeabi_double_init+0x8c>)
10001ff2:	6023      	str	r3, [r4, #0]
10001ff4:	6063      	str	r3, [r4, #4]
10001ff6:	60a3      	str	r3, [r4, #8]
10001ff8:	60e3      	str	r3, [r4, #12]
10001ffa:	6123      	str	r3, [r4, #16]
10001ffc:	6163      	str	r3, [r4, #20]
10001ffe:	61a3      	str	r3, [r4, #24]
10002000:	61e3      	str	r3, [r4, #28]
10002002:	6223      	str	r3, [r4, #32]
10002004:	6263      	str	r3, [r4, #36]	@ 0x24
10002006:	62a3      	str	r3, [r4, #40]	@ 0x28
10002008:	62e3      	str	r3, [r4, #44]	@ 0x2c
1000200a:	6323      	str	r3, [r4, #48]	@ 0x30
1000200c:	6363      	str	r3, [r4, #52]	@ 0x34
1000200e:	63a3      	str	r3, [r4, #56]	@ 0x38
10002010:	63e3      	str	r3, [r4, #60]	@ 0x3c
10002012:	6423      	str	r3, [r4, #64]	@ 0x40
10002014:	6463      	str	r3, [r4, #68]	@ 0x44
10002016:	64a3      	str	r3, [r4, #72]	@ 0x48
10002018:	64e3      	str	r3, [r4, #76]	@ 0x4c
1000201a:	6523      	str	r3, [r4, #80]	@ 0x50
1000201c:	6563      	str	r3, [r4, #84]	@ 0x54
1000201e:	65a3      	str	r3, [r4, #88]	@ 0x58
10002020:	65e3      	str	r3, [r4, #92]	@ 0x5c
10002022:	6623      	str	r3, [r4, #96]	@ 0x60
10002024:	6663      	str	r3, [r4, #100]	@ 0x64
10002026:	66a3      	str	r3, [r4, #104]	@ 0x68
10002028:	66e3      	str	r3, [r4, #108]	@ 0x6c
1000202a:	6723      	str	r3, [r4, #112]	@ 0x70
1000202c:	6763      	str	r3, [r4, #116]	@ 0x74
1000202e:	67a3      	str	r3, [r4, #120]	@ 0x78
10002030:	67e3      	str	r3, [r4, #124]	@ 0x7c
10002032:	e7d9      	b.n	10001fe8 <__aeabi_double_init+0x38>
10002034:	00004453 	.word	0x00004453
10002038:	00004653 	.word	0x00004653
1000203c:	20001270 	.word	0x20001270
10002040:	0000334c 	.word	0x0000334c
10002044:	200212b8 	.word	0x200212b8
10002048:	10002051 	.word	0x10002051
1000204c:	10001fa5 	.word	0x10001fa5

10002050 <double_table_shim_on_use_helper>:
10002050:	b507      	push	{r0, r1, r2, lr}
10002052:	4660      	mov	r0, ip
10002054:	8801      	ldrh	r1, [r0, #0]
10002056:	0a0a      	lsrs	r2, r1, #8
10002058:	3002      	adds	r0, #2
1000205a:	2adf      	cmp	r2, #223	@ 0xdf
1000205c:	d1fa      	bne.n	10002054 <double_table_shim_on_use_helper+0x4>
1000205e:	b2c9      	uxtb	r1, r1
10002060:	0882      	lsrs	r2, r0, #2
10002062:	d304      	bcc.n	1000206e <double_table_shim_on_use_helper+0x1e>
10002064:	8802      	ldrh	r2, [r0, #0]
10002066:	8840      	ldrh	r0, [r0, #2]
10002068:	0400      	lsls	r0, r0, #16
1000206a:	4310      	orrs	r0, r2
1000206c:	e000      	b.n	10002070 <double_table_shim_on_use_helper+0x20>
1000206e:	6800      	ldr	r0, [r0, #0]
10002070:	4a01      	ldr	r2, [pc, #4]	@ (10002078 <double_table_shim_on_use_helper+0x28>)
10002072:	5050      	str	r0, [r2, r1]
10002074:	9003      	str	r0, [sp, #12]
10002076:	bd07      	pop	{r0, r1, r2, pc}
10002078:	20001270 	.word	0x20001270

1000207c <__wrap___aeabi_lmul>:
1000207c:	4351      	muls	r1, r2
1000207e:	4343      	muls	r3, r0
10002080:	18c9      	adds	r1, r1, r3
10002082:	468c      	mov	ip, r1
10002084:	0c11      	lsrs	r1, r2, #16
10002086:	b283      	uxth	r3, r0
10002088:	434b      	muls	r3, r1
1000208a:	b410      	push	{r4}
1000208c:	0c04      	lsrs	r4, r0, #16
1000208e:	4361      	muls	r1, r4
10002090:	b292      	uxth	r2, r2
10002092:	b280      	uxth	r0, r0
10002094:	4350      	muls	r0, r2
10002096:	4362      	muls	r2, r4
10002098:	041c      	lsls	r4, r3, #16
1000209a:	0c1b      	lsrs	r3, r3, #16
1000209c:	1900      	adds	r0, r0, r4
1000209e:	bc10      	pop	{r4}
100020a0:	4159      	adcs	r1, r3
100020a2:	0413      	lsls	r3, r2, #16
100020a4:	0c12      	lsrs	r2, r2, #16
100020a6:	18c0      	adds	r0, r0, r3
100020a8:	4151      	adcs	r1, r2
100020aa:	4461      	add	r1, ip
100020ac:	4770      	bx	lr
	...

100020b0 <missing_float_func_shim>:
100020b0:	b510      	push	{r4, lr}
100020b2:	4801      	ldr	r0, [pc, #4]	@ (100020b8 <missing_float_func_shim+0x8>)
100020b4:	f7fe fd68 	bl	10000b88 <panic>
100020b8:	10004fd4 	.word	0x10004fd4

100020bc <__aeabi_float_init>:
100020bc:	2313      	movs	r3, #19
100020be:	b510      	push	{r4, lr}
100020c0:	4810      	ldr	r0, [pc, #64]	@ (10002104 <__aeabi_float_init+0x48>)
100020c2:	781c      	ldrb	r4, [r3, #0]
100020c4:	f7ff fe18 	bl	10001cf8 <rom_data_lookup>
100020c8:	0001      	movs	r1, r0
100020ca:	2c01      	cmp	r4, #1
100020cc:	d00a      	beq.n	100020e4 <__aeabi_float_init+0x28>
100020ce:	dd03      	ble.n	100020d8 <__aeabi_float_init+0x1c>
100020d0:	2280      	movs	r2, #128	@ 0x80
100020d2:	480d      	ldr	r0, [pc, #52]	@ (10002108 <__aeabi_float_init+0x4c>)
100020d4:	f000 f82e 	bl	10002134 <__wrap___aeabi_memcpy>
100020d8:	480c      	ldr	r0, [pc, #48]	@ (1000210c <__aeabi_float_init+0x50>)
100020da:	f7ff fe05 	bl	10001ce8 <rom_func_lookup>
100020de:	4b0c      	ldr	r3, [pc, #48]	@ (10002110 <__aeabi_float_init+0x54>)
100020e0:	6018      	str	r0, [r3, #0]
100020e2:	bd10      	pop	{r4, pc}
100020e4:	4c08      	ldr	r4, [pc, #32]	@ (10002108 <__aeabi_float_init+0x4c>)
100020e6:	2254      	movs	r2, #84	@ 0x54
100020e8:	0020      	movs	r0, r4
100020ea:	f000 f823 	bl	10002134 <__wrap___aeabi_memcpy>
100020ee:	0022      	movs	r2, r4
100020f0:	4908      	ldr	r1, [pc, #32]	@ (10002114 <__aeabi_float_init+0x58>)
100020f2:	3280      	adds	r2, #128	@ 0x80
100020f4:	6823      	ldr	r3, [r4, #0]
100020f6:	2b00      	cmp	r3, #0
100020f8:	d100      	bne.n	100020fc <__aeabi_float_init+0x40>
100020fa:	6021      	str	r1, [r4, #0]
100020fc:	3404      	adds	r4, #4
100020fe:	4294      	cmp	r4, r2
10002100:	d1f8      	bne.n	100020f4 <__aeabi_float_init+0x38>
10002102:	e7e9      	b.n	100020d8 <__aeabi_float_init+0x1c>
10002104:	00004653 	.word	0x00004653
10002108:	200212bc 	.word	0x200212bc
1000210c:	0000334c 	.word	0x0000334c
10002110:	200212b8 	.word	0x200212b8
10002114:	100020b1 	.word	0x100020b1

10002118 <__aeabi_mem_init>:
10002118:	4801      	ldr	r0, [pc, #4]	@ (10002120 <__aeabi_mem_init+0x8>)
1000211a:	2104      	movs	r1, #4
1000211c:	4b01      	ldr	r3, [pc, #4]	@ (10002124 <__aeabi_mem_init+0xc>)
1000211e:	4718      	bx	r3
10002120:	20001060 	.word	0x20001060
10002124:	10001d09 	.word	0x10001d09

10002128 <__wrap_memset>:
10002128:	4b01      	ldr	r3, [pc, #4]	@ (10002130 <__wrap_memset+0x8>)
1000212a:	681b      	ldr	r3, [r3, #0]
1000212c:	4718      	bx	r3
1000212e:	0000      	.short	0x0000
10002130:	20001060 	.word	0x20001060

10002134 <__wrap___aeabi_memcpy>:
10002134:	4b01      	ldr	r3, [pc, #4]	@ (1000213c <__wrap___aeabi_memcpy+0x8>)
10002136:	685b      	ldr	r3, [r3, #4]
10002138:	4718      	bx	r3
1000213a:	0000      	.short	0x0000
1000213c:	20001060 	.word	0x20001060

10002140 <_out_char>:
10002140:	b510      	push	{r4, lr}
10002142:	2800      	cmp	r0, #0
10002144:	d100      	bne.n	10002148 <_out_char+0x8>
10002146:	bd10      	pop	{r4, pc}
10002148:	f000 f930 	bl	100023ac <__wrap_putchar>
1000214c:	e7fb      	b.n	10002146 <_out_char+0x6>
1000214e:	46c0      	nop			@ (mov r8, r8)

10002150 <weak_raw_vprintf>:
10002150:	b510      	push	{r4, lr}
10002152:	4a09      	ldr	r2, [pc, #36]	@ (10002178 <weak_raw_vprintf+0x28>)
10002154:	0003      	movs	r3, r0
10002156:	6814      	ldr	r4, [r2, #0]
10002158:	b084      	sub	sp, #16
1000215a:	2c00      	cmp	r4, #0
1000215c:	d008      	beq.n	10002170 <weak_raw_vprintf+0x20>
1000215e:	2201      	movs	r2, #1
10002160:	9100      	str	r1, [sp, #0]
10002162:	4806      	ldr	r0, [pc, #24]	@ (1000217c <weak_raw_vprintf+0x2c>)
10002164:	4252      	negs	r2, r2
10002166:	a903      	add	r1, sp, #12
10002168:	47a0      	blx	r4
1000216a:	2001      	movs	r0, #1
1000216c:	b004      	add	sp, #16
1000216e:	bd10      	pop	{r4, pc}
10002170:	f000 f966 	bl	10002440 <__wrap_puts>
10002174:	2000      	movs	r0, #0
10002176:	e7f9      	b.n	1000216c <weak_raw_vprintf+0x1c>
10002178:	20021274 	.word	0x20021274
1000217c:	10002141 	.word	0x10002141

10002180 <_exit>:
10002180:	be00      	bkpt	0x0000
10002182:	e7fd      	b.n	10002180 <_exit>

10002184 <exit>:
10002184:	b510      	push	{r4, lr}
10002186:	f7ff fffb 	bl	10002180 <_exit>
1000218a:	46c0      	nop			@ (mov r8, r8)

1000218c <runtime_init>:
1000218c:	b570      	push	{r4, r5, r6, lr}
1000218e:	f7ff fe0b 	bl	10001da8 <runtime_run_initializers>
10002192:	4d07      	ldr	r5, [pc, #28]	@ (100021b0 <runtime_init+0x24>)
10002194:	4e07      	ldr	r6, [pc, #28]	@ (100021b4 <runtime_init+0x28>)
10002196:	42b5      	cmp	r5, r6
10002198:	d209      	bcs.n	100021ae <runtime_init+0x22>
1000219a:	2400      	movs	r4, #0
1000219c:	3e01      	subs	r6, #1
1000219e:	1b76      	subs	r6, r6, r5
100021a0:	08b6      	lsrs	r6, r6, #2
100021a2:	cd08      	ldmia	r5!, {r3}
100021a4:	4798      	blx	r3
100021a6:	0023      	movs	r3, r4
100021a8:	3401      	adds	r4, #1
100021aa:	42b3      	cmp	r3, r6
100021ac:	d1f9      	bne.n	100021a2 <runtime_init+0x16>
100021ae:	bd70      	pop	{r4, r5, r6, pc}
100021b0:	10004ebc 	.word	0x10004ebc
100021b4:	10004ec8 	.word	0x10004ec8

100021b8 <stdio_out_chars_no_crlf>:
100021b8:	0003      	movs	r3, r0
100021ba:	b510      	push	{r4, lr}
100021bc:	0008      	movs	r0, r1
100021be:	0011      	movs	r1, r2
100021c0:	681b      	ldr	r3, [r3, #0]
100021c2:	4798      	blx	r3
100021c4:	bd10      	pop	{r4, pc}
100021c6:	46c0      	nop			@ (mov r8, r8)

100021c8 <stdio_out_chars_crlf>:
100021c8:	b5f0      	push	{r4, r5, r6, r7, lr}
100021ca:	46c6      	mov	lr, r8
100021cc:	b500      	push	{lr}
100021ce:	7d43      	ldrb	r3, [r0, #21]
100021d0:	0007      	movs	r7, r0
100021d2:	000c      	movs	r4, r1
100021d4:	0016      	movs	r6, r2
100021d6:	2b00      	cmp	r3, #0
100021d8:	d046      	beq.n	10002268 <stdio_out_chars_crlf+0xa0>
100021da:	2a00      	cmp	r2, #0
100021dc:	dd17      	ble.n	1000220e <stdio_out_chars_crlf+0x46>
100021de:	780b      	ldrb	r3, [r1, #0]
100021e0:	2b0a      	cmp	r3, #10
100021e2:	d024      	beq.n	1000222e <stdio_out_chars_crlf+0x66>
100021e4:	2300      	movs	r3, #0
100021e6:	4698      	mov	r8, r3
100021e8:	2e01      	cmp	r6, #1
100021ea:	d013      	beq.n	10002214 <stdio_out_chars_crlf+0x4c>
100021ec:	2501      	movs	r5, #1
100021ee:	0029      	movs	r1, r5
100021f0:	5c63      	ldrb	r3, [r4, r1]
100021f2:	3501      	adds	r5, #1
100021f4:	2b0a      	cmp	r3, #10
100021f6:	d026      	beq.n	10002246 <stdio_out_chars_crlf+0x7e>
100021f8:	42b5      	cmp	r5, r6
100021fa:	d1f8      	bne.n	100021ee <stdio_out_chars_crlf+0x26>
100021fc:	4546      	cmp	r6, r8
100021fe:	dc09      	bgt.n	10002214 <stdio_out_chars_crlf+0x4c>
10002200:	19a4      	adds	r4, r4, r6
10002202:	3c01      	subs	r4, #1
10002204:	7823      	ldrb	r3, [r4, #0]
10002206:	3b0d      	subs	r3, #13
10002208:	425a      	negs	r2, r3
1000220a:	4153      	adcs	r3, r2
1000220c:	753b      	strb	r3, [r7, #20]
1000220e:	bc80      	pop	{r7}
10002210:	46b8      	mov	r8, r7
10002212:	bdf0      	pop	{r4, r5, r6, r7, pc}
10002214:	4643      	mov	r3, r8
10002216:	18e0      	adds	r0, r4, r3
10002218:	19a4      	adds	r4, r4, r6
1000221a:	1af1      	subs	r1, r6, r3
1000221c:	3c01      	subs	r4, #1
1000221e:	683b      	ldr	r3, [r7, #0]
10002220:	4798      	blx	r3
10002222:	7823      	ldrb	r3, [r4, #0]
10002224:	3b0d      	subs	r3, #13
10002226:	425a      	negs	r2, r3
10002228:	4153      	adcs	r3, r2
1000222a:	753b      	strb	r3, [r7, #20]
1000222c:	e7ef      	b.n	1000220e <stdio_out_chars_crlf+0x46>
1000222e:	7d03      	ldrb	r3, [r0, #20]
10002230:	2b00      	cmp	r3, #0
10002232:	d1d7      	bne.n	100021e4 <stdio_out_chars_crlf+0x1c>
10002234:	2102      	movs	r1, #2
10002236:	480f      	ldr	r0, [pc, #60]	@ (10002274 <stdio_out_chars_crlf+0xac>)
10002238:	683b      	ldr	r3, [r7, #0]
1000223a:	4798      	blx	r3
1000223c:	2e01      	cmp	r6, #1
1000223e:	d0df      	beq.n	10002200 <stdio_out_chars_crlf+0x38>
10002240:	2301      	movs	r3, #1
10002242:	4698      	mov	r8, r3
10002244:	e7d2      	b.n	100021ec <stdio_out_chars_crlf+0x24>
10002246:	1e63      	subs	r3, r4, #1
10002248:	5c5b      	ldrb	r3, [r3, r1]
1000224a:	2b0d      	cmp	r3, #13
1000224c:	d0d4      	beq.n	100021f8 <stdio_out_chars_crlf+0x30>
1000224e:	4588      	cmp	r8, r1
10002250:	da04      	bge.n	1000225c <stdio_out_chars_crlf+0x94>
10002252:	4643      	mov	r3, r8
10002254:	1ac9      	subs	r1, r1, r3
10002256:	18e0      	adds	r0, r4, r3
10002258:	683b      	ldr	r3, [r7, #0]
1000225a:	4798      	blx	r3
1000225c:	2102      	movs	r1, #2
1000225e:	4805      	ldr	r0, [pc, #20]	@ (10002274 <stdio_out_chars_crlf+0xac>)
10002260:	683b      	ldr	r3, [r7, #0]
10002262:	46a8      	mov	r8, r5
10002264:	4798      	blx	r3
10002266:	e7c7      	b.n	100021f8 <stdio_out_chars_crlf+0x30>
10002268:	6803      	ldr	r3, [r0, #0]
1000226a:	0011      	movs	r1, r2
1000226c:	0020      	movs	r0, r4
1000226e:	4798      	blx	r3
10002270:	e7cd      	b.n	1000220e <stdio_out_chars_crlf+0x46>
10002272:	46c0      	nop			@ (mov r8, r8)
10002274:	100050b0 	.word	0x100050b0

10002278 <stdio_put_string>:
10002278:	b5f0      	push	{r4, r5, r6, r7, lr}
1000227a:	4645      	mov	r5, r8
1000227c:	46de      	mov	lr, fp
1000227e:	464e      	mov	r6, r9
10002280:	4657      	mov	r7, sl
10002282:	b5e0      	push	{r5, r6, r7, lr}
10002284:	b083      	sub	sp, #12
10002286:	4691      	mov	r9, r2
10002288:	001c      	movs	r4, r3
1000228a:	4680      	mov	r8, r0
1000228c:	000d      	movs	r5, r1
1000228e:	f7ff fb75 	bl	1000197c <time_us_64>
10002292:	2300      	movs	r3, #0
10002294:	4a30      	ldr	r2, [pc, #192]	@ (10002358 <stdio_put_string+0xe0>)
10002296:	1812      	adds	r2, r2, r0
10002298:	414b      	adcs	r3, r1
1000229a:	2b00      	cmp	r3, #0
1000229c:	da02      	bge.n	100022a4 <stdio_put_string+0x2c>
1000229e:	2201      	movs	r2, #1
100022a0:	4b2e      	ldr	r3, [pc, #184]	@ (1000235c <stdio_put_string+0xe4>)
100022a2:	4252      	negs	r2, r2
100022a4:	492e      	ldr	r1, [pc, #184]	@ (10002360 <stdio_put_string+0xe8>)
100022a6:	0008      	movs	r0, r1
100022a8:	468a      	mov	sl, r1
100022aa:	f002 fdd1 	bl	10004e50 <__mutex_try_enter_block_until_veneer>
100022ae:	0007      	movs	r7, r0
100022b0:	1c6b      	adds	r3, r5, #1
100022b2:	d103      	bne.n	100022bc <stdio_put_string+0x44>
100022b4:	4640      	mov	r0, r8
100022b6:	f002 fd53 	bl	10004d60 <strlen>
100022ba:	0005      	movs	r5, r0
100022bc:	2c00      	cmp	r4, #0
100022be:	d027      	beq.n	10002310 <stdio_put_string+0x98>
100022c0:	4e28      	ldr	r6, [pc, #160]	@ (10002364 <stdio_put_string+0xec>)
100022c2:	4b29      	ldr	r3, [pc, #164]	@ (10002368 <stdio_put_string+0xf0>)
100022c4:	681c      	ldr	r4, [r3, #0]
100022c6:	2c00      	cmp	r4, #0
100022c8:	d018      	beq.n	100022fc <stdio_put_string+0x84>
100022ca:	464b      	mov	r3, r9
100022cc:	2b00      	cmp	r3, #0
100022ce:	d121      	bne.n	10002314 <stdio_put_string+0x9c>
100022d0:	4b26      	ldr	r3, [pc, #152]	@ (1000236c <stdio_put_string+0xf4>)
100022d2:	4699      	mov	r9, r3
100022d4:	e002      	b.n	100022dc <stdio_put_string+0x64>
100022d6:	6924      	ldr	r4, [r4, #16]
100022d8:	2c00      	cmp	r4, #0
100022da:	d00f      	beq.n	100022fc <stdio_put_string+0x84>
100022dc:	6823      	ldr	r3, [r4, #0]
100022de:	2b00      	cmp	r3, #0
100022e0:	d0f9      	beq.n	100022d6 <stdio_put_string+0x5e>
100022e2:	464b      	mov	r3, r9
100022e4:	681b      	ldr	r3, [r3, #0]
100022e6:	2b00      	cmp	r3, #0
100022e8:	d001      	beq.n	100022ee <stdio_put_string+0x76>
100022ea:	429c      	cmp	r4, r3
100022ec:	d1f3      	bne.n	100022d6 <stdio_put_string+0x5e>
100022ee:	0020      	movs	r0, r4
100022f0:	002a      	movs	r2, r5
100022f2:	4641      	mov	r1, r8
100022f4:	47b0      	blx	r6
100022f6:	6924      	ldr	r4, [r4, #16]
100022f8:	2c00      	cmp	r4, #0
100022fa:	d1ef      	bne.n	100022dc <stdio_put_string+0x64>
100022fc:	2f00      	cmp	r7, #0
100022fe:	d126      	bne.n	1000234e <stdio_put_string+0xd6>
10002300:	0028      	movs	r0, r5
10002302:	b003      	add	sp, #12
10002304:	bcf0      	pop	{r4, r5, r6, r7}
10002306:	46bb      	mov	fp, r7
10002308:	46b2      	mov	sl, r6
1000230a:	46a9      	mov	r9, r5
1000230c:	46a0      	mov	r8, r4
1000230e:	bdf0      	pop	{r4, r5, r6, r7, pc}
10002310:	4e17      	ldr	r6, [pc, #92]	@ (10002370 <stdio_put_string+0xf8>)
10002312:	e7d6      	b.n	100022c2 <stdio_put_string+0x4a>
10002314:	4b15      	ldr	r3, [pc, #84]	@ (1000236c <stdio_put_string+0xf4>)
10002316:	4699      	mov	r9, r3
10002318:	230a      	movs	r3, #10
1000231a:	469b      	mov	fp, r3
1000231c:	e002      	b.n	10002324 <stdio_put_string+0xac>
1000231e:	6924      	ldr	r4, [r4, #16]
10002320:	2c00      	cmp	r4, #0
10002322:	d0eb      	beq.n	100022fc <stdio_put_string+0x84>
10002324:	6823      	ldr	r3, [r4, #0]
10002326:	2b00      	cmp	r3, #0
10002328:	d0f9      	beq.n	1000231e <stdio_put_string+0xa6>
1000232a:	464b      	mov	r3, r9
1000232c:	681b      	ldr	r3, [r3, #0]
1000232e:	2b00      	cmp	r3, #0
10002330:	d001      	beq.n	10002336 <stdio_put_string+0xbe>
10002332:	42a3      	cmp	r3, r4
10002334:	d1f3      	bne.n	1000231e <stdio_put_string+0xa6>
10002336:	002a      	movs	r2, r5
10002338:	4641      	mov	r1, r8
1000233a:	0020      	movs	r0, r4
1000233c:	47b0      	blx	r6
1000233e:	466b      	mov	r3, sp
10002340:	465a      	mov	r2, fp
10002342:	0020      	movs	r0, r4
10002344:	71da      	strb	r2, [r3, #7]
10002346:	1dd9      	adds	r1, r3, #7
10002348:	2201      	movs	r2, #1
1000234a:	47b0      	blx	r6
1000234c:	e7e7      	b.n	1000231e <stdio_put_string+0xa6>
1000234e:	4650      	mov	r0, sl
10002350:	f002 fd4e 	bl	10004df0 <__mutex_exit_veneer>
10002354:	e7d4      	b.n	10002300 <stdio_put_string+0x88>
10002356:	46c0      	nop			@ (mov r8, r8)
10002358:	000f4240 	.word	0x000f4240
1000235c:	7fffffff 	.word	0x7fffffff
10002360:	200010a8 	.word	0x200010a8
10002364:	100021c9 	.word	0x100021c9
10002368:	20001a68 	.word	0x20001a68
1000236c:	20001a70 	.word	0x20001a70
10002370:	100021b9 	.word	0x100021b9

10002374 <stdio_set_driver_enabled>:
10002374:	4a0a      	ldr	r2, [pc, #40]	@ (100023a0 <stdio_set_driver_enabled+0x2c>)
10002376:	6813      	ldr	r3, [r2, #0]
10002378:	2b00      	cmp	r3, #0
1000237a:	d105      	bne.n	10002388 <stdio_set_driver_enabled+0x14>
1000237c:	e00c      	b.n	10002398 <stdio_set_driver_enabled+0x24>
1000237e:	001a      	movs	r2, r3
10002380:	691b      	ldr	r3, [r3, #16]
10002382:	3210      	adds	r2, #16
10002384:	2b00      	cmp	r3, #0
10002386:	d007      	beq.n	10002398 <stdio_set_driver_enabled+0x24>
10002388:	4283      	cmp	r3, r0
1000238a:	d1f8      	bne.n	1000237e <stdio_set_driver_enabled+0xa>
1000238c:	2900      	cmp	r1, #0
1000238e:	d102      	bne.n	10002396 <stdio_set_driver_enabled+0x22>
10002390:	6918      	ldr	r0, [r3, #16]
10002392:	6010      	str	r0, [r2, #0]
10002394:	6119      	str	r1, [r3, #16]
10002396:	4770      	bx	lr
10002398:	2900      	cmp	r1, #0
1000239a:	d0fc      	beq.n	10002396 <stdio_set_driver_enabled+0x22>
1000239c:	6010      	str	r0, [r2, #0]
1000239e:	e7fa      	b.n	10002396 <stdio_set_driver_enabled+0x22>
100023a0:	20001a68 	.word	0x20001a68

100023a4 <stdio_init_all>:
100023a4:	b510      	push	{r4, lr}
100023a6:	f000 fa7f 	bl	100028a8 <stdio_usb_init>
100023aa:	bd10      	pop	{r4, pc}

100023ac <__wrap_putchar>:
100023ac:	b5f0      	push	{r4, r5, r6, r7, lr}
100023ae:	46ce      	mov	lr, r9
100023b0:	4647      	mov	r7, r8
100023b2:	b580      	push	{r7, lr}
100023b4:	b083      	sub	sp, #12
100023b6:	466b      	mov	r3, sp
100023b8:	0006      	movs	r6, r0
100023ba:	1ddd      	adds	r5, r3, #7
100023bc:	7028      	strb	r0, [r5, #0]
100023be:	f7ff fadd 	bl	1000197c <time_us_64>
100023c2:	2300      	movs	r3, #0
100023c4:	4a19      	ldr	r2, [pc, #100]	@ (1000242c <__wrap_putchar+0x80>)
100023c6:	1812      	adds	r2, r2, r0
100023c8:	414b      	adcs	r3, r1
100023ca:	2b00      	cmp	r3, #0
100023cc:	da02      	bge.n	100023d4 <__wrap_putchar+0x28>
100023ce:	2201      	movs	r2, #1
100023d0:	4b17      	ldr	r3, [pc, #92]	@ (10002430 <__wrap_putchar+0x84>)
100023d2:	4252      	negs	r2, r2
100023d4:	4917      	ldr	r1, [pc, #92]	@ (10002434 <__wrap_putchar+0x88>)
100023d6:	0008      	movs	r0, r1
100023d8:	4688      	mov	r8, r1
100023da:	f002 fd39 	bl	10004e50 <__mutex_try_enter_block_until_veneer>
100023de:	4b16      	ldr	r3, [pc, #88]	@ (10002438 <__wrap_putchar+0x8c>)
100023e0:	4681      	mov	r9, r0
100023e2:	681c      	ldr	r4, [r3, #0]
100023e4:	2c00      	cmp	r4, #0
100023e6:	d014      	beq.n	10002412 <__wrap_putchar+0x66>
100023e8:	4f14      	ldr	r7, [pc, #80]	@ (1000243c <__wrap_putchar+0x90>)
100023ea:	e002      	b.n	100023f2 <__wrap_putchar+0x46>
100023ec:	6924      	ldr	r4, [r4, #16]
100023ee:	2c00      	cmp	r4, #0
100023f0:	d00f      	beq.n	10002412 <__wrap_putchar+0x66>
100023f2:	6823      	ldr	r3, [r4, #0]
100023f4:	2b00      	cmp	r3, #0
100023f6:	d0f9      	beq.n	100023ec <__wrap_putchar+0x40>
100023f8:	683b      	ldr	r3, [r7, #0]
100023fa:	2b00      	cmp	r3, #0
100023fc:	d001      	beq.n	10002402 <__wrap_putchar+0x56>
100023fe:	429c      	cmp	r4, r3
10002400:	d1f4      	bne.n	100023ec <__wrap_putchar+0x40>
10002402:	0020      	movs	r0, r4
10002404:	2201      	movs	r2, #1
10002406:	0029      	movs	r1, r5
10002408:	f7ff fede 	bl	100021c8 <stdio_out_chars_crlf>
1000240c:	6924      	ldr	r4, [r4, #16]
1000240e:	2c00      	cmp	r4, #0
10002410:	d1ef      	bne.n	100023f2 <__wrap_putchar+0x46>
10002412:	464b      	mov	r3, r9
10002414:	2b00      	cmp	r3, #0
10002416:	d105      	bne.n	10002424 <__wrap_putchar+0x78>
10002418:	0030      	movs	r0, r6
1000241a:	b003      	add	sp, #12
1000241c:	bcc0      	pop	{r6, r7}
1000241e:	46b9      	mov	r9, r7
10002420:	46b0      	mov	r8, r6
10002422:	bdf0      	pop	{r4, r5, r6, r7, pc}
10002424:	4640      	mov	r0, r8
10002426:	f002 fce3 	bl	10004df0 <__mutex_exit_veneer>
1000242a:	e7f5      	b.n	10002418 <__wrap_putchar+0x6c>
1000242c:	000f4240 	.word	0x000f4240
10002430:	7fffffff 	.word	0x7fffffff
10002434:	200010a8 	.word	0x200010a8
10002438:	20001a68 	.word	0x20001a68
1000243c:	20001a70 	.word	0x20001a70

10002440 <__wrap_puts>:
10002440:	b570      	push	{r4, r5, r6, lr}
10002442:	0004      	movs	r4, r0
10002444:	f002 fc8c 	bl	10004d60 <strlen>
10002448:	2301      	movs	r3, #1
1000244a:	0001      	movs	r1, r0
1000244c:	0005      	movs	r5, r0
1000244e:	2201      	movs	r2, #1
10002450:	0020      	movs	r0, r4
10002452:	f7ff ff11 	bl	10002278 <stdio_put_string>
10002456:	4b08      	ldr	r3, [pc, #32]	@ (10002478 <__wrap_puts+0x38>)
10002458:	681c      	ldr	r4, [r3, #0]
1000245a:	2c00      	cmp	r4, #0
1000245c:	d006      	beq.n	1000246c <__wrap_puts+0x2c>
1000245e:	6863      	ldr	r3, [r4, #4]
10002460:	2b00      	cmp	r3, #0
10002462:	d005      	beq.n	10002470 <__wrap_puts+0x30>
10002464:	4798      	blx	r3
10002466:	6924      	ldr	r4, [r4, #16]
10002468:	2c00      	cmp	r4, #0
1000246a:	d1f8      	bne.n	1000245e <__wrap_puts+0x1e>
1000246c:	0028      	movs	r0, r5
1000246e:	bd70      	pop	{r4, r5, r6, pc}
10002470:	6924      	ldr	r4, [r4, #16]
10002472:	2c00      	cmp	r4, #0
10002474:	d1f3      	bne.n	1000245e <__wrap_puts+0x1e>
10002476:	e7f9      	b.n	1000246c <__wrap_puts+0x2c>
10002478:	20001a68 	.word	0x20001a68

1000247c <resetd_init>:
1000247c:	4770      	bx	lr
1000247e:	46c0      	nop			@ (mov r8, r8)

10002480 <resetd_reset>:
10002480:	2200      	movs	r2, #0
10002482:	4b01      	ldr	r3, [pc, #4]	@ (10002488 <resetd_reset+0x8>)
10002484:	701a      	strb	r2, [r3, #0]
10002486:	4770      	bx	lr
10002488:	200213de 	.word	0x200213de

1000248c <resetd_open>:
1000248c:	794b      	ldrb	r3, [r1, #5]
1000248e:	2000      	movs	r0, #0
10002490:	2bff      	cmp	r3, #255	@ 0xff
10002492:	d10b      	bne.n	100024ac <resetd_open+0x20>
10002494:	798b      	ldrb	r3, [r1, #6]
10002496:	2b00      	cmp	r3, #0
10002498:	d108      	bne.n	100024ac <resetd_open+0x20>
1000249a:	79cb      	ldrb	r3, [r1, #7]
1000249c:	2b01      	cmp	r3, #1
1000249e:	d105      	bne.n	100024ac <resetd_open+0x20>
100024a0:	2a08      	cmp	r2, #8
100024a2:	d903      	bls.n	100024ac <resetd_open+0x20>
100024a4:	4b02      	ldr	r3, [pc, #8]	@ (100024b0 <resetd_open+0x24>)
100024a6:	788a      	ldrb	r2, [r1, #2]
100024a8:	3009      	adds	r0, #9
100024aa:	701a      	strb	r2, [r3, #0]
100024ac:	4770      	bx	lr
100024ae:	46c0      	nop			@ (mov r8, r8)
100024b0:	200213de 	.word	0x200213de

100024b4 <resetd_xfer_cb>:
100024b4:	2001      	movs	r0, #1
100024b6:	4770      	bx	lr

100024b8 <resetd_control_xfer_cb>:
100024b8:	b510      	push	{r4, lr}
100024ba:	2901      	cmp	r1, #1
100024bc:	d113      	bne.n	100024e6 <resetd_control_xfer_cb+0x2e>
100024be:	4912      	ldr	r1, [pc, #72]	@ (10002508 <resetd_control_xfer_cb+0x50>)
100024c0:	7953      	ldrb	r3, [r2, #5]
100024c2:	7910      	ldrb	r0, [r2, #4]
100024c4:	7809      	ldrb	r1, [r1, #0]
100024c6:	021b      	lsls	r3, r3, #8
100024c8:	4303      	orrs	r3, r0
100024ca:	2000      	movs	r0, #0
100024cc:	4299      	cmp	r1, r3
100024ce:	d000      	beq.n	100024d2 <resetd_control_xfer_cb+0x1a>
100024d0:	bd10      	pop	{r4, pc}
100024d2:	7853      	ldrb	r3, [r2, #1]
100024d4:	2b01      	cmp	r3, #1
100024d6:	d008      	beq.n	100024ea <resetd_control_xfer_cb+0x32>
100024d8:	2b02      	cmp	r3, #2
100024da:	d1f9      	bne.n	100024d0 <resetd_control_xfer_cb+0x18>
100024dc:	2264      	movs	r2, #100	@ 0x64
100024de:	2100      	movs	r1, #0
100024e0:	2000      	movs	r0, #0
100024e2:	f7ff fbab 	bl	10001c3c <watchdog_reboot>
100024e6:	2001      	movs	r0, #1
100024e8:	e7f2      	b.n	100024d0 <resetd_control_xfer_cb+0x18>
100024ea:	78d3      	ldrb	r3, [r2, #3]
100024ec:	7891      	ldrb	r1, [r2, #2]
100024ee:	021b      	lsls	r3, r3, #8
100024f0:	4319      	orrs	r1, r3
100024f2:	0a48      	lsrs	r0, r1, #9
100024f4:	05db      	lsls	r3, r3, #23
100024f6:	d401      	bmi.n	100024fc <resetd_control_xfer_cb+0x44>
100024f8:	2001      	movs	r0, #1
100024fa:	4240      	negs	r0, r0
100024fc:	237f      	movs	r3, #127	@ 0x7f
100024fe:	058a      	lsls	r2, r1, #22
10002500:	0fd2      	lsrs	r2, r2, #31
10002502:	4019      	ands	r1, r3
10002504:	f7ff fc22 	bl	10001d4c <rom_reset_usb_boot_extra>
10002508:	200213de 	.word	0x200213de

1000250c <tud_descriptor_bos_cb>:
1000250c:	4800      	ldr	r0, [pc, #0]	@ (10002510 <tud_descriptor_bos_cb+0x4>)
1000250e:	4770      	bx	lr
10002510:	1000517c 	.word	0x1000517c

10002514 <tud_vendor_control_xfer_cb>:
10002514:	b570      	push	{r4, r5, r6, lr}
10002516:	0005      	movs	r5, r0
10002518:	0014      	movs	r4, r2
1000251a:	2001      	movs	r0, #1
1000251c:	2901      	cmp	r1, #1
1000251e:	d109      	bne.n	10002534 <tud_vendor_control_xfer_cb+0x20>
10002520:	7853      	ldrb	r3, [r2, #1]
10002522:	2000      	movs	r0, #0
10002524:	2b01      	cmp	r3, #1
10002526:	d105      	bne.n	10002534 <tud_vendor_control_xfer_cb+0x20>
10002528:	7963      	ldrb	r3, [r4, #5]
1000252a:	7912      	ldrb	r2, [r2, #4]
1000252c:	021b      	lsls	r3, r3, #8
1000252e:	4313      	orrs	r3, r2
10002530:	2b07      	cmp	r3, #7
10002532:	d000      	beq.n	10002536 <tud_vendor_control_xfer_cb+0x22>
10002534:	bd70      	pop	{r4, r5, r6, pc}
10002536:	0021      	movs	r1, r4
10002538:	0028      	movs	r0, r5
1000253a:	4a02      	ldr	r2, [pc, #8]	@ (10002544 <tud_vendor_control_xfer_cb+0x30>)
1000253c:	339f      	adds	r3, #159	@ 0x9f
1000253e:	f001 fa55 	bl	100039ec <tud_control_xfer>
10002542:	e7f7      	b.n	10002534 <tud_vendor_control_xfer_cb+0x20>
10002544:	100050d4 	.word	0x100050d4

10002548 <usbd_app_driver_get_cb>:
10002548:	2301      	movs	r3, #1
1000254a:	7003      	strb	r3, [r0, #0]
1000254c:	4800      	ldr	r0, [pc, #0]	@ (10002550 <usbd_app_driver_get_cb+0x8>)
1000254e:	4770      	bx	lr
10002550:	100050b4 	.word	0x100050b4

10002554 <tud_cdc_line_coding_cb>:
10002554:	784b      	ldrb	r3, [r1, #1]
10002556:	780a      	ldrb	r2, [r1, #0]
10002558:	021b      	lsls	r3, r3, #8
1000255a:	4313      	orrs	r3, r2
1000255c:	788a      	ldrb	r2, [r1, #2]
1000255e:	b510      	push	{r4, lr}
10002560:	0412      	lsls	r2, r2, #16
10002562:	431a      	orrs	r2, r3
10002564:	78cb      	ldrb	r3, [r1, #3]
10002566:	061b      	lsls	r3, r3, #24
10002568:	4313      	orrs	r3, r2
1000256a:	2296      	movs	r2, #150	@ 0x96
1000256c:	00d2      	lsls	r2, r2, #3
1000256e:	4293      	cmp	r3, r2
10002570:	d000      	beq.n	10002574 <tud_cdc_line_coding_cb+0x20>
10002572:	bd10      	pop	{r4, pc}
10002574:	2200      	movs	r2, #0
10002576:	2001      	movs	r0, #1
10002578:	0011      	movs	r1, r2
1000257a:	4240      	negs	r0, r0
1000257c:	f7ff fbe6 	bl	10001d4c <rom_reset_usb_boot_extra>

10002580 <stdio_usb_set_chars_available_callback>:
10002580:	4b02      	ldr	r3, [pc, #8]	@ (1000258c <stdio_usb_set_chars_available_callback+0xc>)
10002582:	6018      	str	r0, [r3, #0]
10002584:	4b02      	ldr	r3, [pc, #8]	@ (10002590 <stdio_usb_set_chars_available_callback+0x10>)
10002586:	6019      	str	r1, [r3, #0]
10002588:	4770      	bx	lr
1000258a:	46c0      	nop			@ (mov r8, r8)
1000258c:	20001a08 	.word	0x20001a08
10002590:	20001a0c 	.word	0x20001a0c

10002594 <usb_irq>:
10002594:	b510      	push	{r4, lr}
10002596:	4b02      	ldr	r3, [pc, #8]	@ (100025a0 <usb_irq+0xc>)
10002598:	7818      	ldrb	r0, [r3, #0]
1000259a:	f7fe fbcf 	bl	10000d3c <irq_set_pending>
1000259e:	bd10      	pop	{r4, pc}
100025a0:	200213df 	.word	0x200213df

100025a4 <timer_task>:
100025a4:	4b15      	ldr	r3, [pc, #84]	@ (100025fc <timer_task+0x58>)
100025a6:	b570      	push	{r4, r5, r6, lr}
100025a8:	681a      	ldr	r2, [r3, #0]
100025aa:	2a00      	cmp	r2, #0
100025ac:	d022      	beq.n	100025f4 <timer_task+0x50>
100025ae:	f3ef 8110 	mrs	r1, PRIMASK
100025b2:	b672      	cpsid	i
100025b4:	6810      	ldr	r0, [r2, #0]
100025b6:	2800      	cmp	r0, #0
100025b8:	d0fc      	beq.n	100025b4 <timer_task+0x10>
100025ba:	f3bf 8f5f 	dmb	sy
100025be:	2000      	movs	r0, #0
100025c0:	4a0f      	ldr	r2, [pc, #60]	@ (10002600 <timer_task+0x5c>)
100025c2:	6059      	str	r1, [r3, #4]
100025c4:	7010      	strb	r0, [r2, #0]
100025c6:	681b      	ldr	r3, [r3, #0]
100025c8:	f3bf 8f5f 	dmb	sy
100025cc:	6018      	str	r0, [r3, #0]
100025ce:	f381 8810 	msr	PRIMASK, r1
100025d2:	2400      	movs	r4, #0
100025d4:	2500      	movs	r5, #0
100025d6:	4e0b      	ldr	r6, [pc, #44]	@ (10002604 <timer_task+0x60>)
100025d8:	7830      	ldrb	r0, [r6, #0]
100025da:	f7fe fba3 	bl	10000d24 <irq_is_enabled>
100025de:	2800      	cmp	r0, #0
100025e0:	d104      	bne.n	100025ec <timer_task+0x48>
100025e2:	2400      	movs	r4, #0
100025e4:	2500      	movs	r5, #0
100025e6:	0029      	movs	r1, r5
100025e8:	0020      	movs	r0, r4
100025ea:	bd70      	pop	{r4, r5, r6, pc}
100025ec:	7830      	ldrb	r0, [r6, #0]
100025ee:	f7fe fba5 	bl	10000d3c <irq_set_pending>
100025f2:	e7f8      	b.n	100025e6 <timer_task+0x42>
100025f4:	24fa      	movs	r4, #250	@ 0xfa
100025f6:	2500      	movs	r5, #0
100025f8:	00a4      	lsls	r4, r4, #2
100025fa:	e7ec      	b.n	100025d6 <timer_task+0x32>
100025fc:	20021298 	.word	0x20021298
10002600:	200213e0 	.word	0x200213e0
10002604:	200213df 	.word	0x200213df

10002608 <stdio_usb_in_chars>:
10002608:	b570      	push	{r4, r5, r6, lr}
1000260a:	0004      	movs	r4, r0
1000260c:	2000      	movs	r0, #0
1000260e:	000e      	movs	r6, r1
10002610:	f001 fb0a 	bl	10003c28 <tud_cdc_n_connected>
10002614:	2800      	cmp	r0, #0
10002616:	d034      	beq.n	10002682 <stdio_usb_in_chars+0x7a>
10002618:	2000      	movs	r0, #0
1000261a:	f001 fb1b 	bl	10003c54 <tud_cdc_n_available>
1000261e:	2800      	cmp	r0, #0
10002620:	d02f      	beq.n	10002682 <stdio_usb_in_chars+0x7a>
10002622:	f7ff f9ab 	bl	1000197c <time_us_64>
10002626:	2300      	movs	r3, #0
10002628:	4a17      	ldr	r2, [pc, #92]	@ (10002688 <stdio_usb_in_chars+0x80>)
1000262a:	1812      	adds	r2, r2, r0
1000262c:	414b      	adcs	r3, r1
1000262e:	2b00      	cmp	r3, #0
10002630:	db16      	blt.n	10002660 <stdio_usb_in_chars+0x58>
10002632:	4d16      	ldr	r5, [pc, #88]	@ (1000268c <stdio_usb_in_chars+0x84>)
10002634:	0028      	movs	r0, r5
10002636:	f002 fc0b 	bl	10004e50 <__mutex_try_enter_block_until_veneer>
1000263a:	2800      	cmp	r0, #0
1000263c:	d021      	beq.n	10002682 <stdio_usb_in_chars+0x7a>
1000263e:	2000      	movs	r0, #0
10002640:	f001 faf2 	bl	10003c28 <tud_cdc_n_connected>
10002644:	2800      	cmp	r0, #0
10002646:	d10f      	bne.n	10002668 <stdio_usb_in_chars+0x60>
10002648:	2001      	movs	r0, #1
1000264a:	2100      	movs	r1, #0
1000264c:	4240      	negs	r0, r0
1000264e:	f000 fd01 	bl	10003054 <tud_task_ext>
10002652:	2403      	movs	r4, #3
10002654:	4264      	negs	r4, r4
10002656:	0028      	movs	r0, r5
10002658:	f002 fbca 	bl	10004df0 <__mutex_exit_veneer>
1000265c:	0020      	movs	r0, r4
1000265e:	bd70      	pop	{r4, r5, r6, pc}
10002660:	2201      	movs	r2, #1
10002662:	4b0b      	ldr	r3, [pc, #44]	@ (10002690 <stdio_usb_in_chars+0x88>)
10002664:	4252      	negs	r2, r2
10002666:	e7e4      	b.n	10002632 <stdio_usb_in_chars+0x2a>
10002668:	2000      	movs	r0, #0
1000266a:	f001 faf3 	bl	10003c54 <tud_cdc_n_available>
1000266e:	2800      	cmp	r0, #0
10002670:	d0ea      	beq.n	10002648 <stdio_usb_in_chars+0x40>
10002672:	0021      	movs	r1, r4
10002674:	0032      	movs	r2, r6
10002676:	2000      	movs	r0, #0
10002678:	f001 faf6 	bl	10003c68 <tud_cdc_n_read>
1000267c:	1e04      	subs	r4, r0, #0
1000267e:	d1ea      	bne.n	10002656 <stdio_usb_in_chars+0x4e>
10002680:	e7e7      	b.n	10002652 <stdio_usb_in_chars+0x4a>
10002682:	2403      	movs	r4, #3
10002684:	4264      	negs	r4, r4
10002686:	e7e9      	b.n	1000265c <stdio_usb_in_chars+0x54>
10002688:	000f4240 	.word	0x000f4240
1000268c:	200213c0 	.word	0x200213c0
10002690:	7fffffff 	.word	0x7fffffff

10002694 <stdio_usb_out_flush>:
10002694:	b510      	push	{r4, lr}
10002696:	f7ff f971 	bl	1000197c <time_us_64>
1000269a:	2300      	movs	r3, #0
1000269c:	4a0d      	ldr	r2, [pc, #52]	@ (100026d4 <stdio_usb_out_flush+0x40>)
1000269e:	1812      	adds	r2, r2, r0
100026a0:	414b      	adcs	r3, r1
100026a2:	2b00      	cmp	r3, #0
100026a4:	da02      	bge.n	100026ac <stdio_usb_out_flush+0x18>
100026a6:	2201      	movs	r2, #1
100026a8:	4b0b      	ldr	r3, [pc, #44]	@ (100026d8 <stdio_usb_out_flush+0x44>)
100026aa:	4252      	negs	r2, r2
100026ac:	4c0b      	ldr	r4, [pc, #44]	@ (100026dc <stdio_usb_out_flush+0x48>)
100026ae:	0020      	movs	r0, r4
100026b0:	f002 fbce 	bl	10004e50 <__mutex_try_enter_block_until_veneer>
100026b4:	2800      	cmp	r0, #0
100026b6:	d00c      	beq.n	100026d2 <stdio_usb_out_flush+0x3e>
100026b8:	2001      	movs	r0, #1
100026ba:	2100      	movs	r1, #0
100026bc:	4240      	negs	r0, r0
100026be:	f000 fcc9 	bl	10003054 <tud_task_ext>
100026c2:	2000      	movs	r0, #0
100026c4:	f001 fb14 	bl	10003cf0 <tud_cdc_n_write_flush>
100026c8:	2800      	cmp	r0, #0
100026ca:	d1f5      	bne.n	100026b8 <stdio_usb_out_flush+0x24>
100026cc:	0020      	movs	r0, r4
100026ce:	f002 fb8f 	bl	10004df0 <__mutex_exit_veneer>
100026d2:	bd10      	pop	{r4, pc}
100026d4:	000f4240 	.word	0x000f4240
100026d8:	7fffffff 	.word	0x7fffffff
100026dc:	200213c0 	.word	0x200213c0

100026e0 <stdio_usb_out_chars>:
100026e0:	b5f8      	push	{r3, r4, r5, r6, r7, lr}
100026e2:	46de      	mov	lr, fp
100026e4:	4657      	mov	r7, sl
100026e6:	b580      	push	{r7, lr}
100026e8:	0005      	movs	r5, r0
100026ea:	000c      	movs	r4, r1
100026ec:	f7ff f946 	bl	1000197c <time_us_64>
100026f0:	2300      	movs	r3, #0
100026f2:	4a36      	ldr	r2, [pc, #216]	@ (100027cc <stdio_usb_out_chars+0xec>)
100026f4:	1812      	adds	r2, r2, r0
100026f6:	414b      	adcs	r3, r1
100026f8:	2b00      	cmp	r3, #0
100026fa:	da02      	bge.n	10002702 <stdio_usb_out_chars+0x22>
100026fc:	2201      	movs	r2, #1
100026fe:	4b34      	ldr	r3, [pc, #208]	@ (100027d0 <stdio_usb_out_chars+0xf0>)
10002700:	4252      	negs	r2, r2
10002702:	4934      	ldr	r1, [pc, #208]	@ (100027d4 <stdio_usb_out_chars+0xf4>)
10002704:	0008      	movs	r0, r1
10002706:	468a      	mov	sl, r1
10002708:	f002 fba2 	bl	10004e50 <__mutex_try_enter_block_until_veneer>
1000270c:	2800      	cmp	r0, #0
1000270e:	d103      	bne.n	10002718 <stdio_usb_out_chars+0x38>
10002710:	bcc0      	pop	{r6, r7}
10002712:	46bb      	mov	fp, r7
10002714:	46b2      	mov	sl, r6
10002716:	bdf8      	pop	{r3, r4, r5, r6, r7, pc}
10002718:	2000      	movs	r0, #0
1000271a:	f001 fa85 	bl	10003c28 <tud_cdc_n_connected>
1000271e:	2800      	cmp	r0, #0
10002720:	d04a      	beq.n	100027b8 <stdio_usb_out_chars+0xd8>
10002722:	2600      	movs	r6, #0
10002724:	2c00      	cmp	r4, #0
10002726:	dd43      	ble.n	100027b0 <stdio_usb_out_chars+0xd0>
10002728:	4b2b      	ldr	r3, [pc, #172]	@ (100027d8 <stdio_usb_out_chars+0xf8>)
1000272a:	469b      	mov	fp, r3
1000272c:	e014      	b.n	10002758 <stdio_usb_out_chars+0x78>
1000272e:	19a9      	adds	r1, r5, r6
10002730:	2000      	movs	r0, #0
10002732:	f001 fb17 	bl	10003d64 <tud_cdc_n_write>
10002736:	0007      	movs	r7, r0
10002738:	2001      	movs	r0, #1
1000273a:	2100      	movs	r1, #0
1000273c:	4240      	negs	r0, r0
1000273e:	f000 fc89 	bl	10003054 <tud_task_ext>
10002742:	2000      	movs	r0, #0
10002744:	f001 fad4 	bl	10003cf0 <tud_cdc_n_write_flush>
10002748:	f7ff f918 	bl	1000197c <time_us_64>
1000274c:	4b22      	ldr	r3, [pc, #136]	@ (100027d8 <stdio_usb_out_chars+0xf8>)
1000274e:	19f6      	adds	r6, r6, r7
10002750:	6018      	str	r0, [r3, #0]
10002752:	6059      	str	r1, [r3, #4]
10002754:	42b4      	cmp	r4, r6
10002756:	dd2b      	ble.n	100027b0 <stdio_usb_out_chars+0xd0>
10002758:	2000      	movs	r0, #0
1000275a:	f001 fb23 	bl	10003da4 <tud_cdc_n_write_available>
1000275e:	1ba7      	subs	r7, r4, r6
10002760:	0002      	movs	r2, r0
10002762:	42b8      	cmp	r0, r7
10002764:	dd00      	ble.n	10002768 <stdio_usb_out_chars+0x88>
10002766:	003a      	movs	r2, r7
10002768:	2a00      	cmp	r2, #0
1000276a:	d1e0      	bne.n	1000272e <stdio_usb_out_chars+0x4e>
1000276c:	2001      	movs	r0, #1
1000276e:	2100      	movs	r1, #0
10002770:	4240      	negs	r0, r0
10002772:	f000 fc6f 	bl	10003054 <tud_task_ext>
10002776:	2000      	movs	r0, #0
10002778:	f001 faba 	bl	10003cf0 <tud_cdc_n_write_flush>
1000277c:	2000      	movs	r0, #0
1000277e:	f001 fa53 	bl	10003c28 <tud_cdc_n_connected>
10002782:	2800      	cmp	r0, #0
10002784:	d014      	beq.n	100027b0 <stdio_usb_out_chars+0xd0>
10002786:	2000      	movs	r0, #0
10002788:	f001 fb0c 	bl	10003da4 <tud_cdc_n_write_available>
1000278c:	2800      	cmp	r0, #0
1000278e:	d1e1      	bne.n	10002754 <stdio_usb_out_chars+0x74>
10002790:	f7ff f8f4 	bl	1000197c <time_us_64>
10002794:	465b      	mov	r3, fp
10002796:	000f      	movs	r7, r1
10002798:	681a      	ldr	r2, [r3, #0]
1000279a:	685b      	ldr	r3, [r3, #4]
1000279c:	2100      	movs	r1, #0
1000279e:	4684      	mov	ip, r0
100027a0:	480e      	ldr	r0, [pc, #56]	@ (100027dc <stdio_usb_out_chars+0xfc>)
100027a2:	1812      	adds	r2, r2, r0
100027a4:	414b      	adcs	r3, r1
100027a6:	429f      	cmp	r7, r3
100027a8:	d802      	bhi.n	100027b0 <stdio_usb_out_chars+0xd0>
100027aa:	d1d3      	bne.n	10002754 <stdio_usb_out_chars+0x74>
100027ac:	4594      	cmp	ip, r2
100027ae:	d9d1      	bls.n	10002754 <stdio_usb_out_chars+0x74>
100027b0:	4650      	mov	r0, sl
100027b2:	f002 fb1d 	bl	10004df0 <__mutex_exit_veneer>
100027b6:	e7ab      	b.n	10002710 <stdio_usb_out_chars+0x30>
100027b8:	2000      	movs	r0, #0
100027ba:	2100      	movs	r1, #0
100027bc:	4b06      	ldr	r3, [pc, #24]	@ (100027d8 <stdio_usb_out_chars+0xf8>)
100027be:	6018      	str	r0, [r3, #0]
100027c0:	6059      	str	r1, [r3, #4]
100027c2:	4650      	mov	r0, sl
100027c4:	f002 fb14 	bl	10004df0 <__mutex_exit_veneer>
100027c8:	e7a2      	b.n	10002710 <stdio_usb_out_chars+0x30>
100027ca:	46c0      	nop			@ (mov r8, r8)
100027cc:	000f4240 	.word	0x000f4240
100027d0:	7fffffff 	.word	0x7fffffff
100027d4:	200213c0 	.word	0x200213c0
100027d8:	20001268 	.word	0x20001268
100027dc:	0007a120 	.word	0x0007a120

100027e0 <low_priority_worker_irq>:
100027e0:	b530      	push	{r4, r5, lr}
100027e2:	4c2a      	ldr	r4, [pc, #168]	@ (1000288c <low_priority_worker_irq+0xac>)
100027e4:	b085      	sub	sp, #20
100027e6:	2100      	movs	r1, #0
100027e8:	0020      	movs	r0, r4
100027ea:	f002 fb19 	bl	10004e20 <__mutex_try_enter_veneer>
100027ee:	2800      	cmp	r0, #0
100027f0:	d11c      	bne.n	1000282c <low_priority_worker_irq+0x4c>
100027f2:	4b27      	ldr	r3, [pc, #156]	@ (10002890 <low_priority_worker_irq+0xb0>)
100027f4:	681a      	ldr	r2, [r3, #0]
100027f6:	2a00      	cmp	r2, #0
100027f8:	d016      	beq.n	10002828 <low_priority_worker_irq+0x48>
100027fa:	f3ef 8110 	mrs	r1, PRIMASK
100027fe:	b672      	cpsid	i
10002800:	6810      	ldr	r0, [r2, #0]
10002802:	2800      	cmp	r0, #0
10002804:	d0fc      	beq.n	10002800 <low_priority_worker_irq+0x20>
10002806:	f3bf 8f5f 	dmb	sy
1000280a:	2401      	movs	r4, #1
1000280c:	4821      	ldr	r0, [pc, #132]	@ (10002894 <low_priority_worker_irq+0xb4>)
1000280e:	6059      	str	r1, [r3, #4]
10002810:	7802      	ldrb	r2, [r0, #0]
10002812:	681b      	ldr	r3, [r3, #0]
10002814:	b2d2      	uxtb	r2, r2
10002816:	7004      	strb	r4, [r0, #0]
10002818:	f3bf 8f5f 	dmb	sy
1000281c:	2000      	movs	r0, #0
1000281e:	6018      	str	r0, [r3, #0]
10002820:	f381 8810 	msr	PRIMASK, r1
10002824:	2a00      	cmp	r2, #0
10002826:	d017      	beq.n	10002858 <low_priority_worker_irq+0x78>
10002828:	b005      	add	sp, #20
1000282a:	bd30      	pop	{r4, r5, pc}
1000282c:	2001      	movs	r0, #1
1000282e:	2100      	movs	r1, #0
10002830:	4240      	negs	r0, r0
10002832:	f000 fc0f 	bl	10003054 <tud_task_ext>
10002836:	2000      	movs	r0, #0
10002838:	f001 fa0c 	bl	10003c54 <tud_cdc_n_available>
1000283c:	0005      	movs	r5, r0
1000283e:	0020      	movs	r0, r4
10002840:	f002 fad6 	bl	10004df0 <__mutex_exit_veneer>
10002844:	2d00      	cmp	r5, #0
10002846:	d0ef      	beq.n	10002828 <low_priority_worker_irq+0x48>
10002848:	4b13      	ldr	r3, [pc, #76]	@ (10002898 <low_priority_worker_irq+0xb8>)
1000284a:	681b      	ldr	r3, [r3, #0]
1000284c:	2b00      	cmp	r3, #0
1000284e:	d0eb      	beq.n	10002828 <low_priority_worker_irq+0x48>
10002850:	4a12      	ldr	r2, [pc, #72]	@ (1000289c <low_priority_worker_irq+0xbc>)
10002852:	6810      	ldr	r0, [r2, #0]
10002854:	4798      	blx	r3
10002856:	e7e7      	b.n	10002828 <low_priority_worker_irq+0x48>
10002858:	f7fe fe7a 	bl	10001550 <alarm_pool_get_default>
1000285c:	0004      	movs	r4, r0
1000285e:	f7ff f88d 	bl	1000197c <time_us_64>
10002862:	22fa      	movs	r2, #250	@ 0xfa
10002864:	2300      	movs	r3, #0
10002866:	0092      	lsls	r2, r2, #2
10002868:	1812      	adds	r2, r2, r0
1000286a:	414b      	adcs	r3, r1
1000286c:	2b00      	cmp	r3, #0
1000286e:	da02      	bge.n	10002876 <low_priority_worker_irq+0x96>
10002870:	2201      	movs	r2, #1
10002872:	4b0b      	ldr	r3, [pc, #44]	@ (100028a0 <low_priority_worker_irq+0xc0>)
10002874:	4252      	negs	r2, r2
10002876:	2101      	movs	r1, #1
10002878:	9102      	str	r1, [sp, #8]
1000287a:	2100      	movs	r1, #0
1000287c:	9101      	str	r1, [sp, #4]
1000287e:	4909      	ldr	r1, [pc, #36]	@ (100028a4 <low_priority_worker_irq+0xc4>)
10002880:	0020      	movs	r0, r4
10002882:	9100      	str	r1, [sp, #0]
10002884:	f7fe fe68 	bl	10001558 <alarm_pool_add_alarm_at>
10002888:	e7ce      	b.n	10002828 <low_priority_worker_irq+0x48>
1000288a:	46c0      	nop			@ (mov r8, r8)
1000288c:	200213c0 	.word	0x200213c0
10002890:	20021298 	.word	0x20021298
10002894:	200213e0 	.word	0x200213e0
10002898:	20001a08 	.word	0x20001a08
1000289c:	20001a0c 	.word	0x20001a0c
100028a0:	7fffffff 	.word	0x7fffffff
100028a4:	100025a5 	.word	0x100025a5

100028a8 <stdio_usb_init>:
100028a8:	23d0      	movs	r3, #208	@ 0xd0
100028aa:	b510      	push	{r4, lr}
100028ac:	061b      	lsls	r3, r3, #24
100028ae:	b084      	sub	sp, #16
100028b0:	681c      	ldr	r4, [r3, #0]
100028b2:	f7fe fe4d 	bl	10001550 <alarm_pool_get_default>
100028b6:	f7fe ff49 	bl	1000174c <alarm_pool_core_num>
100028ba:	42a0      	cmp	r0, r4
100028bc:	d002      	beq.n	100028c4 <stdio_usb_init+0x1c>
100028be:	2000      	movs	r0, #0
100028c0:	b004      	add	sp, #16
100028c2:	bd10      	pop	{r4, pc}
100028c4:	4b29      	ldr	r3, [pc, #164]	@ (1000296c <stdio_usb_init+0xc4>)
100028c6:	2100      	movs	r1, #0
100028c8:	2000      	movs	r0, #0
100028ca:	781b      	ldrb	r3, [r3, #0]
100028cc:	f001 fd5e 	bl	1000438c <tusb_rhport_init>
100028d0:	4827      	ldr	r0, [pc, #156]	@ (10002970 <stdio_usb_init+0xc8>)
100028d2:	6803      	ldr	r3, [r0, #0]
100028d4:	2b00      	cmp	r3, #0
100028d6:	d045      	beq.n	10002964 <stdio_usb_init+0xbc>
100028d8:	2001      	movs	r0, #1
100028da:	f7fe fbc7 	bl	1000106c <user_irq_claim_unused>
100028de:	23ff      	movs	r3, #255	@ 0xff
100028e0:	4c24      	ldr	r4, [pc, #144]	@ (10002974 <stdio_usb_init+0xcc>)
100028e2:	4925      	ldr	r1, [pc, #148]	@ (10002978 <stdio_usb_init+0xd0>)
100028e4:	7020      	strb	r0, [r4, #0]
100028e6:	4018      	ands	r0, r3
100028e8:	f7fe fa42 	bl	10000d70 <irq_set_exclusive_handler>
100028ec:	7820      	ldrb	r0, [r4, #0]
100028ee:	2101      	movs	r1, #1
100028f0:	f7fe fa06 	bl	10000d00 <irq_set_enabled>
100028f4:	2005      	movs	r0, #5
100028f6:	f7fe fa29 	bl	10000d4c <irq_has_shared_handler>
100028fa:	2800      	cmp	r0, #0
100028fc:	d124      	bne.n	10002948 <stdio_usb_init+0xa0>
100028fe:	2208      	movs	r2, #8
10002900:	2100      	movs	r1, #0
10002902:	481e      	ldr	r0, [pc, #120]	@ (1000297c <stdio_usb_init+0xd4>)
10002904:	f7ff fc10 	bl	10002128 <__wrap_memset>
10002908:	f7fe fe22 	bl	10001550 <alarm_pool_get_default>
1000290c:	0004      	movs	r4, r0
1000290e:	f7ff f835 	bl	1000197c <time_us_64>
10002912:	22fa      	movs	r2, #250	@ 0xfa
10002914:	2300      	movs	r3, #0
10002916:	0092      	lsls	r2, r2, #2
10002918:	1812      	adds	r2, r2, r0
1000291a:	414b      	adcs	r3, r1
1000291c:	2b00      	cmp	r3, #0
1000291e:	da02      	bge.n	10002926 <stdio_usb_init+0x7e>
10002920:	2201      	movs	r2, #1
10002922:	4b17      	ldr	r3, [pc, #92]	@ (10002980 <stdio_usb_init+0xd8>)
10002924:	4252      	negs	r2, r2
10002926:	2101      	movs	r1, #1
10002928:	9102      	str	r1, [sp, #8]
1000292a:	2100      	movs	r1, #0
1000292c:	9101      	str	r1, [sp, #4]
1000292e:	4915      	ldr	r1, [pc, #84]	@ (10002984 <stdio_usb_init+0xdc>)
10002930:	0020      	movs	r0, r4
10002932:	9100      	str	r1, [sp, #0]
10002934:	f7fe fe10 	bl	10001558 <alarm_pool_add_alarm_at>
10002938:	2800      	cmp	r0, #0
1000293a:	dbc0      	blt.n	100028be <stdio_usb_init+0x16>
1000293c:	4812      	ldr	r0, [pc, #72]	@ (10002988 <stdio_usb_init+0xe0>)
1000293e:	2101      	movs	r1, #1
10002940:	f7ff fd18 	bl	10002374 <stdio_set_driver_enabled>
10002944:	2001      	movs	r0, #1
10002946:	e7bb      	b.n	100028c0 <stdio_usb_init+0x18>
10002948:	2001      	movs	r0, #1
1000294a:	f7fe f9a7 	bl	10000c9c <spin_lock_claim_unused>
1000294e:	4b0b      	ldr	r3, [pc, #44]	@ (1000297c <stdio_usb_init+0xd4>)
10002950:	0001      	movs	r1, r0
10002952:	0018      	movs	r0, r3
10002954:	f7fe fbec 	bl	10001130 <critical_section_init_with_lock_num>
10002958:	2200      	movs	r2, #0
1000295a:	2005      	movs	r0, #5
1000295c:	490b      	ldr	r1, [pc, #44]	@ (1000298c <stdio_usb_init+0xe4>)
1000295e:	f7fe fa31 	bl	10000dc4 <irq_add_shared_handler>
10002962:	e7eb      	b.n	1000293c <stdio_usb_init+0x94>
10002964:	f7fe fbc8 	bl	100010f8 <mutex_init>
10002968:	e7b6      	b.n	100028d8 <stdio_usb_init+0x30>
1000296a:	46c0      	nop			@ (mov r8, r8)
1000296c:	10005334 	.word	0x10005334
10002970:	200213c0 	.word	0x200213c0
10002974:	200213df 	.word	0x200213df
10002978:	100027e1 	.word	0x100027e1
1000297c:	20021298 	.word	0x20021298
10002980:	7fffffff 	.word	0x7fffffff
10002984:	100025a5 	.word	0x100025a5
10002988:	20001070 	.word	0x20001070
1000298c:	10002595 	.word	0x10002595

10002990 <tud_descriptor_device_cb>:
10002990:	4800      	ldr	r0, [pc, #0]	@ (10002994 <tud_descriptor_device_cb+0x4>)
10002992:	4770      	bx	lr
10002994:	10005218 	.word	0x10005218

10002998 <tud_descriptor_configuration_cb>:
10002998:	4800      	ldr	r0, [pc, #0]	@ (1000299c <tud_descriptor_configuration_cb+0x4>)
1000299a:	4770      	bx	lr
1000299c:	100051c4 	.word	0x100051c4

100029a0 <tud_descriptor_string_cb>:
100029a0:	b510      	push	{r4, lr}
100029a2:	0004      	movs	r4, r0
100029a4:	4817      	ldr	r0, [pc, #92]	@ (10002a04 <tud_descriptor_string_cb+0x64>)
100029a6:	7803      	ldrb	r3, [r0, #0]
100029a8:	2b00      	cmp	r3, #0
100029aa:	d020      	beq.n	100029ee <tud_descriptor_string_cb+0x4e>
100029ac:	2c00      	cmp	r4, #0
100029ae:	d106      	bne.n	100029be <tud_descriptor_string_cb+0x1e>
100029b0:	4b15      	ldr	r3, [pc, #84]	@ (10002a08 <tud_descriptor_string_cb+0x68>)
100029b2:	4816      	ldr	r0, [pc, #88]	@ (10002a0c <tud_descriptor_string_cb+0x6c>)
100029b4:	8043      	strh	r3, [r0, #2]
100029b6:	3b06      	subs	r3, #6
100029b8:	3bff      	subs	r3, #255	@ 0xff
100029ba:	8003      	strh	r3, [r0, #0]
100029bc:	bd10      	pop	{r4, pc}
100029be:	2c05      	cmp	r4, #5
100029c0:	d81d      	bhi.n	100029fe <tud_descriptor_string_cb+0x5e>
100029c2:	4b13      	ldr	r3, [pc, #76]	@ (10002a10 <tud_descriptor_string_cb+0x70>)
100029c4:	00a4      	lsls	r4, r4, #2
100029c6:	58e0      	ldr	r0, [r4, r3]
100029c8:	4912      	ldr	r1, [pc, #72]	@ (10002a14 <tud_descriptor_string_cb+0x74>)
100029ca:	2301      	movs	r3, #1
100029cc:	3801      	subs	r0, #1
100029ce:	e004      	b.n	100029da <tud_descriptor_string_cb+0x3a>
100029d0:	3301      	adds	r3, #1
100029d2:	800a      	strh	r2, [r1, #0]
100029d4:	3102      	adds	r1, #2
100029d6:	2b14      	cmp	r3, #20
100029d8:	d00d      	beq.n	100029f6 <tud_descriptor_string_cb+0x56>
100029da:	5cc2      	ldrb	r2, [r0, r3]
100029dc:	2a00      	cmp	r2, #0
100029de:	d1f7      	bne.n	100029d0 <tud_descriptor_string_cb+0x30>
100029e0:	22c0      	movs	r2, #192	@ 0xc0
100029e2:	b2db      	uxtb	r3, r3
100029e4:	005b      	lsls	r3, r3, #1
100029e6:	0092      	lsls	r2, r2, #2
100029e8:	4808      	ldr	r0, [pc, #32]	@ (10002a0c <tud_descriptor_string_cb+0x6c>)
100029ea:	4313      	orrs	r3, r2
100029ec:	e7e5      	b.n	100029ba <tud_descriptor_string_cb+0x1a>
100029ee:	2111      	movs	r1, #17
100029f0:	f000 f81a 	bl	10002a28 <pico_get_unique_board_id_string>
100029f4:	e7da      	b.n	100029ac <tud_descriptor_string_cb+0xc>
100029f6:	23ca      	movs	r3, #202	@ 0xca
100029f8:	4804      	ldr	r0, [pc, #16]	@ (10002a0c <tud_descriptor_string_cb+0x6c>)
100029fa:	009b      	lsls	r3, r3, #2
100029fc:	e7dd      	b.n	100029ba <tud_descriptor_string_cb+0x1a>
100029fe:	2000      	movs	r0, #0
10002a00:	e7dc      	b.n	100029bc <tud_descriptor_string_cb+0x1c>
10002a02:	46c0      	nop			@ (mov r8, r8)
10002a04:	200213c8 	.word	0x200213c8
10002a08:	00000409 	.word	0x00000409
10002a0c:	20001a40 	.word	0x20001a40
10002a10:	100051ac 	.word	0x100051ac
10002a14:	20001a42 	.word	0x20001a42

10002a18 <_retrieve_unique_id_on_boot>:
10002a18:	b510      	push	{r4, lr}
10002a1a:	4802      	ldr	r0, [pc, #8]	@ (10002a24 <_retrieve_unique_id_on_boot+0xc>)
10002a1c:	f000 f8d8 	bl	10002bd0 <flash_get_unique_id>
10002a20:	bd10      	pop	{r4, pc}
10002a22:	46c0      	nop			@ (mov r8, r8)
10002a24:	200212b0 	.word	0x200212b0

10002a28 <pico_get_unique_board_id_string>:
10002a28:	b530      	push	{r4, r5, lr}
10002a2a:	1e4b      	subs	r3, r1, #1
10002a2c:	2901      	cmp	r1, #1
10002a2e:	d100      	bne.n	10002a32 <pico_get_unique_board_id_string+0xa>
10002a30:	e0a7      	b.n	10002b82 <pico_get_unique_board_id_string+0x15a>
10002a32:	4a66      	ldr	r2, [pc, #408]	@ (10002bcc <pico_get_unique_board_id_string+0x1a4>)
10002a34:	7811      	ldrb	r1, [r2, #0]
10002a36:	090d      	lsrs	r5, r1, #4
10002a38:	002c      	movs	r4, r5
10002a3a:	3430      	adds	r4, #48	@ 0x30
10002a3c:	299f      	cmp	r1, #159	@ 0x9f
10002a3e:	d900      	bls.n	10002a42 <pico_get_unique_board_id_string+0x1a>
10002a40:	e0a2      	b.n	10002b88 <pico_get_unique_board_id_string+0x160>
10002a42:	7004      	strb	r4, [r0, #0]
10002a44:	2b01      	cmp	r3, #1
10002a46:	d100      	bne.n	10002a4a <pico_get_unique_board_id_string+0x22>
10002a48:	e0be      	b.n	10002bc8 <pico_get_unique_board_id_string+0x1a0>
10002a4a:	210f      	movs	r1, #15
10002a4c:	7814      	ldrb	r4, [r2, #0]
10002a4e:	4021      	ands	r1, r4
10002a50:	000c      	movs	r4, r1
10002a52:	3430      	adds	r4, #48	@ 0x30
10002a54:	2909      	cmp	r1, #9
10002a56:	d900      	bls.n	10002a5a <pico_get_unique_board_id_string+0x32>
10002a58:	e098      	b.n	10002b8c <pico_get_unique_board_id_string+0x164>
10002a5a:	7044      	strb	r4, [r0, #1]
10002a5c:	2b02      	cmp	r3, #2
10002a5e:	d100      	bne.n	10002a62 <pico_get_unique_board_id_string+0x3a>
10002a60:	e0b2      	b.n	10002bc8 <pico_get_unique_board_id_string+0x1a0>
10002a62:	7854      	ldrb	r4, [r2, #1]
10002a64:	0925      	lsrs	r5, r4, #4
10002a66:	0029      	movs	r1, r5
10002a68:	3130      	adds	r1, #48	@ 0x30
10002a6a:	2c9f      	cmp	r4, #159	@ 0x9f
10002a6c:	d900      	bls.n	10002a70 <pico_get_unique_board_id_string+0x48>
10002a6e:	e090      	b.n	10002b92 <pico_get_unique_board_id_string+0x16a>
10002a70:	7081      	strb	r1, [r0, #2]
10002a72:	2b03      	cmp	r3, #3
10002a74:	d100      	bne.n	10002a78 <pico_get_unique_board_id_string+0x50>
10002a76:	e0a7      	b.n	10002bc8 <pico_get_unique_board_id_string+0x1a0>
10002a78:	210f      	movs	r1, #15
10002a7a:	4021      	ands	r1, r4
10002a7c:	000c      	movs	r4, r1
10002a7e:	3430      	adds	r4, #48	@ 0x30
10002a80:	2909      	cmp	r1, #9
10002a82:	d900      	bls.n	10002a86 <pico_get_unique_board_id_string+0x5e>
10002a84:	e087      	b.n	10002b96 <pico_get_unique_board_id_string+0x16e>
10002a86:	70c4      	strb	r4, [r0, #3]
10002a88:	2b04      	cmp	r3, #4
10002a8a:	d100      	bne.n	10002a8e <pico_get_unique_board_id_string+0x66>
10002a8c:	e09c      	b.n	10002bc8 <pico_get_unique_board_id_string+0x1a0>
10002a8e:	7894      	ldrb	r4, [r2, #2]
10002a90:	0925      	lsrs	r5, r4, #4
10002a92:	0029      	movs	r1, r5
10002a94:	3130      	adds	r1, #48	@ 0x30
10002a96:	2c9f      	cmp	r4, #159	@ 0x9f
10002a98:	d900      	bls.n	10002a9c <pico_get_unique_board_id_string+0x74>
10002a9a:	e07f      	b.n	10002b9c <pico_get_unique_board_id_string+0x174>
10002a9c:	7101      	strb	r1, [r0, #4]
10002a9e:	2b05      	cmp	r3, #5
10002aa0:	d100      	bne.n	10002aa4 <pico_get_unique_board_id_string+0x7c>
10002aa2:	e091      	b.n	10002bc8 <pico_get_unique_board_id_string+0x1a0>
10002aa4:	210f      	movs	r1, #15
10002aa6:	4021      	ands	r1, r4
10002aa8:	000c      	movs	r4, r1
10002aaa:	3430      	adds	r4, #48	@ 0x30
10002aac:	2909      	cmp	r1, #9
10002aae:	d900      	bls.n	10002ab2 <pico_get_unique_board_id_string+0x8a>
10002ab0:	e076      	b.n	10002ba0 <pico_get_unique_board_id_string+0x178>
10002ab2:	7144      	strb	r4, [r0, #5]
10002ab4:	2b06      	cmp	r3, #6
10002ab6:	d100      	bne.n	10002aba <pico_get_unique_board_id_string+0x92>
10002ab8:	e086      	b.n	10002bc8 <pico_get_unique_board_id_string+0x1a0>
10002aba:	78d4      	ldrb	r4, [r2, #3]
10002abc:	0925      	lsrs	r5, r4, #4
10002abe:	0029      	movs	r1, r5
10002ac0:	3130      	adds	r1, #48	@ 0x30
10002ac2:	2c9f      	cmp	r4, #159	@ 0x9f
10002ac4:	d900      	bls.n	10002ac8 <pico_get_unique_board_id_string+0xa0>
10002ac6:	e06e      	b.n	10002ba6 <pico_get_unique_board_id_string+0x17e>
10002ac8:	7181      	strb	r1, [r0, #6]
10002aca:	2b07      	cmp	r3, #7
10002acc:	d100      	bne.n	10002ad0 <pico_get_unique_board_id_string+0xa8>
10002ace:	e07b      	b.n	10002bc8 <pico_get_unique_board_id_string+0x1a0>
10002ad0:	210f      	movs	r1, #15
10002ad2:	4021      	ands	r1, r4
10002ad4:	000c      	movs	r4, r1
10002ad6:	3430      	adds	r4, #48	@ 0x30
10002ad8:	2909      	cmp	r1, #9
10002ada:	d866      	bhi.n	10002baa <pico_get_unique_board_id_string+0x182>
10002adc:	71c4      	strb	r4, [r0, #7]
10002ade:	2b08      	cmp	r3, #8
10002ae0:	d100      	bne.n	10002ae4 <pico_get_unique_board_id_string+0xbc>
10002ae2:	e071      	b.n	10002bc8 <pico_get_unique_board_id_string+0x1a0>
10002ae4:	7914      	ldrb	r4, [r2, #4]
10002ae6:	0925      	lsrs	r5, r4, #4
10002ae8:	0029      	movs	r1, r5
10002aea:	3130      	adds	r1, #48	@ 0x30
10002aec:	2c9f      	cmp	r4, #159	@ 0x9f
10002aee:	d85f      	bhi.n	10002bb0 <pico_get_unique_board_id_string+0x188>
10002af0:	7201      	strb	r1, [r0, #8]
10002af2:	2b09      	cmp	r3, #9
10002af4:	d068      	beq.n	10002bc8 <pico_get_unique_board_id_string+0x1a0>
10002af6:	210f      	movs	r1, #15
10002af8:	4021      	ands	r1, r4
10002afa:	000c      	movs	r4, r1
10002afc:	3430      	adds	r4, #48	@ 0x30
10002afe:	2909      	cmp	r1, #9
10002b00:	d858      	bhi.n	10002bb4 <pico_get_unique_board_id_string+0x18c>
10002b02:	7244      	strb	r4, [r0, #9]
10002b04:	2b0a      	cmp	r3, #10
10002b06:	d05f      	beq.n	10002bc8 <pico_get_unique_board_id_string+0x1a0>
10002b08:	7954      	ldrb	r4, [r2, #5]
10002b0a:	0925      	lsrs	r5, r4, #4
10002b0c:	0029      	movs	r1, r5
10002b0e:	3130      	adds	r1, #48	@ 0x30
10002b10:	2c9f      	cmp	r4, #159	@ 0x9f
10002b12:	d852      	bhi.n	10002bba <pico_get_unique_board_id_string+0x192>
10002b14:	7281      	strb	r1, [r0, #10]
10002b16:	2b0b      	cmp	r3, #11
10002b18:	d056      	beq.n	10002bc8 <pico_get_unique_board_id_string+0x1a0>
10002b1a:	210f      	movs	r1, #15
10002b1c:	4021      	ands	r1, r4
10002b1e:	000c      	movs	r4, r1
10002b20:	3430      	adds	r4, #48	@ 0x30
10002b22:	2909      	cmp	r1, #9
10002b24:	d84b      	bhi.n	10002bbe <pico_get_unique_board_id_string+0x196>
10002b26:	72c4      	strb	r4, [r0, #11]
10002b28:	2b0c      	cmp	r3, #12
10002b2a:	d04d      	beq.n	10002bc8 <pico_get_unique_board_id_string+0x1a0>
10002b2c:	7994      	ldrb	r4, [r2, #6]
10002b2e:	0925      	lsrs	r5, r4, #4
10002b30:	0029      	movs	r1, r5
10002b32:	3130      	adds	r1, #48	@ 0x30
10002b34:	2c9f      	cmp	r4, #159	@ 0x9f
10002b36:	d900      	bls.n	10002b3a <pico_get_unique_board_id_string+0x112>
10002b38:	3107      	adds	r1, #7
10002b3a:	7301      	strb	r1, [r0, #12]
10002b3c:	2b0d      	cmp	r3, #13
10002b3e:	d043      	beq.n	10002bc8 <pico_get_unique_board_id_string+0x1a0>
10002b40:	210f      	movs	r1, #15
10002b42:	4021      	ands	r1, r4
10002b44:	000c      	movs	r4, r1
10002b46:	3430      	adds	r4, #48	@ 0x30
10002b48:	2909      	cmp	r1, #9
10002b4a:	d901      	bls.n	10002b50 <pico_get_unique_board_id_string+0x128>
10002b4c:	3137      	adds	r1, #55	@ 0x37
10002b4e:	000c      	movs	r4, r1
10002b50:	7344      	strb	r4, [r0, #13]
10002b52:	2b0e      	cmp	r3, #14
10002b54:	d038      	beq.n	10002bc8 <pico_get_unique_board_id_string+0x1a0>
10002b56:	79d1      	ldrb	r1, [r2, #7]
10002b58:	090c      	lsrs	r4, r1, #4
10002b5a:	0022      	movs	r2, r4
10002b5c:	3230      	adds	r2, #48	@ 0x30
10002b5e:	299f      	cmp	r1, #159	@ 0x9f
10002b60:	d900      	bls.n	10002b64 <pico_get_unique_board_id_string+0x13c>
10002b62:	3207      	adds	r2, #7
10002b64:	7382      	strb	r2, [r0, #14]
10002b66:	2b0f      	cmp	r3, #15
10002b68:	d02e      	beq.n	10002bc8 <pico_get_unique_board_id_string+0x1a0>
10002b6a:	220f      	movs	r2, #15
10002b6c:	400a      	ands	r2, r1
10002b6e:	0011      	movs	r1, r2
10002b70:	3137      	adds	r1, #55	@ 0x37
10002b72:	2a09      	cmp	r2, #9
10002b74:	d801      	bhi.n	10002b7a <pico_get_unique_board_id_string+0x152>
10002b76:	3230      	adds	r2, #48	@ 0x30
10002b78:	0011      	movs	r1, r2
10002b7a:	73c1      	strb	r1, [r0, #15]
10002b7c:	2b10      	cmp	r3, #16
10002b7e:	d023      	beq.n	10002bc8 <pico_get_unique_board_id_string+0x1a0>
10002b80:	3010      	adds	r0, #16
10002b82:	2300      	movs	r3, #0
10002b84:	7003      	strb	r3, [r0, #0]
10002b86:	bd30      	pop	{r4, r5, pc}
10002b88:	3407      	adds	r4, #7
10002b8a:	e75a      	b.n	10002a42 <pico_get_unique_board_id_string+0x1a>
10002b8c:	3137      	adds	r1, #55	@ 0x37
10002b8e:	000c      	movs	r4, r1
10002b90:	e763      	b.n	10002a5a <pico_get_unique_board_id_string+0x32>
10002b92:	3107      	adds	r1, #7
10002b94:	e76c      	b.n	10002a70 <pico_get_unique_board_id_string+0x48>
10002b96:	3137      	adds	r1, #55	@ 0x37
10002b98:	000c      	movs	r4, r1
10002b9a:	e774      	b.n	10002a86 <pico_get_unique_board_id_string+0x5e>
10002b9c:	3107      	adds	r1, #7
10002b9e:	e77d      	b.n	10002a9c <pico_get_unique_board_id_string+0x74>
10002ba0:	3137      	adds	r1, #55	@ 0x37
10002ba2:	000c      	movs	r4, r1
10002ba4:	e785      	b.n	10002ab2 <pico_get_unique_board_id_string+0x8a>
10002ba6:	3107      	adds	r1, #7
10002ba8:	e78e      	b.n	10002ac8 <pico_get_unique_board_id_string+0xa0>
10002baa:	3137      	adds	r1, #55	@ 0x37
10002bac:	000c      	movs	r4, r1
10002bae:	e795      	b.n	10002adc <pico_get_unique_board_id_string+0xb4>
10002bb0:	3107      	adds	r1, #7
10002bb2:	e79d      	b.n	10002af0 <pico_get_unique_board_id_string+0xc8>
10002bb4:	3137      	adds	r1, #55	@ 0x37
10002bb6:	000c      	movs	r4, r1
10002bb8:	e7a3      	b.n	10002b02 <pico_get_unique_board_id_string+0xda>
10002bba:	3107      	adds	r1, #7
10002bbc:	e7aa      	b.n	10002b14 <pico_get_unique_board_id_string+0xec>
10002bbe:	3137      	adds	r1, #55	@ 0x37
10002bc0:	000c      	movs	r4, r1
10002bc2:	72c4      	strb	r4, [r0, #11]
10002bc4:	2b0c      	cmp	r3, #12
10002bc6:	d1b1      	bne.n	10002b2c <pico_get_unique_board_id_string+0x104>
10002bc8:	18c0      	adds	r0, r0, r3
10002bca:	e7da      	b.n	10002b82 <pico_get_unique_board_id_string+0x15a>
10002bcc:	200212b0 	.word	0x200212b0

10002bd0 <flash_get_unique_id>:
10002bd0:	b510      	push	{r4, lr}
10002bd2:	b088      	sub	sp, #32
10002bd4:	0004      	movs	r4, r0
10002bd6:	220d      	movs	r2, #13
10002bd8:	2100      	movs	r1, #0
10002bda:	4668      	mov	r0, sp
10002bdc:	f7ff faa4 	bl	10002128 <__wrap_memset>
10002be0:	220d      	movs	r2, #13
10002be2:	2100      	movs	r1, #0
10002be4:	a804      	add	r0, sp, #16
10002be6:	f7ff fa9f 	bl	10002128 <__wrap_memset>
10002bea:	234b      	movs	r3, #75	@ 0x4b
10002bec:	466a      	mov	r2, sp
10002bee:	4668      	mov	r0, sp
10002bf0:	7013      	strb	r3, [r2, #0]
10002bf2:	a904      	add	r1, sp, #16
10002bf4:	220d      	movs	r2, #13
10002bf6:	f002 f8f3 	bl	10004de0 <__flash_do_cmd_veneer>
10002bfa:	2115      	movs	r1, #21
10002bfc:	2208      	movs	r2, #8
10002bfe:	0020      	movs	r0, r4
10002c00:	4469      	add	r1, sp
10002c02:	f7ff fa97 	bl	10002134 <__wrap___aeabi_memcpy>
10002c06:	b008      	add	sp, #32
10002c08:	bd10      	pop	{r4, pc}
10002c0a:	46c0      	nop			@ (mov r8, r8)

10002c0c <dcd_init>:
10002c0c:	b5f8      	push	{r3, r4, r5, r6, r7, lr}
10002c0e:	f000 f947 	bl	10002ea0 <rp2040_usb_init>
10002c12:	230c      	movs	r3, #12
10002c14:	4d19      	ldr	r5, [pc, #100]	@ (10002c7c <dcd_init+0x70>)
10002c16:	22ff      	movs	r2, #255	@ 0xff
10002c18:	67ab      	str	r3, [r5, #120]	@ 0x78
10002c1a:	2005      	movs	r0, #5
10002c1c:	4918      	ldr	r1, [pc, #96]	@ (10002c80 <dcd_init+0x74>)
10002c1e:	f7fe f8d1 	bl	10000dc4 <irq_add_shared_handler>
10002c22:	4c18      	ldr	r4, [pc, #96]	@ (10002c84 <dcd_init+0x78>)
10002c24:	2240      	movs	r2, #64	@ 0x40
10002c26:	2100      	movs	r1, #0
10002c28:	0020      	movs	r0, r4
10002c2a:	f7ff fa7d 	bl	10002128 <__wrap_memset>
10002c2e:	2740      	movs	r7, #64	@ 0x40
10002c30:	2300      	movs	r3, #0
10002c32:	2601      	movs	r6, #1
10002c34:	2121      	movs	r1, #33	@ 0x21
10002c36:	4a14      	ldr	r2, [pc, #80]	@ (10002c88 <dcd_init+0x7c>)
10002c38:	7066      	strb	r6, [r4, #1]
10002c3a:	8327      	strh	r7, [r4, #24]
10002c3c:	60a2      	str	r2, [r4, #8]
10002c3e:	6013      	str	r3, [r2, #0]
10002c40:	5463      	strb	r3, [r4, r1]
10002c42:	315f      	adds	r1, #95	@ 0x5f
10002c44:	8461      	strh	r1, [r4, #34]	@ 0x22
10002c46:	3945      	subs	r1, #69	@ 0x45
10002c48:	5463      	strb	r3, [r4, r1]
10002c4a:	4a10      	ldr	r2, [pc, #64]	@ (10002c8c <dcd_init+0x80>)
10002c4c:	4910      	ldr	r1, [pc, #64]	@ (10002c90 <dcd_init+0x84>)
10002c4e:	6063      	str	r3, [r4, #4]
10002c50:	60e2      	str	r2, [r4, #12]
10002c52:	8727      	strh	r7, [r4, #56]	@ 0x38
10002c54:	62a1      	str	r1, [r4, #40]	@ 0x28
10002c56:	600b      	str	r3, [r1, #0]
10002c58:	6263      	str	r3, [r4, #36]	@ 0x24
10002c5a:	62e2      	str	r2, [r4, #44]	@ 0x2c
10002c5c:	f002 f8b0 	bl	10004dc0 <__reset_non_control_endpoints_veneer>
10002c60:	2380      	movs	r3, #128	@ 0x80
10002c62:	059b      	lsls	r3, r3, #22
10002c64:	642e      	str	r6, [r5, #64]	@ 0x40
10002c66:	64eb      	str	r3, [r5, #76]	@ 0x4c
10002c68:	2390      	movs	r3, #144	@ 0x90
10002c6a:	4a0a      	ldr	r2, [pc, #40]	@ (10002c94 <dcd_init+0x88>)
10002c6c:	2001      	movs	r0, #1
10002c6e:	50ea      	str	r2, [r5, r3]
10002c70:	2280      	movs	r2, #128	@ 0x80
10002c72:	4b09      	ldr	r3, [pc, #36]	@ (10002c98 <dcd_init+0x8c>)
10002c74:	0252      	lsls	r2, r2, #9
10002c76:	64da      	str	r2, [r3, #76]	@ 0x4c
10002c78:	bdf8      	pop	{r3, r4, r5, r6, r7, pc}
10002c7a:	46c0      	nop			@ (mov r8, r8)
10002c7c:	50110000 	.word	0x50110000
10002c80:	200004f9 	.word	0x200004f9
10002c84:	20020e74 	.word	0x20020e74
10002c88:	50100084 	.word	0x50100084
10002c8c:	50100100 	.word	0x50100100
10002c90:	50100080 	.word	0x50100080
10002c94:	0001d010 	.word	0x0001d010
10002c98:	50112000 	.word	0x50112000

10002c9c <dcd_int_enable>:
10002c9c:	b510      	push	{r4, lr}
10002c9e:	2101      	movs	r1, #1
10002ca0:	2005      	movs	r0, #5
10002ca2:	f7fe f82d 	bl	10000d00 <irq_set_enabled>
10002ca6:	bd10      	pop	{r4, pc}

10002ca8 <dcd_set_address>:
10002ca8:	b510      	push	{r4, lr}
10002caa:	2200      	movs	r2, #0
10002cac:	2100      	movs	r1, #0
10002cae:	4802      	ldr	r0, [pc, #8]	@ (10002cb8 <dcd_set_address+0x10>)
10002cb0:	f000 f916 	bl	10002ee0 <hw_endpoint_xfer_start>
10002cb4:	bd10      	pop	{r4, pc}
10002cb6:	46c0      	nop			@ (mov r8, r8)
10002cb8:	20020e94 	.word	0x20020e94

10002cbc <dcd_sof_enable>:
10002cbc:	4b04      	ldr	r3, [pc, #16]	@ (10002cd0 <dcd_sof_enable+0x14>)
10002cbe:	7019      	strb	r1, [r3, #0]
10002cc0:	2900      	cmp	r1, #0
10002cc2:	d004      	beq.n	10002cce <dcd_sof_enable+0x12>
10002cc4:	2180      	movs	r1, #128	@ 0x80
10002cc6:	2390      	movs	r3, #144	@ 0x90
10002cc8:	4a02      	ldr	r2, [pc, #8]	@ (10002cd4 <dcd_sof_enable+0x18>)
10002cca:	0289      	lsls	r1, r1, #10
10002ccc:	50d1      	str	r1, [r2, r3]
10002cce:	4770      	bx	lr
10002cd0:	200213da 	.word	0x200213da
10002cd4:	50112000 	.word	0x50112000

10002cd8 <dcd_edpt0_status_complete>:
10002cd8:	780b      	ldrb	r3, [r1, #0]
10002cda:	065b      	lsls	r3, r3, #25
10002cdc:	d102      	bne.n	10002ce4 <dcd_edpt0_status_complete+0xc>
10002cde:	784b      	ldrb	r3, [r1, #1]
10002ce0:	2b05      	cmp	r3, #5
10002ce2:	d000      	beq.n	10002ce6 <dcd_edpt0_status_complete+0xe>
10002ce4:	4770      	bx	lr
10002ce6:	788a      	ldrb	r2, [r1, #2]
10002ce8:	4b01      	ldr	r3, [pc, #4]	@ (10002cf0 <dcd_edpt0_status_complete+0x18>)
10002cea:	601a      	str	r2, [r3, #0]
10002cec:	e7fa      	b.n	10002ce4 <dcd_edpt0_status_complete+0xc>
10002cee:	46c0      	nop			@ (mov r8, r8)
10002cf0:	50110000 	.word	0x50110000

10002cf4 <dcd_edpt_open>:
10002cf4:	b5f0      	push	{r4, r5, r6, r7, lr}
10002cf6:	46c6      	mov	lr, r8
10002cf8:	78c8      	ldrb	r0, [r1, #3]
10002cfa:	b500      	push	{lr}
10002cfc:	0780      	lsls	r0, r0, #30
10002cfe:	0f83      	lsrs	r3, r0, #30
10002d00:	0018      	movs	r0, r3
10002d02:	2b01      	cmp	r3, #1
10002d04:	d060      	beq.n	10002dc8 <dcd_edpt_open+0xd4>
10002d06:	788f      	ldrb	r7, [r1, #2]
10002d08:	790a      	ldrb	r2, [r1, #4]
10002d0a:	794b      	ldrb	r3, [r1, #5]
10002d0c:	217f      	movs	r1, #127	@ 0x7f
10002d0e:	4039      	ands	r1, r7
10002d10:	09fc      	lsrs	r4, r7, #7
10002d12:	021b      	lsls	r3, r3, #8
10002d14:	004e      	lsls	r6, r1, #1
10002d16:	4313      	orrs	r3, r2
10002d18:	4d33      	ldr	r5, [pc, #204]	@ (10002de8 <dcd_edpt_open+0xf4>)
10002d1a:	1932      	adds	r2, r6, r4
10002d1c:	0152      	lsls	r2, r2, #5
10002d1e:	18aa      	adds	r2, r5, r2
10002d20:	7097      	strb	r7, [r2, #2]
10002d22:	2701      	movs	r7, #1
10002d24:	4067      	eors	r7, r4
10002d26:	7057      	strb	r7, [r2, #1]
10002d28:	2700      	movs	r7, #0
10002d2a:	055b      	lsls	r3, r3, #21
10002d2c:	0d5b      	lsrs	r3, r3, #21
10002d2e:	70d7      	strb	r7, [r2, #3]
10002d30:	8313      	strh	r3, [r2, #24]
10002d32:	76d0      	strb	r0, [r2, #27]
10002d34:	46b8      	mov	r8, r7
10002d36:	00ca      	lsls	r2, r1, #3
10002d38:	2c01      	cmp	r4, #1
10002d3a:	d032      	beq.n	10002da2 <dcd_edpt_open+0xae>
10002d3c:	4f2b      	ldr	r7, [pc, #172]	@ (10002dec <dcd_edpt_open+0xf8>)
10002d3e:	46bc      	mov	ip, r7
10002d40:	018f      	lsls	r7, r1, #6
10002d42:	4462      	add	r2, ip
10002d44:	46bc      	mov	ip, r7
10002d46:	44ac      	add	ip, r5
10002d48:	4667      	mov	r7, ip
10002d4a:	60ba      	str	r2, [r7, #8]
10002d4c:	4647      	mov	r7, r8
10002d4e:	6017      	str	r7, [r2, #0]
10002d50:	2900      	cmp	r1, #0
10002d52:	d032      	beq.n	10002dba <dcd_edpt_open+0xc6>
10002d54:	4a26      	ldr	r2, [pc, #152]	@ (10002df0 <dcd_edpt_open+0xfc>)
10002d56:	00c9      	lsls	r1, r1, #3
10002d58:	4690      	mov	r8, r2
10002d5a:	4662      	mov	r2, ip
10002d5c:	4441      	add	r1, r8
10002d5e:	6051      	str	r1, [r2, #4]
10002d60:	223f      	movs	r2, #63	@ 0x3f
10002d62:	333f      	adds	r3, #63	@ 0x3f
10002d64:	4393      	bics	r3, r2
10002d66:	2802      	cmp	r0, #2
10002d68:	d037      	beq.n	10002dda <dcd_edpt_open+0xe6>
10002d6a:	4922      	ldr	r1, [pc, #136]	@ (10002df4 <dcd_edpt_open+0x100>)
10002d6c:	1937      	adds	r7, r6, r4
10002d6e:	680a      	ldr	r2, [r1, #0]
10002d70:	017f      	lsls	r7, r7, #5
10002d72:	18d3      	adds	r3, r2, r3
10002d74:	600b      	str	r3, [r1, #0]
10002d76:	4920      	ldr	r1, [pc, #128]	@ (10002df8 <dcd_edpt_open+0x104>)
10002d78:	19ef      	adds	r7, r5, r7
10002d7a:	60fa      	str	r2, [r7, #12]
10002d7c:	428b      	cmp	r3, r1
10002d7e:	d82e      	bhi.n	10002dde <dcd_edpt_open+0xea>
10002d80:	1936      	adds	r6, r6, r4
10002d82:	0176      	lsls	r6, r6, #5
10002d84:	19ad      	adds	r5, r5, r6
10002d86:	7eeb      	ldrb	r3, [r5, #27]
10002d88:	491c      	ldr	r1, [pc, #112]	@ (10002dfc <dcd_edpt_open+0x108>)
10002d8a:	069b      	lsls	r3, r3, #26
10002d8c:	404a      	eors	r2, r1
10002d8e:	4313      	orrs	r3, r2
10002d90:	2280      	movs	r2, #128	@ 0x80
10002d92:	0612      	lsls	r2, r2, #24
10002d94:	4313      	orrs	r3, r2
10002d96:	686a      	ldr	r2, [r5, #4]
10002d98:	6013      	str	r3, [r2, #0]
10002d9a:	2001      	movs	r0, #1
10002d9c:	bc80      	pop	{r7}
10002d9e:	46b8      	mov	r8, r7
10002da0:	bdf0      	pop	{r4, r5, r6, r7, pc}
10002da2:	4f17      	ldr	r7, [pc, #92]	@ (10002e00 <dcd_edpt_open+0x10c>)
10002da4:	46bc      	mov	ip, r7
10002da6:	018f      	lsls	r7, r1, #6
10002da8:	4462      	add	r2, ip
10002daa:	46bc      	mov	ip, r7
10002dac:	44ac      	add	ip, r5
10002dae:	4667      	mov	r7, ip
10002db0:	62ba      	str	r2, [r7, #40]	@ 0x28
10002db2:	4647      	mov	r7, r8
10002db4:	6017      	str	r7, [r2, #0]
10002db6:	2900      	cmp	r1, #0
10002db8:	d108      	bne.n	10002dcc <dcd_edpt_open+0xd8>
10002dba:	2300      	movs	r3, #0
10002dbc:	0164      	lsls	r4, r4, #5
10002dbe:	192c      	adds	r4, r5, r4
10002dc0:	6063      	str	r3, [r4, #4]
10002dc2:	4b10      	ldr	r3, [pc, #64]	@ (10002e04 <dcd_edpt_open+0x110>)
10002dc4:	60e3      	str	r3, [r4, #12]
10002dc6:	e7e8      	b.n	10002d9a <dcd_edpt_open+0xa6>
10002dc8:	2000      	movs	r0, #0
10002dca:	e7e7      	b.n	10002d9c <dcd_edpt_open+0xa8>
10002dcc:	4a0b      	ldr	r2, [pc, #44]	@ (10002dfc <dcd_edpt_open+0x108>)
10002dce:	00c9      	lsls	r1, r1, #3
10002dd0:	4690      	mov	r8, r2
10002dd2:	4662      	mov	r2, ip
10002dd4:	4441      	add	r1, r8
10002dd6:	6251      	str	r1, [r2, #36]	@ 0x24
10002dd8:	e7c2      	b.n	10002d60 <dcd_edpt_open+0x6c>
10002dda:	005b      	lsls	r3, r3, #1
10002ddc:	e7c5      	b.n	10002d6a <dcd_edpt_open+0x76>
10002dde:	f7fe ffdd 	bl	10001d9c <hard_assertion_failure>
10002de2:	68fa      	ldr	r2, [r7, #12]
10002de4:	e7cc      	b.n	10002d80 <dcd_edpt_open+0x8c>
10002de6:	46c0      	nop			@ (mov r8, r8)
10002de8:	20020e74 	.word	0x20020e74
10002dec:	50100084 	.word	0x50100084
10002df0:	50100004 	.word	0x50100004
10002df4:	2002127c 	.word	0x2002127c
10002df8:	50100fff 	.word	0x50100fff
10002dfc:	50100000 	.word	0x50100000
10002e00:	50100080 	.word	0x50100080
10002e04:	50100100 	.word	0x50100100

10002e08 <dcd_edpt_close_all>:
10002e08:	b510      	push	{r4, lr}
10002e0a:	f001 ffd9 	bl	10004dc0 <__reset_non_control_endpoints_veneer>
10002e0e:	bd10      	pop	{r4, pc}

10002e10 <dcd_edpt_xfer>:
10002e10:	b510      	push	{r4, lr}
10002e12:	207f      	movs	r0, #127	@ 0x7f
10002e14:	000c      	movs	r4, r1
10002e16:	4020      	ands	r0, r4
10002e18:	0040      	lsls	r0, r0, #1
10002e1a:	09e4      	lsrs	r4, r4, #7
10002e1c:	0011      	movs	r1, r2
10002e1e:	1900      	adds	r0, r0, r4
10002e20:	001a      	movs	r2, r3
10002e22:	4b03      	ldr	r3, [pc, #12]	@ (10002e30 <dcd_edpt_xfer+0x20>)
10002e24:	0140      	lsls	r0, r0, #5
10002e26:	18c0      	adds	r0, r0, r3
10002e28:	f000 f85a 	bl	10002ee0 <hw_endpoint_xfer_start>
10002e2c:	2001      	movs	r0, #1
10002e2e:	bd10      	pop	{r4, pc}
10002e30:	20020e74 	.word	0x20020e74

10002e34 <dcd_edpt_stall>:
10002e34:	237f      	movs	r3, #127	@ 0x7f
10002e36:	0018      	movs	r0, r3
10002e38:	b500      	push	{lr}
10002e3a:	4008      	ands	r0, r1
10002e3c:	b083      	sub	sp, #12
10002e3e:	420b      	tst	r3, r1
10002e40:	d104      	bne.n	10002e4c <dcd_edpt_stall+0x18>
10002e42:	424b      	negs	r3, r1
10002e44:	414b      	adcs	r3, r1
10002e46:	4a08      	ldr	r2, [pc, #32]	@ (10002e68 <dcd_edpt_stall+0x34>)
10002e48:	3301      	adds	r3, #1
10002e4a:	6693      	str	r3, [r2, #104]	@ 0x68
10002e4c:	2280      	movs	r2, #128	@ 0x80
10002e4e:	09c9      	lsrs	r1, r1, #7
10002e50:	0040      	lsls	r0, r0, #1
10002e52:	4b06      	ldr	r3, [pc, #24]	@ (10002e6c <dcd_edpt_stall+0x38>)
10002e54:	1840      	adds	r0, r0, r1
10002e56:	0140      	lsls	r0, r0, #5
10002e58:	2100      	movs	r1, #0
10002e5a:	18c0      	adds	r0, r0, r3
10002e5c:	0112      	lsls	r2, r2, #4
10002e5e:	f002 f807 	bl	10004e70 <___hw_endpoint_buffer_control_update32_veneer>
10002e62:	b003      	add	sp, #12
10002e64:	bd00      	pop	{pc}
10002e66:	46c0      	nop			@ (mov r8, r8)
10002e68:	50112000 	.word	0x50112000
10002e6c:	20020e74 	.word	0x20020e74

10002e70 <dcd_edpt_clear_stall>:
10002e70:	227f      	movs	r2, #127	@ 0x7f
10002e72:	0013      	movs	r3, r2
10002e74:	b510      	push	{r4, lr}
10002e76:	400b      	ands	r3, r1
10002e78:	420a      	tst	r2, r1
10002e7a:	d100      	bne.n	10002e7e <dcd_edpt_clear_stall+0xe>
10002e7c:	bd10      	pop	{r4, pc}
10002e7e:	09c9      	lsrs	r1, r1, #7
10002e80:	005b      	lsls	r3, r3, #1
10002e82:	185b      	adds	r3, r3, r1
10002e84:	4804      	ldr	r0, [pc, #16]	@ (10002e98 <dcd_edpt_clear_stall+0x28>)
10002e86:	015b      	lsls	r3, r3, #5
10002e88:	18c0      	adds	r0, r0, r3
10002e8a:	2300      	movs	r3, #0
10002e8c:	2200      	movs	r2, #0
10002e8e:	4903      	ldr	r1, [pc, #12]	@ (10002e9c <dcd_edpt_clear_stall+0x2c>)
10002e90:	70c3      	strb	r3, [r0, #3]
10002e92:	f001 ffed 	bl	10004e70 <___hw_endpoint_buffer_control_update32_veneer>
10002e96:	e7f1      	b.n	10002e7c <dcd_edpt_clear_stall+0xc>
10002e98:	20020e74 	.word	0x20020e74
10002e9c:	fffff7ff 	.word	0xfffff7ff

10002ea0 <rp2040_usb_init>:
10002ea0:	2280      	movs	r2, #128	@ 0x80
10002ea2:	4b0a      	ldr	r3, [pc, #40]	@ (10002ecc <rp2040_usb_init+0x2c>)
10002ea4:	0452      	lsls	r2, r2, #17
10002ea6:	b510      	push	{r4, lr}
10002ea8:	601a      	str	r2, [r3, #0]
10002eaa:	4b09      	ldr	r3, [pc, #36]	@ (10002ed0 <rp2040_usb_init+0x30>)
10002eac:	4909      	ldr	r1, [pc, #36]	@ (10002ed4 <rp2040_usb_init+0x34>)
10002eae:	601a      	str	r2, [r3, #0]
10002eb0:	0010      	movs	r0, r2
10002eb2:	680b      	ldr	r3, [r1, #0]
10002eb4:	4398      	bics	r0, r3
10002eb6:	d1fb      	bne.n	10002eb0 <rp2040_usb_init+0x10>
10002eb8:	2280      	movs	r2, #128	@ 0x80
10002eba:	2100      	movs	r1, #0
10002ebc:	0152      	lsls	r2, r2, #5
10002ebe:	4806      	ldr	r0, [pc, #24]	@ (10002ed8 <rp2040_usb_init+0x38>)
10002ec0:	f7ff f932 	bl	10002128 <__wrap_memset>
10002ec4:	2209      	movs	r2, #9
10002ec6:	4b05      	ldr	r3, [pc, #20]	@ (10002edc <rp2040_usb_init+0x3c>)
10002ec8:	675a      	str	r2, [r3, #116]	@ 0x74
10002eca:	bd10      	pop	{r4, pc}
10002ecc:	4000e000 	.word	0x4000e000
10002ed0:	4000f000 	.word	0x4000f000
10002ed4:	4000c008 	.word	0x4000c008
10002ed8:	50100000 	.word	0x50100000
10002edc:	50110000 	.word	0x50110000

10002ee0 <hw_endpoint_xfer_start>:
10002ee0:	2300      	movs	r3, #0
10002ee2:	b510      	push	{r4, lr}
10002ee4:	82c3      	strh	r3, [r0, #22]
10002ee6:	3301      	adds	r3, #1
10002ee8:	8282      	strh	r2, [r0, #20]
10002eea:	7683      	strb	r3, [r0, #26]
10002eec:	6101      	str	r1, [r0, #16]
10002eee:	0004      	movs	r4, r0
10002ef0:	f001 ff6e 	bl	10004dd0 <__e15_is_bulkin_ep_veneer>
10002ef4:	2800      	cmp	r0, #0
10002ef6:	d004      	beq.n	10002f02 <hw_endpoint_xfer_start+0x22>
10002ef8:	2180      	movs	r1, #128	@ 0x80
10002efa:	2390      	movs	r3, #144	@ 0x90
10002efc:	4a07      	ldr	r2, [pc, #28]	@ (10002f1c <hw_endpoint_xfer_start+0x3c>)
10002efe:	0289      	lsls	r1, r1, #10
10002f00:	50d1      	str	r1, [r2, r3]
10002f02:	0020      	movs	r0, r4
10002f04:	f001 ff7c 	bl	10004e00 <__e15_is_critical_frame_period_veneer>
10002f08:	2800      	cmp	r0, #0
10002f0a:	d002      	beq.n	10002f12 <hw_endpoint_xfer_start+0x32>
10002f0c:	2301      	movs	r3, #1
10002f0e:	7723      	strb	r3, [r4, #28]
10002f10:	bd10      	pop	{r4, pc}
10002f12:	0020      	movs	r0, r4
10002f14:	f001 ffa4 	bl	10004e60 <__hw_endpoint_start_next_buffer_veneer>
10002f18:	e7fa      	b.n	10002f10 <hw_endpoint_xfer_start+0x30>
10002f1a:	46c0      	nop			@ (mov r8, r8)
10002f1c:	50112000 	.word	0x50112000

10002f20 <tud_event_hook_cb>:
10002f20:	4770      	bx	lr
10002f22:	46c0      	nop			@ (mov r8, r8)

10002f24 <tud_sof_cb>:
10002f24:	4770      	bx	lr
10002f26:	46c0      	nop			@ (mov r8, r8)

10002f28 <tud_descriptor_device_qualifier_cb>:
10002f28:	2000      	movs	r0, #0
10002f2a:	4770      	bx	lr

10002f2c <tud_descriptor_other_speed_configuration_cb>:
10002f2c:	2000      	movs	r0, #0
10002f2e:	4770      	bx	lr

10002f30 <tud_mount_cb>:
10002f30:	4770      	bx	lr
10002f32:	46c0      	nop			@ (mov r8, r8)

10002f34 <tud_umount_cb>:
10002f34:	4770      	bx	lr
10002f36:	46c0      	nop			@ (mov r8, r8)

10002f38 <tud_suspend_cb>:
10002f38:	4770      	bx	lr
10002f3a:	46c0      	nop			@ (mov r8, r8)

10002f3c <tud_resume_cb>:
10002f3c:	4770      	bx	lr
10002f3e:	46c0      	nop			@ (mov r8, r8)

10002f40 <tud_mounted>:
10002f40:	4b02      	ldr	r3, [pc, #8]	@ (10002f4c <tud_mounted+0xc>)
10002f42:	7858      	ldrb	r0, [r3, #1]
10002f44:	1e43      	subs	r3, r0, #1
10002f46:	4198      	sbcs	r0, r3
10002f48:	b2c0      	uxtb	r0, r0
10002f4a:	4770      	bx	lr
10002f4c:	20001520 	.word	0x20001520

10002f50 <tud_suspended>:
10002f50:	4b02      	ldr	r3, [pc, #8]	@ (10002f5c <tud_suspended+0xc>)
10002f52:	7818      	ldrb	r0, [r3, #0]
10002f54:	0740      	lsls	r0, r0, #29
10002f56:	0fc0      	lsrs	r0, r0, #31
10002f58:	4770      	bx	lr
10002f5a:	46c0      	nop			@ (mov r8, r8)
10002f5c:	20001520 	.word	0x20001520

10002f60 <tud_rhport_init>:
10002f60:	b5f0      	push	{r4, r5, r6, r7, lr}
10002f62:	46d6      	mov	lr, sl
10002f64:	464f      	mov	r7, r9
10002f66:	4646      	mov	r6, r8
10002f68:	b5c0      	push	{r6, r7, lr}
10002f6a:	4b2f      	ldr	r3, [pc, #188]	@ (10003028 <tud_rhport_init+0xc8>)
10002f6c:	0007      	movs	r7, r0
10002f6e:	469a      	mov	sl, r3
10002f70:	781b      	ldrb	r3, [r3, #0]
10002f72:	000e      	movs	r6, r1
10002f74:	2bff      	cmp	r3, #255	@ 0xff
10002f76:	d150      	bne.n	1000301a <tud_rhport_init+0xba>
10002f78:	2900      	cmp	r1, #0
10002f7a:	d041      	beq.n	10003000 <tud_rhport_init+0xa0>
10002f7c:	2100      	movs	r1, #0
10002f7e:	2254      	movs	r2, #84	@ 0x54
10002f80:	482a      	ldr	r0, [pc, #168]	@ (1000302c <tud_rhport_init+0xcc>)
10002f82:	f7ff f8d1 	bl	10002128 <__wrap_memset>
10002f86:	2200      	movs	r2, #0
10002f88:	4c29      	ldr	r4, [pc, #164]	@ (10003030 <tud_rhport_init+0xd0>)
10002f8a:	4b2a      	ldr	r3, [pc, #168]	@ (10003034 <tud_rhport_init+0xd4>)
10002f8c:	0020      	movs	r0, r4
10002f8e:	701a      	strb	r2, [r3, #0]
10002f90:	f7fe f8b2 	bl	100010f8 <mutex_init>
10002f94:	4b28      	ldr	r3, [pc, #160]	@ (10003038 <tud_rhport_init+0xd8>)
10002f96:	601c      	str	r4, [r3, #0]
10002f98:	4c28      	ldr	r4, [pc, #160]	@ (1000303c <tud_rhport_init+0xdc>)
10002f9a:	0020      	movs	r0, r4
10002f9c:	3c14      	subs	r4, #20
10002f9e:	f7fe f8b9 	bl	10001114 <critical_section_init>
10002fa2:	0020      	movs	r0, r4
10002fa4:	f001 fdfa 	bl	10004b9c <tu_fifo_clear>
10002fa8:	4b25      	ldr	r3, [pc, #148]	@ (10003040 <tud_rhport_init+0xe0>)
10002faa:	4d26      	ldr	r5, [pc, #152]	@ (10003044 <tud_rhport_init+0xe4>)
10002fac:	601c      	str	r4, [r3, #0]
10002fae:	4b26      	ldr	r3, [pc, #152]	@ (10003048 <tud_rhport_init+0xe8>)
10002fb0:	2b00      	cmp	r3, #0
10002fb2:	d004      	beq.n	10002fbe <tud_rhport_init+0x5e>
10002fb4:	0028      	movs	r0, r5
10002fb6:	f7ff fac7 	bl	10002548 <usbd_app_driver_get_cb>
10002fba:	4b24      	ldr	r3, [pc, #144]	@ (1000304c <tud_rhport_init+0xec>)
10002fbc:	6018      	str	r0, [r3, #0]
10002fbe:	4924      	ldr	r1, [pc, #144]	@ (10003050 <tud_rhport_init+0xf0>)
10002fc0:	2400      	movs	r4, #0
10002fc2:	4689      	mov	r9, r1
10002fc4:	4921      	ldr	r1, [pc, #132]	@ (1000304c <tud_rhport_init+0xec>)
10002fc6:	2300      	movs	r3, #0
10002fc8:	4688      	mov	r8, r1
10002fca:	782a      	ldrb	r2, [r5, #0]
10002fcc:	e010      	b.n	10002ff0 <tud_rhport_init+0x90>
10002fce:	4643      	mov	r3, r8
10002fd0:	681b      	ldr	r3, [r3, #0]
10002fd2:	0162      	lsls	r2, r4, #5
10002fd4:	189b      	adds	r3, r3, r2
10002fd6:	2b00      	cmp	r3, #0
10002fd8:	d012      	beq.n	10003000 <tud_rhport_init+0xa0>
10002fda:	685b      	ldr	r3, [r3, #4]
10002fdc:	2b00      	cmp	r3, #0
10002fde:	d00f      	beq.n	10003000 <tud_rhport_init+0xa0>
10002fe0:	4798      	blx	r3
10002fe2:	782a      	ldrb	r2, [r5, #0]
10002fe4:	3401      	adds	r4, #1
10002fe6:	b2e4      	uxtb	r4, r4
10002fe8:	1c51      	adds	r1, r2, #1
10002fea:	0023      	movs	r3, r4
10002fec:	42a1      	cmp	r1, r4
10002fee:	db09      	blt.n	10003004 <tud_rhport_init+0xa4>
10002ff0:	42a2      	cmp	r2, r4
10002ff2:	d8ec      	bhi.n	10002fce <tud_rhport_init+0x6e>
10002ff4:	1a9b      	subs	r3, r3, r2
10002ff6:	015b      	lsls	r3, r3, #5
10002ff8:	444b      	add	r3, r9
10002ffa:	685b      	ldr	r3, [r3, #4]
10002ffc:	2b00      	cmp	r3, #0
10002ffe:	d1ef      	bne.n	10002fe0 <tud_rhport_init+0x80>
10003000:	2000      	movs	r0, #0
10003002:	e00b      	b.n	1000301c <tud_rhport_init+0xbc>
10003004:	4653      	mov	r3, sl
10003006:	0031      	movs	r1, r6
10003008:	0038      	movs	r0, r7
1000300a:	701f      	strb	r7, [r3, #0]
1000300c:	f7ff fdfe 	bl	10002c0c <dcd_init>
10003010:	2800      	cmp	r0, #0
10003012:	d0f5      	beq.n	10003000 <tud_rhport_init+0xa0>
10003014:	0038      	movs	r0, r7
10003016:	f7ff fe41 	bl	10002c9c <dcd_int_enable>
1000301a:	2001      	movs	r0, #1
1000301c:	bce0      	pop	{r5, r6, r7}
1000301e:	46ba      	mov	sl, r7
10003020:	46b1      	mov	r9, r6
10003022:	46a8      	mov	r8, r5
10003024:	bdf0      	pop	{r4, r5, r6, r7, pc}
10003026:	46c0      	nop			@ (mov r8, r8)
10003028:	200010a4 	.word	0x200010a4
1000302c:	20001520 	.word	0x20001520
10003030:	20001518 	.word	0x20001518
10003034:	200213db 	.word	0x200213db
10003038:	20001574 	.word	0x20001574
1000303c:	2000109c 	.word	0x2000109c
10003040:	20001578 	.word	0x20001578
10003044:	200213d9 	.word	0x200213d9
10003048:	10002549 	.word	0x10002549
1000304c:	20001370 	.word	0x20001370
10003050:	100052d4 	.word	0x100052d4

10003054 <tud_task_ext>:
10003054:	b5f0      	push	{r4, r5, r6, r7, lr}
10003056:	46de      	mov	lr, fp
10003058:	4657      	mov	r7, sl
1000305a:	464e      	mov	r6, r9
1000305c:	4645      	mov	r5, r8
1000305e:	b5e0      	push	{r5, r6, r7, lr}
10003060:	4bc8      	ldr	r3, [pc, #800]	@ (10003384 <tud_task_ext+0x330>)
10003062:	b091      	sub	sp, #68	@ 0x44
10003064:	9302      	str	r3, [sp, #8]
10003066:	781b      	ldrb	r3, [r3, #0]
10003068:	2bff      	cmp	r3, #255	@ 0xff
1000306a:	d100      	bne.n	1000306e <tud_task_ext+0x1a>
1000306c:	e13e      	b.n	100032ec <tud_task_ext+0x298>
1000306e:	4bc6      	ldr	r3, [pc, #792]	@ (10003388 <tud_task_ext+0x334>)
10003070:	4ec6      	ldr	r6, [pc, #792]	@ (1000338c <tud_task_ext+0x338>)
10003072:	469b      	mov	fp, r3
10003074:	465f      	mov	r7, fp
10003076:	4bc6      	ldr	r3, [pc, #792]	@ (10003390 <tud_task_ext+0x33c>)
10003078:	ac0d      	add	r4, sp, #52	@ 0x34
1000307a:	9301      	str	r3, [sp, #4]
1000307c:	4bc5      	ldr	r3, [pc, #788]	@ (10003394 <tud_task_ext+0x340>)
1000307e:	9300      	str	r3, [sp, #0]
10003080:	6835      	ldr	r5, [r6, #0]
10003082:	696a      	ldr	r2, [r5, #20]
10003084:	f3ef 8110 	mrs	r1, PRIMASK
10003088:	b672      	cpsid	i
1000308a:	6813      	ldr	r3, [r2, #0]
1000308c:	2b00      	cmp	r3, #0
1000308e:	d0fc      	beq.n	1000308a <tud_task_ext+0x36>
10003090:	f3bf 8f5f 	dmb	sy
10003094:	61a9      	str	r1, [r5, #24]
10003096:	0028      	movs	r0, r5
10003098:	0021      	movs	r1, r4
1000309a:	f001 fbaf 	bl	100047fc <tu_fifo_read>
1000309e:	696a      	ldr	r2, [r5, #20]
100030a0:	69ab      	ldr	r3, [r5, #24]
100030a2:	f3bf 8f5f 	dmb	sy
100030a6:	2100      	movs	r1, #0
100030a8:	6011      	str	r1, [r2, #0]
100030aa:	f383 8810 	msr	PRIMASK, r3
100030ae:	2800      	cmp	r0, #0
100030b0:	d100      	bne.n	100030b4 <tud_task_ext+0x60>
100030b2:	e11b      	b.n	100032ec <tud_task_ext+0x298>
100030b4:	7863      	ldrb	r3, [r4, #1]
100030b6:	2b08      	cmp	r3, #8
100030b8:	d8e2      	bhi.n	10003080 <tud_task_ext+0x2c>
100030ba:	009b      	lsls	r3, r3, #2
100030bc:	58fb      	ldr	r3, [r7, r3]
100030be:	469f      	mov	pc, r3
100030c0:	6863      	ldr	r3, [r4, #4]
100030c2:	2b00      	cmp	r3, #0
100030c4:	d0dc      	beq.n	10003080 <tud_task_ext+0x2c>
100030c6:	68a0      	ldr	r0, [r4, #8]
100030c8:	4798      	blx	r3
100030ca:	e7d9      	b.n	10003080 <tud_task_ext+0x2c>
100030cc:	227f      	movs	r2, #127	@ 0x7f
100030ce:	7921      	ldrb	r1, [r4, #4]
100030d0:	4daf      	ldr	r5, [pc, #700]	@ (10003390 <tud_task_ext+0x33c>)
100030d2:	400a      	ands	r2, r1
100030d4:	0053      	lsls	r3, r2, #1
100030d6:	18eb      	adds	r3, r5, r3
100030d8:	4698      	mov	r8, r3
100030da:	09c8      	lsrs	r0, r1, #7
100030dc:	4480      	add	r8, r0
100030de:	4640      	mov	r0, r8
100030e0:	2301      	movs	r3, #1
100030e2:	3030      	adds	r0, #48	@ 0x30
100030e4:	7905      	ldrb	r5, [r0, #4]
100030e6:	439d      	bics	r5, r3
100030e8:	7105      	strb	r5, [r0, #4]
100030ea:	7905      	ldrb	r5, [r0, #4]
100030ec:	3303      	adds	r3, #3
100030ee:	439d      	bics	r5, r3
100030f0:	7105      	strb	r5, [r0, #4]
100030f2:	2a00      	cmp	r2, #0
100030f4:	d100      	bne.n	100030f8 <tud_task_ext+0xa4>
100030f6:	e100      	b.n	100032fa <tud_task_ext+0x2a6>
100030f8:	4643      	mov	r3, r8
100030fa:	4aa7      	ldr	r2, [pc, #668]	@ (10003398 <tud_task_ext+0x344>)
100030fc:	7d1b      	ldrb	r3, [r3, #20]
100030fe:	7812      	ldrb	r2, [r2, #0]
10003100:	4293      	cmp	r3, r2
10003102:	d300      	bcc.n	10003106 <tud_task_ext+0xb2>
10003104:	e0ef      	b.n	100032e6 <tud_task_ext+0x292>
10003106:	4aa5      	ldr	r2, [pc, #660]	@ (1000339c <tud_task_ext+0x348>)
10003108:	015b      	lsls	r3, r3, #5
1000310a:	6815      	ldr	r5, [r2, #0]
1000310c:	18ed      	adds	r5, r5, r3
1000310e:	2d00      	cmp	r5, #0
10003110:	d100      	bne.n	10003114 <tud_task_ext+0xc0>
10003112:	e0eb      	b.n	100032ec <tud_task_ext+0x298>
10003114:	68a3      	ldr	r3, [r4, #8]
10003116:	7962      	ldrb	r2, [r4, #5]
10003118:	7820      	ldrb	r0, [r4, #0]
1000311a:	69ad      	ldr	r5, [r5, #24]
1000311c:	47a8      	blx	r5
1000311e:	e7af      	b.n	10003080 <tud_task_ext+0x2c>
10003120:	4a9f      	ldr	r2, [pc, #636]	@ (100033a0 <tud_task_ext+0x34c>)
10003122:	7813      	ldrb	r3, [r2, #0]
10003124:	2b00      	cmp	r3, #0
10003126:	d100      	bne.n	1000312a <tud_task_ext+0xd6>
10003128:	e0e0      	b.n	100032ec <tud_task_ext+0x298>
1000312a:	7813      	ldrb	r3, [r2, #0]
1000312c:	3b01      	subs	r3, #1
1000312e:	b2db      	uxtb	r3, r3
10003130:	7013      	strb	r3, [r2, #0]
10003132:	7813      	ldrb	r3, [r2, #0]
10003134:	2b00      	cmp	r3, #0
10003136:	d1a3      	bne.n	10003080 <tud_task_ext+0x2c>
10003138:	2201      	movs	r2, #1
1000313a:	4d95      	ldr	r5, [pc, #596]	@ (10003390 <tud_task_ext+0x33c>)
1000313c:	2101      	movs	r1, #1
1000313e:	782b      	ldrb	r3, [r5, #0]
10003140:	2004      	movs	r0, #4
10003142:	4313      	orrs	r3, r2
10003144:	702b      	strb	r3, [r5, #0]
10003146:	2334      	movs	r3, #52	@ 0x34
10003148:	5cea      	ldrb	r2, [r5, r3]
1000314a:	438a      	bics	r2, r1
1000314c:	54ea      	strb	r2, [r5, r3]
1000314e:	5cea      	ldrb	r2, [r5, r3]
10003150:	4382      	bics	r2, r0
10003152:	54ea      	strb	r2, [r5, r3]
10003154:	3301      	adds	r3, #1
10003156:	5cea      	ldrb	r2, [r5, r3]
10003158:	438a      	bics	r2, r1
1000315a:	54ea      	strb	r2, [r5, r3]
1000315c:	5cea      	ldrb	r2, [r5, r3]
1000315e:	4382      	bics	r2, r0
10003160:	54ea      	strb	r2, [r5, r3]
10003162:	7823      	ldrb	r3, [r4, #0]
10003164:	2000      	movs	r0, #0
10003166:	469b      	mov	fp, r3
10003168:	f000 fc9e 	bl	10003aa8 <usbd_control_set_complete_callback>
1000316c:	2260      	movs	r2, #96	@ 0x60
1000316e:	7923      	ldrb	r3, [r4, #4]
10003170:	401a      	ands	r2, r3
10003172:	2a60      	cmp	r2, #96	@ 0x60
10003174:	d100      	bne.n	10003178 <tud_task_ext+0x124>
10003176:	e0ef      	b.n	10003358 <tud_task_ext+0x304>
10003178:	2a40      	cmp	r2, #64	@ 0x40
1000317a:	d100      	bne.n	1000317e <tud_task_ext+0x12a>
1000317c:	e0f5      	b.n	1000336a <tud_task_ext+0x316>
1000317e:	06db      	lsls	r3, r3, #27
10003180:	0edb      	lsrs	r3, r3, #27
10003182:	2b01      	cmp	r3, #1
10003184:	d100      	bne.n	10003188 <tud_task_ext+0x134>
10003186:	e113      	b.n	100033b0 <tud_task_ext+0x35c>
10003188:	2b02      	cmp	r3, #2
1000318a:	d100      	bne.n	1000318e <tud_task_ext+0x13a>
1000318c:	e0c7      	b.n	1000331e <tud_task_ext+0x2ca>
1000318e:	2b00      	cmp	r3, #0
10003190:	d000      	beq.n	10003194 <tud_task_ext+0x140>
10003192:	e0e1      	b.n	10003358 <tud_task_ext+0x304>
10003194:	2a20      	cmp	r2, #32
10003196:	d100      	bne.n	1000319a <tud_task_ext+0x146>
10003198:	e21c      	b.n	100035d4 <tud_task_ext+0x580>
1000319a:	2a00      	cmp	r2, #0
1000319c:	d000      	beq.n	100031a0 <tud_task_ext+0x14c>
1000319e:	e0db      	b.n	10003358 <tud_task_ext+0x304>
100031a0:	7963      	ldrb	r3, [r4, #5]
100031a2:	2b09      	cmp	r3, #9
100031a4:	d900      	bls.n	100031a8 <tud_task_ext+0x154>
100031a6:	e0d7      	b.n	10003358 <tud_task_ext+0x304>
100031a8:	4a7e      	ldr	r2, [pc, #504]	@ (100033a4 <tud_task_ext+0x350>)
100031aa:	009b      	lsls	r3, r3, #2
100031ac:	58d3      	ldr	r3, [r2, r3]
100031ae:	469f      	mov	pc, r3
100031b0:	4d77      	ldr	r5, [pc, #476]	@ (10003390 <tud_task_ext+0x33c>)
100031b2:	782b      	ldrb	r3, [r5, #0]
100031b4:	07db      	lsls	r3, r3, #31
100031b6:	d400      	bmi.n	100031ba <tud_task_ext+0x166>
100031b8:	e762      	b.n	10003080 <tud_task_ext+0x2c>
100031ba:	f7ff febf 	bl	10002f3c <tud_resume_cb>
100031be:	e75f      	b.n	10003080 <tud_task_ext+0x2c>
100031c0:	9b01      	ldr	r3, [sp, #4]
100031c2:	78db      	ldrb	r3, [r3, #3]
100031c4:	07db      	lsls	r3, r3, #31
100031c6:	d400      	bmi.n	100031ca <tud_task_ext+0x176>
100031c8:	e75a      	b.n	10003080 <tud_task_ext+0x2c>
100031ca:	6860      	ldr	r0, [r4, #4]
100031cc:	f7ff feaa 	bl	10002f24 <tud_sof_cb>
100031d0:	e756      	b.n	10003080 <tud_task_ext+0x2c>
100031d2:	4d6f      	ldr	r5, [pc, #444]	@ (10003390 <tud_task_ext+0x33c>)
100031d4:	782b      	ldrb	r3, [r5, #0]
100031d6:	07db      	lsls	r3, r3, #31
100031d8:	d400      	bmi.n	100031dc <tud_task_ext+0x188>
100031da:	e751      	b.n	10003080 <tud_task_ext+0x2c>
100031dc:	7828      	ldrb	r0, [r5, #0]
100031de:	0700      	lsls	r0, r0, #28
100031e0:	0fc0      	lsrs	r0, r0, #31
100031e2:	f7ff fea9 	bl	10002f38 <tud_suspend_cb>
100031e6:	e74b      	b.n	10003080 <tud_task_ext+0x2c>
100031e8:	7823      	ldrb	r3, [r4, #0]
100031ea:	496a      	ldr	r1, [pc, #424]	@ (10003394 <tud_task_ext+0x340>)
100031ec:	4699      	mov	r9, r3
100031ee:	468b      	mov	fp, r1
100031f0:	4b69      	ldr	r3, [pc, #420]	@ (10003398 <tud_task_ext+0x344>)
100031f2:	496a      	ldr	r1, [pc, #424]	@ (1000339c <tud_task_ext+0x348>)
100031f4:	4698      	mov	r8, r3
100031f6:	468a      	mov	sl, r1
100031f8:	0039      	movs	r1, r7
100031fa:	781a      	ldrb	r2, [r3, #0]
100031fc:	4647      	mov	r7, r8
100031fe:	2300      	movs	r3, #0
10003200:	46b0      	mov	r8, r6
10003202:	2500      	movs	r5, #0
10003204:	464e      	mov	r6, r9
10003206:	4689      	mov	r9, r1
10003208:	e010      	b.n	1000322c <tud_task_ext+0x1d8>
1000320a:	4653      	mov	r3, sl
1000320c:	681b      	ldr	r3, [r3, #0]
1000320e:	016a      	lsls	r2, r5, #5
10003210:	189b      	adds	r3, r3, r2
10003212:	2b00      	cmp	r3, #0
10003214:	d100      	bne.n	10003218 <tud_task_ext+0x1c4>
10003216:	e076      	b.n	10003306 <tud_task_ext+0x2b2>
10003218:	68db      	ldr	r3, [r3, #12]
1000321a:	0030      	movs	r0, r6
1000321c:	4798      	blx	r3
1000321e:	783a      	ldrb	r2, [r7, #0]
10003220:	3501      	adds	r5, #1
10003222:	b2ed      	uxtb	r5, r5
10003224:	1c51      	adds	r1, r2, #1
10003226:	002b      	movs	r3, r5
10003228:	428d      	cmp	r5, r1
1000322a:	dc44      	bgt.n	100032b6 <tud_task_ext+0x262>
1000322c:	4295      	cmp	r5, r2
1000322e:	d3ec      	bcc.n	1000320a <tud_task_ext+0x1b6>
10003230:	1a9b      	subs	r3, r3, r2
10003232:	015b      	lsls	r3, r3, #5
10003234:	445b      	add	r3, fp
10003236:	e7ef      	b.n	10003218 <tud_task_ext+0x1c4>
10003238:	7823      	ldrb	r3, [r4, #0]
1000323a:	4958      	ldr	r1, [pc, #352]	@ (1000339c <tud_task_ext+0x348>)
1000323c:	4699      	mov	r9, r3
1000323e:	4b56      	ldr	r3, [pc, #344]	@ (10003398 <tud_task_ext+0x344>)
10003240:	468a      	mov	sl, r1
10003242:	4698      	mov	r8, r3
10003244:	0031      	movs	r1, r6
10003246:	46bb      	mov	fp, r7
10003248:	464e      	mov	r6, r9
1000324a:	781a      	ldrb	r2, [r3, #0]
1000324c:	2500      	movs	r5, #0
1000324e:	2300      	movs	r3, #0
10003250:	4647      	mov	r7, r8
10003252:	4689      	mov	r9, r1
10003254:	e00f      	b.n	10003276 <tud_task_ext+0x222>
10003256:	4653      	mov	r3, sl
10003258:	681b      	ldr	r3, [r3, #0]
1000325a:	016a      	lsls	r2, r5, #5
1000325c:	189b      	adds	r3, r3, r2
1000325e:	2b00      	cmp	r3, #0
10003260:	d055      	beq.n	1000330e <tud_task_ext+0x2ba>
10003262:	68db      	ldr	r3, [r3, #12]
10003264:	0030      	movs	r0, r6
10003266:	4798      	blx	r3
10003268:	783a      	ldrb	r2, [r7, #0]
1000326a:	3501      	adds	r5, #1
1000326c:	b2ed      	uxtb	r5, r5
1000326e:	1c51      	adds	r1, r2, #1
10003270:	002b      	movs	r3, r5
10003272:	428d      	cmp	r5, r1
10003274:	dc07      	bgt.n	10003286 <tud_task_ext+0x232>
10003276:	4295      	cmp	r5, r2
10003278:	d3ed      	bcc.n	10003256 <tud_task_ext+0x202>
1000327a:	1a9b      	subs	r3, r3, r2
1000327c:	9a00      	ldr	r2, [sp, #0]
1000327e:	015b      	lsls	r3, r3, #5
10003280:	4694      	mov	ip, r2
10003282:	4463      	add	r3, ip
10003284:	e7ed      	b.n	10003262 <tud_task_ext+0x20e>
10003286:	9d01      	ldr	r5, [sp, #4]
10003288:	2254      	movs	r2, #84	@ 0x54
1000328a:	2100      	movs	r1, #0
1000328c:	0028      	movs	r0, r5
1000328e:	f7fe ff4b 	bl	10002128 <__wrap_memset>
10003292:	2210      	movs	r2, #16
10003294:	21ff      	movs	r1, #255	@ 0xff
10003296:	4844      	ldr	r0, [pc, #272]	@ (100033a8 <tud_task_ext+0x354>)
10003298:	f7fe ff46 	bl	10002128 <__wrap_memset>
1000329c:	0028      	movs	r0, r5
1000329e:	2220      	movs	r2, #32
100032a0:	21ff      	movs	r1, #255	@ 0xff
100032a2:	3014      	adds	r0, #20
100032a4:	464e      	mov	r6, r9
100032a6:	465f      	mov	r7, fp
100032a8:	f7fe ff3e 	bl	10002128 <__wrap_memset>
100032ac:	f000 fbf2 	bl	10003a94 <usbd_control_reset>
100032b0:	f7ff fe40 	bl	10002f34 <tud_umount_cb>
100032b4:	e6e4      	b.n	10003080 <tud_task_ext+0x2c>
100032b6:	4d36      	ldr	r5, [pc, #216]	@ (10003390 <tud_task_ext+0x33c>)
100032b8:	2254      	movs	r2, #84	@ 0x54
100032ba:	2100      	movs	r1, #0
100032bc:	0028      	movs	r0, r5
100032be:	f7fe ff33 	bl	10002128 <__wrap_memset>
100032c2:	2210      	movs	r2, #16
100032c4:	21ff      	movs	r1, #255	@ 0xff
100032c6:	1d28      	adds	r0, r5, #4
100032c8:	f7fe ff2e 	bl	10002128 <__wrap_memset>
100032cc:	0028      	movs	r0, r5
100032ce:	2220      	movs	r2, #32
100032d0:	21ff      	movs	r1, #255	@ 0xff
100032d2:	3014      	adds	r0, #20
100032d4:	4646      	mov	r6, r8
100032d6:	464f      	mov	r7, r9
100032d8:	f7fe ff26 	bl	10002128 <__wrap_memset>
100032dc:	f000 fbda 	bl	10003a94 <usbd_control_reset>
100032e0:	7923      	ldrb	r3, [r4, #4]
100032e2:	70ab      	strb	r3, [r5, #2]
100032e4:	e6cc      	b.n	10003080 <tud_task_ext+0x2c>
100032e6:	1c50      	adds	r0, r2, #1
100032e8:	4298      	cmp	r0, r3
100032ea:	da13      	bge.n	10003314 <tud_task_ext+0x2c0>
100032ec:	b011      	add	sp, #68	@ 0x44
100032ee:	bcf0      	pop	{r4, r5, r6, r7}
100032f0:	46bb      	mov	fp, r7
100032f2:	46b2      	mov	sl, r6
100032f4:	46a9      	mov	r9, r5
100032f6:	46a0      	mov	r8, r4
100032f8:	bdf0      	pop	{r4, r5, r6, r7, pc}
100032fa:	68a3      	ldr	r3, [r4, #8]
100032fc:	7962      	ldrb	r2, [r4, #5]
100032fe:	7820      	ldrb	r0, [r4, #0]
10003300:	f000 fbe6 	bl	10003ad0 <usbd_control_xfer_cb>
10003304:	e6bc      	b.n	10003080 <tud_task_ext+0x2c>
10003306:	4646      	mov	r6, r8
10003308:	464f      	mov	r7, r9
1000330a:	4d21      	ldr	r5, [pc, #132]	@ (10003390 <tud_task_ext+0x33c>)
1000330c:	e7e6      	b.n	100032dc <tud_task_ext+0x288>
1000330e:	464e      	mov	r6, r9
10003310:	465f      	mov	r7, fp
10003312:	e7cb      	b.n	100032ac <tud_task_ext+0x258>
10003314:	4d1f      	ldr	r5, [pc, #124]	@ (10003394 <tud_task_ext+0x340>)
10003316:	1a9b      	subs	r3, r3, r2
10003318:	015b      	lsls	r3, r3, #5
1000331a:	195d      	adds	r5, r3, r5
1000331c:	e6fa      	b.n	10003114 <tud_task_ext+0xc0>
1000331e:	2370      	movs	r3, #112	@ 0x70
10003320:	7a21      	ldrb	r1, [r4, #8]
10003322:	420b      	tst	r3, r1
10003324:	d118      	bne.n	10003358 <tud_task_ext+0x304>
10003326:	09c8      	lsrs	r0, r1, #7
10003328:	4682      	mov	sl, r0
1000332a:	330f      	adds	r3, #15
1000332c:	400b      	ands	r3, r1
1000332e:	005b      	lsls	r3, r3, #1
10003330:	4698      	mov	r8, r3
10003332:	4819      	ldr	r0, [pc, #100]	@ (10003398 <tud_task_ext+0x344>)
10003334:	18eb      	adds	r3, r5, r3
10003336:	4453      	add	r3, sl
10003338:	7d1b      	ldrb	r3, [r3, #20]
1000333a:	7800      	ldrb	r0, [r0, #0]
1000333c:	4699      	mov	r9, r3
1000333e:	4283      	cmp	r3, r0
10003340:	d266      	bcs.n	10003410 <tud_task_ext+0x3bc>
10003342:	4816      	ldr	r0, [pc, #88]	@ (1000339c <tud_task_ext+0x348>)
10003344:	015b      	lsls	r3, r3, #5
10003346:	6800      	ldr	r0, [r0, #0]
10003348:	4681      	mov	r9, r0
1000334a:	4499      	add	r9, r3
1000334c:	2a00      	cmp	r2, #0
1000334e:	d100      	bne.n	10003352 <tud_task_ext+0x2fe>
10003350:	e15f      	b.n	10003612 <tud_task_ext+0x5be>
10003352:	464b      	mov	r3, r9
10003354:	2b00      	cmp	r3, #0
10003356:	d168      	bne.n	1000342a <tud_task_ext+0x3d6>
10003358:	7820      	ldrb	r0, [r4, #0]
1000335a:	2100      	movs	r1, #0
1000335c:	f7ff fd6a 	bl	10002e34 <dcd_edpt_stall>
10003360:	2180      	movs	r1, #128	@ 0x80
10003362:	7820      	ldrb	r0, [r4, #0]
10003364:	f7ff fd66 	bl	10002e34 <dcd_edpt_stall>
10003368:	e68a      	b.n	10003080 <tud_task_ext+0x2c>
1000336a:	4810      	ldr	r0, [pc, #64]	@ (100033ac <tud_task_ext+0x358>)
1000336c:	f000 fb9c 	bl	10003aa8 <usbd_control_set_complete_callback>
10003370:	2101      	movs	r1, #1
10003372:	4658      	mov	r0, fp
10003374:	aa0e      	add	r2, sp, #56	@ 0x38
10003376:	f7ff f8cd 	bl	10002514 <tud_vendor_control_xfer_cb>
1000337a:	2800      	cmp	r0, #0
1000337c:	d000      	beq.n	10003380 <tud_task_ext+0x32c>
1000337e:	e67f      	b.n	10003080 <tud_task_ext+0x2c>
10003380:	e7ea      	b.n	10003358 <tud_task_ext+0x304>
10003382:	46c0      	nop			@ (mov r8, r8)
10003384:	200010a4 	.word	0x200010a4
10003388:	1000522c 	.word	0x1000522c
1000338c:	20001578 	.word	0x20001578
10003390:	20001520 	.word	0x20001520
10003394:	100052d4 	.word	0x100052d4
10003398:	200213d9 	.word	0x200213d9
1000339c:	20001370 	.word	0x20001370
100033a0:	200213db 	.word	0x200213db
100033a4:	10005250 	.word	0x10005250
100033a8:	20001524 	.word	0x20001524
100033ac:	10002515 	.word	0x10002515
100033b0:	7a23      	ldrb	r3, [r4, #8]
100033b2:	2b0f      	cmp	r3, #15
100033b4:	d8d0      	bhi.n	10003358 <tud_task_ext+0x304>
100033b6:	4acf      	ldr	r2, [pc, #828]	@ (100036f4 <tud_task_ext+0x6a0>)
100033b8:	18eb      	adds	r3, r5, r3
100033ba:	791b      	ldrb	r3, [r3, #4]
100033bc:	7815      	ldrb	r5, [r2, #0]
100033be:	42ab      	cmp	r3, r5
100033c0:	d33e      	bcc.n	10003440 <tud_task_ext+0x3ec>
100033c2:	1c69      	adds	r1, r5, #1
100033c4:	4299      	cmp	r1, r3
100033c6:	dbc7      	blt.n	10003358 <tud_task_ext+0x304>
100033c8:	1b5d      	subs	r5, r3, r5
100033ca:	4bcb      	ldr	r3, [pc, #812]	@ (100036f8 <tud_task_ext+0x6a4>)
100033cc:	016d      	lsls	r5, r5, #5
100033ce:	18ed      	adds	r5, r5, r3
100033d0:	6968      	ldr	r0, [r5, #20]
100033d2:	f000 fb69 	bl	10003aa8 <usbd_control_set_complete_callback>
100033d6:	2101      	movs	r1, #1
100033d8:	4658      	mov	r0, fp
100033da:	696b      	ldr	r3, [r5, #20]
100033dc:	aa0e      	add	r2, sp, #56	@ 0x38
100033de:	4798      	blx	r3
100033e0:	2800      	cmp	r0, #0
100033e2:	d000      	beq.n	100033e6 <tud_task_ext+0x392>
100033e4:	e64c      	b.n	10003080 <tud_task_ext+0x2c>
100033e6:	2260      	movs	r2, #96	@ 0x60
100033e8:	0015      	movs	r5, r2
100033ea:	7923      	ldrb	r3, [r4, #4]
100033ec:	401d      	ands	r5, r3
100033ee:	421a      	tst	r2, r3
100033f0:	d1b2      	bne.n	10003358 <tud_task_ext+0x304>
100033f2:	7963      	ldrb	r3, [r4, #5]
100033f4:	3b0a      	subs	r3, #10
100033f6:	2b01      	cmp	r3, #1
100033f8:	d8ae      	bhi.n	10003358 <tud_task_ext+0x304>
100033fa:	f000 fb55 	bl	10003aa8 <usbd_control_set_complete_callback>
100033fe:	7963      	ldrb	r3, [r4, #5]
10003400:	2b0a      	cmp	r3, #10
10003402:	d100      	bne.n	10003406 <tud_task_ext+0x3b2>
10003404:	e199      	b.n	1000373a <tud_task_ext+0x6e6>
10003406:	4658      	mov	r0, fp
10003408:	a90e      	add	r1, sp, #56	@ 0x38
1000340a:	f000 fad9 	bl	100039c0 <tud_control_status>
1000340e:	e637      	b.n	10003080 <tud_task_ext+0x2c>
10003410:	1c43      	adds	r3, r0, #1
10003412:	454b      	cmp	r3, r9
10003414:	da00      	bge.n	10003418 <tud_task_ext+0x3c4>
10003416:	e0f7      	b.n	10003608 <tud_task_ext+0x5b4>
10003418:	464b      	mov	r3, r9
1000341a:	1a1b      	subs	r3, r3, r0
1000341c:	015b      	lsls	r3, r3, #5
1000341e:	4699      	mov	r9, r3
10003420:	48b5      	ldr	r0, [pc, #724]	@ (100036f8 <tud_task_ext+0x6a4>)
10003422:	4481      	add	r9, r0
10003424:	2a00      	cmp	r2, #0
10003426:	d100      	bne.n	1000342a <tud_task_ext+0x3d6>
10003428:	e0f3      	b.n	10003612 <tud_task_ext+0x5be>
1000342a:	464b      	mov	r3, r9
1000342c:	6958      	ldr	r0, [r3, #20]
1000342e:	f000 fb3b 	bl	10003aa8 <usbd_control_set_complete_callback>
10003432:	464b      	mov	r3, r9
10003434:	2101      	movs	r1, #1
10003436:	4658      	mov	r0, fp
10003438:	695b      	ldr	r3, [r3, #20]
1000343a:	aa0e      	add	r2, sp, #56	@ 0x38
1000343c:	4798      	blx	r3
1000343e:	e79c      	b.n	1000337a <tud_task_ext+0x326>
10003440:	4aae      	ldr	r2, [pc, #696]	@ (100036fc <tud_task_ext+0x6a8>)
10003442:	015b      	lsls	r3, r3, #5
10003444:	6815      	ldr	r5, [r2, #0]
10003446:	18ed      	adds	r5, r5, r3
10003448:	2d00      	cmp	r5, #0
1000344a:	d1c1      	bne.n	100033d0 <tud_task_ext+0x37c>
1000344c:	e784      	b.n	10003358 <tud_task_ext+0x304>
1000344e:	79a3      	ldrb	r3, [r4, #6]
10003450:	4699      	mov	r9, r3
10003452:	786b      	ldrb	r3, [r5, #1]
10003454:	4599      	cmp	r9, r3
10003456:	d0d6      	beq.n	10003406 <tud_task_ext+0x3b2>
10003458:	786b      	ldrb	r3, [r5, #1]
1000345a:	2b00      	cmp	r3, #0
1000345c:	d000      	beq.n	10003460 <tud_task_ext+0x40c>
1000345e:	e133      	b.n	100036c8 <tud_task_ext+0x674>
10003460:	464b      	mov	r3, r9
10003462:	706b      	strb	r3, [r5, #1]
10003464:	2b00      	cmp	r3, #0
10003466:	d100      	bne.n	1000346a <tud_task_ext+0x416>
10003468:	e12b      	b.n	100036c2 <tud_task_ext+0x66e>
1000346a:	4648      	mov	r0, r9
1000346c:	3801      	subs	r0, #1
1000346e:	b2c0      	uxtb	r0, r0
10003470:	f7ff fa92 	bl	10002998 <tud_descriptor_configuration_cb>
10003474:	2800      	cmp	r0, #0
10003476:	d100      	bne.n	1000347a <tud_task_ext+0x426>
10003478:	e17e      	b.n	10003778 <tud_task_ext+0x724>
1000347a:	7843      	ldrb	r3, [r0, #1]
1000347c:	9307      	str	r3, [sp, #28]
1000347e:	2b02      	cmp	r3, #2
10003480:	d000      	beq.n	10003484 <tud_task_ext+0x430>
10003482:	e179      	b.n	10003778 <tud_task_ext+0x724>
10003484:	2201      	movs	r2, #1
10003486:	79c1      	ldrb	r1, [r0, #7]
10003488:	46b1      	mov	r9, r6
1000348a:	118b      	asrs	r3, r1, #6
1000348c:	1149      	asrs	r1, r1, #5
1000348e:	4013      	ands	r3, r2
10003490:	400a      	ands	r2, r1
10003492:	2130      	movs	r1, #48	@ 0x30
10003494:	0112      	lsls	r2, r2, #4
10003496:	015b      	lsls	r3, r3, #5
10003498:	4313      	orrs	r3, r2
1000349a:	782a      	ldrb	r2, [r5, #0]
1000349c:	46a8      	mov	r8, r5
1000349e:	438a      	bics	r2, r1
100034a0:	4313      	orrs	r3, r2
100034a2:	702b      	strb	r3, [r5, #0]
100034a4:	2309      	movs	r3, #9
100034a6:	469a      	mov	sl, r3
100034a8:	4482      	add	sl, r0
100034aa:	4656      	mov	r6, sl
100034ac:	46ba      	mov	sl, r7
100034ae:	78c3      	ldrb	r3, [r0, #3]
100034b0:	7882      	ldrb	r2, [r0, #2]
100034b2:	021b      	lsls	r3, r3, #8
100034b4:	4313      	orrs	r3, r2
100034b6:	18c3      	adds	r3, r0, r3
100034b8:	9305      	str	r3, [sp, #20]
100034ba:	4b8e      	ldr	r3, [pc, #568]	@ (100036f4 <tud_task_ext+0x6a0>)
100034bc:	9304      	str	r3, [sp, #16]
100034be:	4b8e      	ldr	r3, [pc, #568]	@ (100036f8 <tud_task_ext+0x6a4>)
100034c0:	9308      	str	r3, [sp, #32]
100034c2:	4b8e      	ldr	r3, [pc, #568]	@ (100036fc <tud_task_ext+0x6a8>)
100034c4:	9309      	str	r3, [sp, #36]	@ 0x24
100034c6:	4b8e      	ldr	r3, [pc, #568]	@ (10003700 <tud_task_ext+0x6ac>)
100034c8:	930a      	str	r3, [sp, #40]	@ 0x28
100034ca:	9b05      	ldr	r3, [sp, #20]
100034cc:	42b3      	cmp	r3, r6
100034ce:	d800      	bhi.n	100034d2 <tud_task_ext+0x47e>
100034d0:	e155      	b.n	1000377e <tud_task_ext+0x72a>
100034d2:	7873      	ldrb	r3, [r6, #1]
100034d4:	2201      	movs	r2, #1
100034d6:	2b0b      	cmp	r3, #11
100034d8:	d103      	bne.n	100034e2 <tud_task_ext+0x48e>
100034da:	7833      	ldrb	r3, [r6, #0]
100034dc:	78f2      	ldrb	r2, [r6, #3]
100034de:	18f6      	adds	r6, r6, r3
100034e0:	7873      	ldrb	r3, [r6, #1]
100034e2:	2b04      	cmp	r3, #4
100034e4:	d000      	beq.n	100034e8 <tud_task_ext+0x494>
100034e6:	e144      	b.n	10003772 <tud_task_ext+0x71e>
100034e8:	9b05      	ldr	r3, [sp, #20]
100034ea:	2700      	movs	r7, #0
100034ec:	1b9b      	subs	r3, r3, r6
100034ee:	b29b      	uxth	r3, r3
100034f0:	9306      	str	r3, [sp, #24]
100034f2:	9b04      	ldr	r3, [sp, #16]
100034f4:	920b      	str	r2, [sp, #44]	@ 0x2c
100034f6:	781d      	ldrb	r5, [r3, #0]
100034f8:	2300      	movs	r3, #0
100034fa:	9303      	str	r3, [sp, #12]
100034fc:	e01b      	b.n	10003536 <tud_task_ext+0x4e2>
100034fe:	9a09      	ldr	r2, [sp, #36]	@ 0x24
10003500:	017b      	lsls	r3, r7, #5
10003502:	6815      	ldr	r5, [r2, #0]
10003504:	18ed      	adds	r5, r5, r3
10003506:	2d00      	cmp	r5, #0
10003508:	d100      	bne.n	1000350c <tud_task_ext+0x4b8>
1000350a:	e132      	b.n	10003772 <tud_task_ext+0x71e>
1000350c:	0031      	movs	r1, r6
1000350e:	4658      	mov	r0, fp
10003510:	692b      	ldr	r3, [r5, #16]
10003512:	9a06      	ldr	r2, [sp, #24]
10003514:	4798      	blx	r3
10003516:	4684      	mov	ip, r0
10003518:	2808      	cmp	r0, #8
1000351a:	d903      	bls.n	10003524 <tud_task_ext+0x4d0>
1000351c:	9a06      	ldr	r2, [sp, #24]
1000351e:	4282      	cmp	r2, r0
10003520:	d300      	bcc.n	10003524 <tud_task_ext+0x4d0>
10003522:	e113      	b.n	1000374c <tud_task_ext+0x6f8>
10003524:	9b04      	ldr	r3, [sp, #16]
10003526:	3701      	adds	r7, #1
10003528:	781d      	ldrb	r5, [r3, #0]
1000352a:	b2ff      	uxtb	r7, r7
1000352c:	1c6b      	adds	r3, r5, #1
1000352e:	9703      	str	r7, [sp, #12]
10003530:	429f      	cmp	r7, r3
10003532:	dd00      	ble.n	10003536 <tud_task_ext+0x4e2>
10003534:	e11d      	b.n	10003772 <tud_task_ext+0x71e>
10003536:	42bd      	cmp	r5, r7
10003538:	d8e1      	bhi.n	100034fe <tud_task_ext+0x4aa>
1000353a:	9b03      	ldr	r3, [sp, #12]
1000353c:	1b5d      	subs	r5, r3, r5
1000353e:	9b08      	ldr	r3, [sp, #32]
10003540:	016d      	lsls	r5, r5, #5
10003542:	469c      	mov	ip, r3
10003544:	4465      	add	r5, ip
10003546:	e7e1      	b.n	1000350c <tud_task_ext+0x4b8>
10003548:	786b      	ldrb	r3, [r5, #1]
1000354a:	aa0c      	add	r2, sp, #48	@ 0x30
1000354c:	3202      	adds	r2, #2
1000354e:	7013      	strb	r3, [r2, #0]
10003550:	4658      	mov	r0, fp
10003552:	2301      	movs	r3, #1
10003554:	a90e      	add	r1, sp, #56	@ 0x38
10003556:	f000 fa49 	bl	100039ec <tud_control_xfer>
1000355a:	e591      	b.n	10003080 <tud_task_ext+0x2c>
1000355c:	88e3      	ldrh	r3, [r4, #6]
1000355e:	0a1a      	lsrs	r2, r3, #8
10003560:	b2d8      	uxtb	r0, r3
10003562:	2a0f      	cmp	r2, #15
10003564:	d900      	bls.n	10003568 <tud_task_ext+0x514>
10003566:	e6f7      	b.n	10003358 <tud_task_ext+0x304>
10003568:	4966      	ldr	r1, [pc, #408]	@ (10003704 <tud_task_ext+0x6b0>)
1000356a:	0093      	lsls	r3, r2, #2
1000356c:	58cb      	ldr	r3, [r1, r3]
1000356e:	469f      	mov	pc, r3
10003570:	a80e      	add	r0, sp, #56	@ 0x38
10003572:	f000 fa9f 	bl	10003ab4 <usbd_control_set_request>
10003576:	4658      	mov	r0, fp
10003578:	79a1      	ldrb	r1, [r4, #6]
1000357a:	f7ff fb95 	bl	10002ca8 <dcd_set_address>
1000357e:	2202      	movs	r2, #2
10003580:	782b      	ldrb	r3, [r5, #0]
10003582:	4313      	orrs	r3, r2
10003584:	702b      	strb	r3, [r5, #0]
10003586:	e57b      	b.n	10003080 <tud_task_ext+0x2c>
10003588:	88e3      	ldrh	r3, [r4, #6]
1000358a:	2b01      	cmp	r3, #1
1000358c:	d000      	beq.n	10003590 <tud_task_ext+0x53c>
1000358e:	e6e3      	b.n	10003358 <tud_task_ext+0x304>
10003590:	2208      	movs	r2, #8
10003592:	782b      	ldrb	r3, [r5, #0]
10003594:	4658      	mov	r0, fp
10003596:	4393      	bics	r3, r2
10003598:	a90e      	add	r1, sp, #56	@ 0x38
1000359a:	702b      	strb	r3, [r5, #0]
1000359c:	f000 fa10 	bl	100039c0 <tud_control_status>
100035a0:	e56e      	b.n	10003080 <tud_task_ext+0x2c>
100035a2:	2002      	movs	r0, #2
100035a4:	7829      	ldrb	r1, [r5, #0]
100035a6:	ab0c      	add	r3, sp, #48	@ 0x30
100035a8:	1c9a      	adds	r2, r3, #2
100035aa:	068b      	lsls	r3, r1, #26
100035ac:	0889      	lsrs	r1, r1, #2
100035ae:	0fdb      	lsrs	r3, r3, #31
100035b0:	4001      	ands	r1, r0
100035b2:	430b      	orrs	r3, r1
100035b4:	8013      	strh	r3, [r2, #0]
100035b6:	4658      	mov	r0, fp
100035b8:	2302      	movs	r3, #2
100035ba:	a90e      	add	r1, sp, #56	@ 0x38
100035bc:	f000 fa16 	bl	100039ec <tud_control_xfer>
100035c0:	e55e      	b.n	10003080 <tud_task_ext+0x2c>
100035c2:	88e3      	ldrh	r3, [r4, #6]
100035c4:	2b01      	cmp	r3, #1
100035c6:	d000      	beq.n	100035ca <tud_task_ext+0x576>
100035c8:	e6c6      	b.n	10003358 <tud_task_ext+0x304>
100035ca:	2208      	movs	r2, #8
100035cc:	782b      	ldrb	r3, [r5, #0]
100035ce:	4313      	orrs	r3, r2
100035d0:	702b      	strb	r3, [r5, #0]
100035d2:	e718      	b.n	10003406 <tud_task_ext+0x3b2>
100035d4:	7a23      	ldrb	r3, [r4, #8]
100035d6:	2b0f      	cmp	r3, #15
100035d8:	d900      	bls.n	100035dc <tud_task_ext+0x588>
100035da:	e6bd      	b.n	10003358 <tud_task_ext+0x304>
100035dc:	18eb      	adds	r3, r5, r3
100035de:	791d      	ldrb	r5, [r3, #4]
100035e0:	4b44      	ldr	r3, [pc, #272]	@ (100036f4 <tud_task_ext+0x6a0>)
100035e2:	781b      	ldrb	r3, [r3, #0]
100035e4:	429d      	cmp	r5, r3
100035e6:	d228      	bcs.n	1000363a <tud_task_ext+0x5e6>
100035e8:	4b44      	ldr	r3, [pc, #272]	@ (100036fc <tud_task_ext+0x6a8>)
100035ea:	016d      	lsls	r5, r5, #5
100035ec:	681b      	ldr	r3, [r3, #0]
100035ee:	195d      	adds	r5, r3, r5
100035f0:	2d00      	cmp	r5, #0
100035f2:	d100      	bne.n	100035f6 <tud_task_ext+0x5a2>
100035f4:	e6b0      	b.n	10003358 <tud_task_ext+0x304>
100035f6:	6968      	ldr	r0, [r5, #20]
100035f8:	f000 fa56 	bl	10003aa8 <usbd_control_set_complete_callback>
100035fc:	2101      	movs	r1, #1
100035fe:	4658      	mov	r0, fp
10003600:	696b      	ldr	r3, [r5, #20]
10003602:	aa0e      	add	r2, sp, #56	@ 0x38
10003604:	4798      	blx	r3
10003606:	e6b8      	b.n	1000337a <tud_task_ext+0x326>
10003608:	2a00      	cmp	r2, #0
1000360a:	d000      	beq.n	1000360e <tud_task_ext+0x5ba>
1000360c:	e6a4      	b.n	10003358 <tud_task_ext+0x304>
1000360e:	2300      	movs	r3, #0
10003610:	4699      	mov	r9, r3
10003612:	7962      	ldrb	r2, [r4, #5]
10003614:	2002      	movs	r0, #2
10003616:	0013      	movs	r3, r2
10003618:	9203      	str	r2, [sp, #12]
1000361a:	4383      	bics	r3, r0
1000361c:	2b01      	cmp	r3, #1
1000361e:	d015      	beq.n	1000364c <tud_task_ext+0x5f8>
10003620:	2a00      	cmp	r2, #0
10003622:	d000      	beq.n	10003626 <tud_task_ext+0x5d2>
10003624:	e698      	b.n	10003358 <tud_task_ext+0x304>
10003626:	002b      	movs	r3, r5
10003628:	4443      	add	r3, r8
1000362a:	4453      	add	r3, sl
1000362c:	3330      	adds	r3, #48	@ 0x30
1000362e:	791b      	ldrb	r3, [r3, #4]
10003630:	aa0c      	add	r2, sp, #48	@ 0x30
10003632:	079b      	lsls	r3, r3, #30
10003634:	0fdb      	lsrs	r3, r3, #31
10003636:	3202      	adds	r2, #2
10003638:	e7bc      	b.n	100035b4 <tud_task_ext+0x560>
1000363a:	1c5a      	adds	r2, r3, #1
1000363c:	42aa      	cmp	r2, r5
1000363e:	da00      	bge.n	10003642 <tud_task_ext+0x5ee>
10003640:	e68a      	b.n	10003358 <tud_task_ext+0x304>
10003642:	1aed      	subs	r5, r5, r3
10003644:	4b2c      	ldr	r3, [pc, #176]	@ (100036f8 <tud_task_ext+0x6a4>)
10003646:	016d      	lsls	r5, r5, #5
10003648:	18ed      	adds	r5, r5, r3
1000364a:	e7d4      	b.n	100035f6 <tud_task_ext+0x5a2>
1000364c:	88e3      	ldrh	r3, [r4, #6]
1000364e:	2b00      	cmp	r3, #0
10003650:	d112      	bne.n	10003678 <tud_task_ext+0x624>
10003652:	9b02      	ldr	r3, [sp, #8]
10003654:	7818      	ldrb	r0, [r3, #0]
10003656:	9b03      	ldr	r3, [sp, #12]
10003658:	2b01      	cmp	r3, #1
1000365a:	d023      	beq.n	100036a4 <tud_task_ext+0x650>
1000365c:	f7ff fbea 	bl	10002e34 <dcd_edpt_stall>
10003660:	4643      	mov	r3, r8
10003662:	2102      	movs	r1, #2
10003664:	18eb      	adds	r3, r5, r3
10003666:	4453      	add	r3, sl
10003668:	3330      	adds	r3, #48	@ 0x30
1000366a:	791a      	ldrb	r2, [r3, #4]
1000366c:	430a      	orrs	r2, r1
1000366e:	2101      	movs	r1, #1
10003670:	711a      	strb	r2, [r3, #4]
10003672:	791a      	ldrb	r2, [r3, #4]
10003674:	430a      	orrs	r2, r1
10003676:	711a      	strb	r2, [r3, #4]
10003678:	464b      	mov	r3, r9
1000367a:	2b00      	cmp	r3, #0
1000367c:	d100      	bne.n	10003680 <tud_task_ext+0x62c>
1000367e:	e4ff      	b.n	10003080 <tud_task_ext+0x2c>
10003680:	6958      	ldr	r0, [r3, #20]
10003682:	f000 fa11 	bl	10003aa8 <usbd_control_set_complete_callback>
10003686:	464b      	mov	r3, r9
10003688:	2101      	movs	r1, #1
1000368a:	695b      	ldr	r3, [r3, #20]
1000368c:	aa0e      	add	r2, sp, #56	@ 0x38
1000368e:	4658      	mov	r0, fp
10003690:	4798      	blx	r3
10003692:	2000      	movs	r0, #0
10003694:	f000 fa08 	bl	10003aa8 <usbd_control_set_complete_callback>
10003698:	2335      	movs	r3, #53	@ 0x35
1000369a:	5ceb      	ldrb	r3, [r5, r3]
1000369c:	07db      	lsls	r3, r3, #31
1000369e:	d500      	bpl.n	100036a2 <tud_task_ext+0x64e>
100036a0:	e4ee      	b.n	10003080 <tud_task_ext+0x2c>
100036a2:	e6b0      	b.n	10003406 <tud_task_ext+0x3b2>
100036a4:	f7ff fbe4 	bl	10002e70 <dcd_edpt_clear_stall>
100036a8:	4643      	mov	r3, r8
100036aa:	2102      	movs	r1, #2
100036ac:	18eb      	adds	r3, r5, r3
100036ae:	4453      	add	r3, sl
100036b0:	3330      	adds	r3, #48	@ 0x30
100036b2:	791a      	ldrb	r2, [r3, #4]
100036b4:	438a      	bics	r2, r1
100036b6:	711a      	strb	r2, [r3, #4]
100036b8:	791a      	ldrb	r2, [r3, #4]
100036ba:	9903      	ldr	r1, [sp, #12]
100036bc:	438a      	bics	r2, r1
100036be:	711a      	strb	r2, [r3, #4]
100036c0:	e7da      	b.n	10003678 <tud_task_ext+0x624>
100036c2:	f7ff fc37 	bl	10002f34 <tud_umount_cb>
100036c6:	e69e      	b.n	10003406 <tud_task_ext+0x3b2>
100036c8:	2100      	movs	r1, #0
100036ca:	4658      	mov	r0, fp
100036cc:	f7ff faf6 	bl	10002cbc <dcd_sof_enable>
100036d0:	4658      	mov	r0, fp
100036d2:	f7ff fb99 	bl	10002e08 <dcd_edpt_close_all>
100036d6:	78ab      	ldrb	r3, [r5, #2]
100036d8:	4907      	ldr	r1, [pc, #28]	@ (100036f8 <tud_task_ext+0x6a4>)
100036da:	9303      	str	r3, [sp, #12]
100036dc:	9104      	str	r1, [sp, #16]
100036de:	4b05      	ldr	r3, [pc, #20]	@ (100036f4 <tud_task_ext+0x6a0>)
100036e0:	4906      	ldr	r1, [pc, #24]	@ (100036fc <tud_task_ext+0x6a8>)
100036e2:	4698      	mov	r8, r3
100036e4:	781a      	ldrb	r2, [r3, #0]
100036e6:	9105      	str	r1, [sp, #20]
100036e8:	2300      	movs	r3, #0
100036ea:	0029      	movs	r1, r5
100036ec:	001d      	movs	r5, r3
100036ee:	468a      	mov	sl, r1
100036f0:	e01b      	b.n	1000372a <tud_task_ext+0x6d6>
100036f2:	46c0      	nop			@ (mov r8, r8)
100036f4:	200213d9 	.word	0x200213d9
100036f8:	100052d4 	.word	0x100052d4
100036fc:	20001370 	.word	0x20001370
10003700:	20001534 	.word	0x20001534
10003704:	10005278 	.word	0x10005278
10003708:	9b05      	ldr	r3, [sp, #20]
1000370a:	016a      	lsls	r2, r5, #5
1000370c:	681b      	ldr	r3, [r3, #0]
1000370e:	189b      	adds	r3, r3, r2
10003710:	2b00      	cmp	r3, #0
10003712:	d04d      	beq.n	100037b0 <tud_task_ext+0x75c>
10003714:	68db      	ldr	r3, [r3, #12]
10003716:	4658      	mov	r0, fp
10003718:	4798      	blx	r3
1000371a:	4643      	mov	r3, r8
1000371c:	781a      	ldrb	r2, [r3, #0]
1000371e:	3501      	adds	r5, #1
10003720:	b2ed      	uxtb	r5, r5
10003722:	1c51      	adds	r1, r2, #1
10003724:	002b      	movs	r3, r5
10003726:	428d      	cmp	r5, r1
10003728:	dc2e      	bgt.n	10003788 <tud_task_ext+0x734>
1000372a:	4295      	cmp	r5, r2
1000372c:	d3ec      	bcc.n	10003708 <tud_task_ext+0x6b4>
1000372e:	1a9b      	subs	r3, r3, r2
10003730:	9a04      	ldr	r2, [sp, #16]
10003732:	015b      	lsls	r3, r3, #5
10003734:	4694      	mov	ip, r2
10003736:	4463      	add	r3, ip
10003738:	e7ec      	b.n	10003714 <tud_task_ext+0x6c0>
1000373a:	ab0c      	add	r3, sp, #48	@ 0x30
1000373c:	1c9a      	adds	r2, r3, #2
1000373e:	4658      	mov	r0, fp
10003740:	2301      	movs	r3, #1
10003742:	a90e      	add	r1, sp, #56	@ 0x38
10003744:	7015      	strb	r5, [r2, #0]
10003746:	f000 f951 	bl	100039ec <tud_control_xfer>
1000374a:	e499      	b.n	10003080 <tud_task_ext+0x2c>
1000374c:	9a0b      	ldr	r2, [sp, #44]	@ 0x2c
1000374e:	2a01      	cmp	r2, #1
10003750:	d04f      	beq.n	100037f2 <tud_task_ext+0x79e>
10003752:	2a00      	cmp	r2, #0
10003754:	d03c      	beq.n	100037d0 <tud_task_ext+0x77c>
10003756:	2300      	movs	r3, #0
10003758:	78b0      	ldrb	r0, [r6, #2]
1000375a:	e004      	b.n	10003766 <tud_task_ext+0x712>
1000375c:	3301      	adds	r3, #1
1000375e:	b2db      	uxtb	r3, r3
10003760:	710f      	strb	r7, [r1, #4]
10003762:	4293      	cmp	r3, r2
10003764:	d234      	bcs.n	100037d0 <tud_task_ext+0x77c>
10003766:	18c1      	adds	r1, r0, r3
10003768:	b2c9      	uxtb	r1, r1
1000376a:	4441      	add	r1, r8
1000376c:	790d      	ldrb	r5, [r1, #4]
1000376e:	2dff      	cmp	r5, #255	@ 0xff
10003770:	d0f4      	beq.n	1000375c <tud_task_ext+0x708>
10003772:	464e      	mov	r6, r9
10003774:	4645      	mov	r5, r8
10003776:	4657      	mov	r7, sl
10003778:	2300      	movs	r3, #0
1000377a:	706b      	strb	r3, [r5, #1]
1000377c:	e5ec      	b.n	10003358 <tud_task_ext+0x304>
1000377e:	464e      	mov	r6, r9
10003780:	4657      	mov	r7, sl
10003782:	f7ff fbd5 	bl	10002f30 <tud_mount_cb>
10003786:	e63e      	b.n	10003406 <tud_task_ext+0x3b2>
10003788:	4655      	mov	r5, sl
1000378a:	2254      	movs	r2, #84	@ 0x54
1000378c:	2100      	movs	r1, #0
1000378e:	0028      	movs	r0, r5
10003790:	f7fe fcca 	bl	10002128 <__wrap_memset>
10003794:	2210      	movs	r2, #16
10003796:	21ff      	movs	r1, #255	@ 0xff
10003798:	1d28      	adds	r0, r5, #4
1000379a:	f7fe fcc5 	bl	10002128 <__wrap_memset>
1000379e:	0028      	movs	r0, r5
100037a0:	2220      	movs	r2, #32
100037a2:	21ff      	movs	r1, #255	@ 0xff
100037a4:	3014      	adds	r0, #20
100037a6:	f7fe fcbf 	bl	10002128 <__wrap_memset>
100037aa:	9b03      	ldr	r3, [sp, #12]
100037ac:	70ab      	strb	r3, [r5, #2]
100037ae:	e657      	b.n	10003460 <tud_task_ext+0x40c>
100037b0:	4655      	mov	r5, sl
100037b2:	e7fa      	b.n	100037aa <tud_task_ext+0x756>
100037b4:	f7fe feaa 	bl	1000250c <tud_descriptor_bos_cb>
100037b8:	1e02      	subs	r2, r0, #0
100037ba:	d100      	bne.n	100037be <tud_task_ext+0x76a>
100037bc:	e5cc      	b.n	10003358 <tud_task_ext+0x304>
100037be:	78d3      	ldrb	r3, [r2, #3]
100037c0:	7891      	ldrb	r1, [r2, #2]
100037c2:	021b      	lsls	r3, r3, #8
100037c4:	430b      	orrs	r3, r1
100037c6:	4658      	mov	r0, fp
100037c8:	a90e      	add	r1, sp, #56	@ 0x38
100037ca:	f000 f90f 	bl	100039ec <tud_control_xfer>
100037ce:	e5d4      	b.n	1000337a <tud_task_ext+0x326>
100037d0:	4665      	mov	r5, ip
100037d2:	003b      	movs	r3, r7
100037d4:	002a      	movs	r2, r5
100037d6:	0031      	movs	r1, r6
100037d8:	980a      	ldr	r0, [sp, #40]	@ 0x28
100037da:	f000 fe7f 	bl	100044dc <tu_edpt_bind_driver>
100037de:	46ac      	mov	ip, r5
100037e0:	9b04      	ldr	r3, [sp, #16]
100037e2:	9a03      	ldr	r2, [sp, #12]
100037e4:	781b      	ldrb	r3, [r3, #0]
100037e6:	4466      	add	r6, ip
100037e8:	3301      	adds	r3, #1
100037ea:	4293      	cmp	r3, r2
100037ec:	db00      	blt.n	100037f0 <tud_task_ext+0x79c>
100037ee:	e66c      	b.n	100034ca <tud_task_ext+0x476>
100037f0:	e7bf      	b.n	10003772 <tud_task_ext+0x71e>
100037f2:	4b17      	ldr	r3, [pc, #92]	@ (10003850 <tud_task_ext+0x7fc>)
100037f4:	6929      	ldr	r1, [r5, #16]
100037f6:	4299      	cmp	r1, r3
100037f8:	d1ad      	bne.n	10003756 <tud_task_ext+0x702>
100037fa:	9a07      	ldr	r2, [sp, #28]
100037fc:	e7ab      	b.n	10003756 <tud_task_ext+0x702>
100037fe:	f7ff fb93 	bl	10002f28 <tud_descriptor_device_qualifier_cb>
10003802:	1e02      	subs	r2, r0, #0
10003804:	d100      	bne.n	10003808 <tud_task_ext+0x7b4>
10003806:	e5a7      	b.n	10003358 <tud_task_ext+0x304>
10003808:	4658      	mov	r0, fp
1000380a:	7813      	ldrb	r3, [r2, #0]
1000380c:	a90e      	add	r1, sp, #56	@ 0x38
1000380e:	f000 f8ed 	bl	100039ec <tud_control_xfer>
10003812:	e5b2      	b.n	1000337a <tud_task_ext+0x326>
10003814:	8921      	ldrh	r1, [r4, #8]
10003816:	f7ff f8c3 	bl	100029a0 <tud_descriptor_string_cb>
1000381a:	1e02      	subs	r2, r0, #0
1000381c:	d1f4      	bne.n	10003808 <tud_task_ext+0x7b4>
1000381e:	e59b      	b.n	10003358 <tud_task_ext+0x304>
10003820:	2a02      	cmp	r2, #2
10003822:	d00f      	beq.n	10003844 <tud_task_ext+0x7f0>
10003824:	f7ff fb82 	bl	10002f2c <tud_descriptor_other_speed_configuration_cb>
10003828:	1e02      	subs	r2, r0, #0
1000382a:	d1c8      	bne.n	100037be <tud_task_ext+0x76a>
1000382c:	e594      	b.n	10003358 <tud_task_ext+0x304>
1000382e:	f7ff f8af 	bl	10002990 <tud_descriptor_device_cb>
10003832:	1e02      	subs	r2, r0, #0
10003834:	d100      	bne.n	10003838 <tud_task_ext+0x7e4>
10003836:	e58f      	b.n	10003358 <tud_task_ext+0x304>
10003838:	2312      	movs	r3, #18
1000383a:	4658      	mov	r0, fp
1000383c:	a90e      	add	r1, sp, #56	@ 0x38
1000383e:	f000 f8d5 	bl	100039ec <tud_control_xfer>
10003842:	e59a      	b.n	1000337a <tud_task_ext+0x326>
10003844:	f7ff f8a8 	bl	10002998 <tud_descriptor_configuration_cb>
10003848:	1e02      	subs	r2, r0, #0
1000384a:	d1b8      	bne.n	100037be <tud_task_ext+0x76a>
1000384c:	e584      	b.n	10003358 <tud_task_ext+0x304>
1000384e:	46c0      	nop			@ (mov r8, r8)
10003850:	10003ea5 	.word	0x10003ea5

10003854 <usbd_open_edpt_pair>:
10003854:	b5f8      	push	{r3, r4, r5, r6, r7, lr}
10003856:	4657      	mov	r7, sl
10003858:	464e      	mov	r6, r9
1000385a:	46de      	mov	lr, fp
1000385c:	4645      	mov	r5, r8
1000385e:	000c      	movs	r4, r1
10003860:	b5e0      	push	{r5, r6, r7, lr}
10003862:	0016      	movs	r6, r2
10003864:	001f      	movs	r7, r3
10003866:	2a00      	cmp	r2, #0
10003868:	d03c      	beq.n	100038e4 <usbd_open_edpt_pair+0x90>
1000386a:	2370      	movs	r3, #112	@ 0x70
1000386c:	4698      	mov	r8, r3
1000386e:	4b1e      	ldr	r3, [pc, #120]	@ (100038e8 <usbd_open_edpt_pair+0x94>)
10003870:	2500      	movs	r5, #0
10003872:	469b      	mov	fp, r3
10003874:	4b1d      	ldr	r3, [pc, #116]	@ (100038ec <usbd_open_edpt_pair+0x98>)
10003876:	469a      	mov	sl, r3
10003878:	e01a      	b.n	100038b0 <usbd_open_edpt_pair+0x5c>
1000387a:	465b      	mov	r3, fp
1000387c:	781b      	ldrb	r3, [r3, #0]
1000387e:	0020      	movs	r0, r4
10003880:	4699      	mov	r9, r3
10003882:	4653      	mov	r3, sl
10003884:	7899      	ldrb	r1, [r3, #2]
10003886:	f000 fdeb 	bl	10004460 <tu_edpt_validate>
1000388a:	2800      	cmp	r0, #0
1000388c:	d01c      	beq.n	100038c8 <usbd_open_edpt_pair+0x74>
1000388e:	0021      	movs	r1, r4
10003890:	4648      	mov	r0, r9
10003892:	f7ff fa2f 	bl	10002cf4 <dcd_edpt_open>
10003896:	2800      	cmp	r0, #0
10003898:	d016      	beq.n	100038c8 <usbd_open_edpt_pair+0x74>
1000389a:	78a3      	ldrb	r3, [r4, #2]
1000389c:	09da      	lsrs	r2, r3, #7
1000389e:	2a01      	cmp	r2, #1
100038a0:	d019      	beq.n	100038d6 <usbd_open_edpt_pair+0x82>
100038a2:	9a0a      	ldr	r2, [sp, #40]	@ 0x28
100038a4:	3501      	adds	r5, #1
100038a6:	7013      	strb	r3, [r2, #0]
100038a8:	7823      	ldrb	r3, [r4, #0]
100038aa:	18e4      	adds	r4, r4, r3
100038ac:	42b5      	cmp	r5, r6
100038ae:	da19      	bge.n	100038e4 <usbd_open_edpt_pair+0x90>
100038b0:	7863      	ldrb	r3, [r4, #1]
100038b2:	2b05      	cmp	r3, #5
100038b4:	d108      	bne.n	100038c8 <usbd_open_edpt_pair+0x74>
100038b6:	78e3      	ldrb	r3, [r4, #3]
100038b8:	079b      	lsls	r3, r3, #30
100038ba:	0f9b      	lsrs	r3, r3, #30
100038bc:	42bb      	cmp	r3, r7
100038be:	d103      	bne.n	100038c8 <usbd_open_edpt_pair+0x74>
100038c0:	4642      	mov	r2, r8
100038c2:	78a3      	ldrb	r3, [r4, #2]
100038c4:	421a      	tst	r2, r3
100038c6:	d0d8      	beq.n	1000387a <usbd_open_edpt_pair+0x26>
100038c8:	2000      	movs	r0, #0
100038ca:	bcf0      	pop	{r4, r5, r6, r7}
100038cc:	46bb      	mov	fp, r7
100038ce:	46b2      	mov	sl, r6
100038d0:	46a9      	mov	r9, r5
100038d2:	46a0      	mov	r8, r4
100038d4:	bdf8      	pop	{r3, r4, r5, r6, r7, pc}
100038d6:	9a0b      	ldr	r2, [sp, #44]	@ 0x2c
100038d8:	3501      	adds	r5, #1
100038da:	7013      	strb	r3, [r2, #0]
100038dc:	7823      	ldrb	r3, [r4, #0]
100038de:	18e4      	adds	r4, r4, r3
100038e0:	42b5      	cmp	r5, r6
100038e2:	dbe5      	blt.n	100038b0 <usbd_open_edpt_pair+0x5c>
100038e4:	2001      	movs	r0, #1
100038e6:	e7f0      	b.n	100038ca <usbd_open_edpt_pair+0x76>
100038e8:	200010a4 	.word	0x200010a4
100038ec:	20001520 	.word	0x20001520

100038f0 <usbd_edpt_open>:
100038f0:	2270      	movs	r2, #112	@ 0x70
100038f2:	b570      	push	{r4, r5, r6, lr}
100038f4:	788b      	ldrb	r3, [r1, #2]
100038f6:	000c      	movs	r4, r1
100038f8:	421a      	tst	r2, r3
100038fa:	d001      	beq.n	10003900 <usbd_edpt_open+0x10>
100038fc:	2000      	movs	r0, #0
100038fe:	bd70      	pop	{r4, r5, r6, pc}
10003900:	4b06      	ldr	r3, [pc, #24]	@ (1000391c <usbd_edpt_open+0x2c>)
10003902:	0020      	movs	r0, r4
10003904:	781d      	ldrb	r5, [r3, #0]
10003906:	4b06      	ldr	r3, [pc, #24]	@ (10003920 <usbd_edpt_open+0x30>)
10003908:	7899      	ldrb	r1, [r3, #2]
1000390a:	f000 fda9 	bl	10004460 <tu_edpt_validate>
1000390e:	2800      	cmp	r0, #0
10003910:	d0f4      	beq.n	100038fc <usbd_edpt_open+0xc>
10003912:	0021      	movs	r1, r4
10003914:	0028      	movs	r0, r5
10003916:	f7ff f9ed 	bl	10002cf4 <dcd_edpt_open>
1000391a:	e7f0      	b.n	100038fe <usbd_edpt_open+0xe>
1000391c:	200010a4 	.word	0x200010a4
10003920:	20001520 	.word	0x20001520

10003924 <usbd_edpt_claim>:
10003924:	000b      	movs	r3, r1
10003926:	207f      	movs	r0, #127	@ 0x7f
10003928:	b510      	push	{r4, lr}
1000392a:	4018      	ands	r0, r3
1000392c:	09db      	lsrs	r3, r3, #7
1000392e:	3334      	adds	r3, #52	@ 0x34
10003930:	0040      	lsls	r0, r0, #1
10003932:	4a04      	ldr	r2, [pc, #16]	@ (10003944 <usbd_edpt_claim+0x20>)
10003934:	18c0      	adds	r0, r0, r3
10003936:	4b04      	ldr	r3, [pc, #16]	@ (10003948 <usbd_edpt_claim+0x24>)
10003938:	6811      	ldr	r1, [r2, #0]
1000393a:	18c0      	adds	r0, r0, r3
1000393c:	f000 fd4c 	bl	100043d8 <tu_edpt_claim>
10003940:	bd10      	pop	{r4, pc}
10003942:	46c0      	nop			@ (mov r8, r8)
10003944:	20001574 	.word	0x20001574
10003948:	20001520 	.word	0x20001520

1000394c <usbd_edpt_release>:
1000394c:	000b      	movs	r3, r1
1000394e:	207f      	movs	r0, #127	@ 0x7f
10003950:	b510      	push	{r4, lr}
10003952:	4018      	ands	r0, r3
10003954:	09db      	lsrs	r3, r3, #7
10003956:	3334      	adds	r3, #52	@ 0x34
10003958:	0040      	lsls	r0, r0, #1
1000395a:	4a04      	ldr	r2, [pc, #16]	@ (1000396c <usbd_edpt_release+0x20>)
1000395c:	18c0      	adds	r0, r0, r3
1000395e:	4b04      	ldr	r3, [pc, #16]	@ (10003970 <usbd_edpt_release+0x24>)
10003960:	6811      	ldr	r1, [r2, #0]
10003962:	18c0      	adds	r0, r0, r3
10003964:	f000 fd60 	bl	10004428 <tu_edpt_release>
10003968:	bd10      	pop	{r4, pc}
1000396a:	46c0      	nop			@ (mov r8, r8)
1000396c:	20001574 	.word	0x20001574
10003970:	20001520 	.word	0x20001520

10003974 <usbd_edpt_xfer>:
10003974:	b570      	push	{r4, r5, r6, lr}
10003976:	247f      	movs	r4, #127	@ 0x7f
10003978:	480f      	ldr	r0, [pc, #60]	@ (100039b8 <usbd_edpt_xfer+0x44>)
1000397a:	400c      	ands	r4, r1
1000397c:	0064      	lsls	r4, r4, #1
1000397e:	1904      	adds	r4, r0, r4
10003980:	09cd      	lsrs	r5, r1, #7
10003982:	1964      	adds	r4, r4, r5
10003984:	3430      	adds	r4, #48	@ 0x30
10003986:	7920      	ldrb	r0, [r4, #4]
10003988:	07c0      	lsls	r0, r0, #31
1000398a:	d501      	bpl.n	10003990 <usbd_edpt_xfer+0x1c>
1000398c:	2000      	movs	r0, #0
1000398e:	bd70      	pop	{r4, r5, r6, pc}
10003990:	2601      	movs	r6, #1
10003992:	7925      	ldrb	r5, [r4, #4]
10003994:	4809      	ldr	r0, [pc, #36]	@ (100039bc <usbd_edpt_xfer+0x48>)
10003996:	4335      	orrs	r5, r6
10003998:	7800      	ldrb	r0, [r0, #0]
1000399a:	7125      	strb	r5, [r4, #4]
1000399c:	f7ff fa38 	bl	10002e10 <dcd_edpt_xfer>
100039a0:	2800      	cmp	r0, #0
100039a2:	d1f4      	bne.n	1000398e <usbd_edpt_xfer+0x1a>
100039a4:	2201      	movs	r2, #1
100039a6:	7923      	ldrb	r3, [r4, #4]
100039a8:	4393      	bics	r3, r2
100039aa:	7123      	strb	r3, [r4, #4]
100039ac:	7923      	ldrb	r3, [r4, #4]
100039ae:	3203      	adds	r2, #3
100039b0:	4393      	bics	r3, r2
100039b2:	7123      	strb	r3, [r4, #4]
100039b4:	e7ea      	b.n	1000398c <usbd_edpt_xfer+0x18>
100039b6:	46c0      	nop			@ (mov r8, r8)
100039b8:	20001520 	.word	0x20001520
100039bc:	200010a4 	.word	0x200010a4

100039c0 <tud_control_status>:
100039c0:	b570      	push	{r4, r5, r6, lr}
100039c2:	4c09      	ldr	r4, [pc, #36]	@ (100039e8 <tud_control_status+0x28>)
100039c4:	0006      	movs	r6, r0
100039c6:	2208      	movs	r2, #8
100039c8:	0020      	movs	r0, r4
100039ca:	000d      	movs	r5, r1
100039cc:	f7fe fbb2 	bl	10002134 <__wrap___aeabi_memcpy>
100039d0:	2300      	movs	r3, #0
100039d2:	2180      	movs	r1, #128	@ 0x80
100039d4:	60e3      	str	r3, [r4, #12]
100039d6:	60a3      	str	r3, [r4, #8]
100039d8:	782b      	ldrb	r3, [r5, #0]
100039da:	0030      	movs	r0, r6
100039dc:	4399      	bics	r1, r3
100039de:	2200      	movs	r2, #0
100039e0:	2300      	movs	r3, #0
100039e2:	f7ff ffc7 	bl	10003974 <usbd_edpt_xfer>
100039e6:	bd70      	pop	{r4, r5, r6, pc}
100039e8:	20001500 	.word	0x20001500

100039ec <tud_control_xfer>:
100039ec:	b5f8      	push	{r3, r4, r5, r6, r7, lr}
100039ee:	46ce      	mov	lr, r9
100039f0:	4647      	mov	r7, r8
100039f2:	4690      	mov	r8, r2
100039f4:	4e25      	ldr	r6, [pc, #148]	@ (10003a8c <tud_control_xfer+0xa0>)
100039f6:	b580      	push	{r7, lr}
100039f8:	4681      	mov	r9, r0
100039fa:	2208      	movs	r2, #8
100039fc:	0030      	movs	r0, r6
100039fe:	000d      	movs	r5, r1
10003a00:	001f      	movs	r7, r3
10003a02:	f7fe fb97 	bl	10002134 <__wrap___aeabi_memcpy>
10003a06:	4643      	mov	r3, r8
10003a08:	60b3      	str	r3, [r6, #8]
10003a0a:	2300      	movs	r3, #0
10003a0c:	81f3      	strh	r3, [r6, #14]
10003a0e:	79ec      	ldrb	r4, [r5, #7]
10003a10:	79ab      	ldrb	r3, [r5, #6]
10003a12:	0224      	lsls	r4, r4, #8
10003a14:	431c      	orrs	r4, r3
10003a16:	1c23      	adds	r3, r4, #0
10003a18:	42bc      	cmp	r4, r7
10003a1a:	d900      	bls.n	10003a1e <tud_control_xfer+0x32>
10003a1c:	1c3b      	adds	r3, r7, #0
10003a1e:	b29f      	uxth	r7, r3
10003a20:	81b3      	strh	r3, [r6, #12]
10003a22:	2c00      	cmp	r4, #0
10003a24:	d00d      	beq.n	10003a42 <tud_control_xfer+0x56>
10003a26:	2f00      	cmp	r7, #0
10003a28:	d017      	beq.n	10003a5a <tud_control_xfer+0x6e>
10003a2a:	4642      	mov	r2, r8
10003a2c:	2a00      	cmp	r2, #0
10003a2e:	d02b      	beq.n	10003a88 <tud_control_xfer+0x9c>
10003a30:	2f40      	cmp	r7, #64	@ 0x40
10003a32:	d81b      	bhi.n	10003a6c <tud_control_xfer+0x80>
10003a34:	b29f      	uxth	r7, r3
10003a36:	7833      	ldrb	r3, [r6, #0]
10003a38:	2b7f      	cmp	r3, #127	@ 0x7f
10003a3a:	d81c      	bhi.n	10003a76 <tud_control_xfer+0x8a>
10003a3c:	2100      	movs	r1, #0
10003a3e:	4a14      	ldr	r2, [pc, #80]	@ (10003a90 <tud_control_xfer+0xa4>)
10003a40:	e00f      	b.n	10003a62 <tud_control_xfer+0x76>
10003a42:	2180      	movs	r1, #128	@ 0x80
10003a44:	782b      	ldrb	r3, [r5, #0]
10003a46:	2200      	movs	r2, #0
10003a48:	4399      	bics	r1, r3
10003a4a:	4648      	mov	r0, r9
10003a4c:	2300      	movs	r3, #0
10003a4e:	f7ff ff91 	bl	10003974 <usbd_edpt_xfer>
10003a52:	bcc0      	pop	{r6, r7}
10003a54:	46b9      	mov	r9, r7
10003a56:	46b0      	mov	r8, r6
10003a58:	bdf8      	pop	{r3, r4, r5, r6, r7, pc}
10003a5a:	237f      	movs	r3, #127	@ 0x7f
10003a5c:	2200      	movs	r2, #0
10003a5e:	7831      	ldrb	r1, [r6, #0]
10003a60:	4399      	bics	r1, r3
10003a62:	003b      	movs	r3, r7
10003a64:	4648      	mov	r0, r9
10003a66:	f7ff ff85 	bl	10003974 <usbd_edpt_xfer>
10003a6a:	e7f2      	b.n	10003a52 <tud_control_xfer+0x66>
10003a6c:	2340      	movs	r3, #64	@ 0x40
10003a6e:	b29f      	uxth	r7, r3
10003a70:	7833      	ldrb	r3, [r6, #0]
10003a72:	2b7f      	cmp	r3, #127	@ 0x7f
10003a74:	d9e2      	bls.n	10003a3c <tud_control_xfer+0x50>
10003a76:	4c06      	ldr	r4, [pc, #24]	@ (10003a90 <tud_control_xfer+0xa4>)
10003a78:	003a      	movs	r2, r7
10003a7a:	4641      	mov	r1, r8
10003a7c:	0020      	movs	r0, r4
10003a7e:	f7fe fb59 	bl	10002134 <__wrap___aeabi_memcpy>
10003a82:	2180      	movs	r1, #128	@ 0x80
10003a84:	0022      	movs	r2, r4
10003a86:	e7ec      	b.n	10003a62 <tud_control_xfer+0x76>
10003a88:	2000      	movs	r0, #0
10003a8a:	e7e2      	b.n	10003a52 <tud_control_xfer+0x66>
10003a8c:	20001500 	.word	0x20001500
10003a90:	200014c0 	.word	0x200014c0

10003a94 <usbd_control_reset>:
10003a94:	b510      	push	{r4, lr}
10003a96:	2214      	movs	r2, #20
10003a98:	2100      	movs	r1, #0
10003a9a:	4802      	ldr	r0, [pc, #8]	@ (10003aa4 <usbd_control_reset+0x10>)
10003a9c:	f7fe fb44 	bl	10002128 <__wrap_memset>
10003aa0:	bd10      	pop	{r4, pc}
10003aa2:	46c0      	nop			@ (mov r8, r8)
10003aa4:	20001500 	.word	0x20001500

10003aa8 <usbd_control_set_complete_callback>:
10003aa8:	4b01      	ldr	r3, [pc, #4]	@ (10003ab0 <usbd_control_set_complete_callback+0x8>)
10003aaa:	6118      	str	r0, [r3, #16]
10003aac:	4770      	bx	lr
10003aae:	46c0      	nop			@ (mov r8, r8)
10003ab0:	20001500 	.word	0x20001500

10003ab4 <usbd_control_set_request>:
10003ab4:	b510      	push	{r4, lr}
10003ab6:	4c05      	ldr	r4, [pc, #20]	@ (10003acc <usbd_control_set_request+0x18>)
10003ab8:	0001      	movs	r1, r0
10003aba:	2208      	movs	r2, #8
10003abc:	0020      	movs	r0, r4
10003abe:	f7fe fb39 	bl	10002134 <__wrap___aeabi_memcpy>
10003ac2:	2300      	movs	r3, #0
10003ac4:	60a3      	str	r3, [r4, #8]
10003ac6:	60e3      	str	r3, [r4, #12]
10003ac8:	bd10      	pop	{r4, pc}
10003aca:	46c0      	nop			@ (mov r8, r8)
10003acc:	20001500 	.word	0x20001500

10003ad0 <usbd_control_xfer_cb>:
10003ad0:	b570      	push	{r4, r5, r6, lr}
10003ad2:	4c38      	ldr	r4, [pc, #224]	@ (10003bb4 <usbd_control_xfer_cb+0xe4>)
10003ad4:	001d      	movs	r5, r3
10003ad6:	7823      	ldrb	r3, [r4, #0]
10003ad8:	0006      	movs	r6, r0
10003ada:	09da      	lsrs	r2, r3, #7
10003adc:	09c9      	lsrs	r1, r1, #7
10003ade:	428a      	cmp	r2, r1
10003ae0:	d010      	beq.n	10003b04 <usbd_control_xfer_cb+0x34>
10003ae2:	2000      	movs	r0, #0
10003ae4:	2d00      	cmp	r5, #0
10003ae6:	d000      	beq.n	10003aea <usbd_control_xfer_cb+0x1a>
10003ae8:	bd70      	pop	{r4, r5, r6, pc}
10003aea:	0021      	movs	r1, r4
10003aec:	0030      	movs	r0, r6
10003aee:	f7ff f8f3 	bl	10002cd8 <dcd_edpt0_status_complete>
10003af2:	6923      	ldr	r3, [r4, #16]
10003af4:	2b00      	cmp	r3, #0
10003af6:	d003      	beq.n	10003b00 <usbd_control_xfer_cb+0x30>
10003af8:	0022      	movs	r2, r4
10003afa:	2103      	movs	r1, #3
10003afc:	0030      	movs	r0, r6
10003afe:	4798      	blx	r3
10003b00:	2001      	movs	r0, #1
10003b02:	e7f1      	b.n	10003ae8 <usbd_control_xfer_cb+0x18>
10003b04:	2b7f      	cmp	r3, #127	@ 0x7f
10003b06:	d806      	bhi.n	10003b16 <usbd_control_xfer_cb+0x46>
10003b08:	68a0      	ldr	r0, [r4, #8]
10003b0a:	2800      	cmp	r0, #0
10003b0c:	d034      	beq.n	10003b78 <usbd_control_xfer_cb+0xa8>
10003b0e:	002a      	movs	r2, r5
10003b10:	4929      	ldr	r1, [pc, #164]	@ (10003bb8 <usbd_control_xfer_cb+0xe8>)
10003b12:	f7fe fb0f 	bl	10002134 <__wrap___aeabi_memcpy>
10003b16:	89e2      	ldrh	r2, [r4, #14]
10003b18:	68a1      	ldr	r1, [r4, #8]
10003b1a:	1952      	adds	r2, r2, r5
10003b1c:	88e3      	ldrh	r3, [r4, #6]
10003b1e:	b292      	uxth	r2, r2
10003b20:	1949      	adds	r1, r1, r5
10003b22:	81e2      	strh	r2, [r4, #14]
10003b24:	60a1      	str	r1, [r4, #8]
10003b26:	4293      	cmp	r3, r2
10003b28:	d014      	beq.n	10003b54 <usbd_control_xfer_cb+0x84>
10003b2a:	2d3f      	cmp	r5, #63	@ 0x3f
10003b2c:	d912      	bls.n	10003b54 <usbd_control_xfer_cb+0x84>
10003b2e:	89a3      	ldrh	r3, [r4, #12]
10003b30:	1a98      	subs	r0, r3, r2
10003b32:	1c05      	adds	r5, r0, #0
10003b34:	b280      	uxth	r0, r0
10003b36:	2840      	cmp	r0, #64	@ 0x40
10003b38:	d82a      	bhi.n	10003b90 <usbd_control_xfer_cb+0xc0>
10003b3a:	7820      	ldrb	r0, [r4, #0]
10003b3c:	b2ad      	uxth	r5, r5
10003b3e:	287f      	cmp	r0, #127	@ 0x7f
10003b40:	d828      	bhi.n	10003b94 <usbd_control_xfer_cb+0xc4>
10003b42:	2100      	movs	r1, #0
10003b44:	429a      	cmp	r2, r3
10003b46:	d032      	beq.n	10003bae <usbd_control_xfer_cb+0xde>
10003b48:	4a1b      	ldr	r2, [pc, #108]	@ (10003bb8 <usbd_control_xfer_cb+0xe8>)
10003b4a:	002b      	movs	r3, r5
10003b4c:	0030      	movs	r0, r6
10003b4e:	f7ff ff11 	bl	10003974 <usbd_edpt_xfer>
10003b52:	e7c9      	b.n	10003ae8 <usbd_control_xfer_cb+0x18>
10003b54:	6923      	ldr	r3, [r4, #16]
10003b56:	2b00      	cmp	r3, #0
10003b58:	d005      	beq.n	10003b66 <usbd_control_xfer_cb+0x96>
10003b5a:	0022      	movs	r2, r4
10003b5c:	2102      	movs	r1, #2
10003b5e:	0030      	movs	r0, r6
10003b60:	4798      	blx	r3
10003b62:	2800      	cmp	r0, #0
10003b64:	d00a      	beq.n	10003b7c <usbd_control_xfer_cb+0xac>
10003b66:	2180      	movs	r1, #128	@ 0x80
10003b68:	7823      	ldrb	r3, [r4, #0]
10003b6a:	2200      	movs	r2, #0
10003b6c:	4399      	bics	r1, r3
10003b6e:	0030      	movs	r0, r6
10003b70:	2300      	movs	r3, #0
10003b72:	f7ff feff 	bl	10003974 <usbd_edpt_xfer>
10003b76:	e7b7      	b.n	10003ae8 <usbd_control_xfer_cb+0x18>
10003b78:	2000      	movs	r0, #0
10003b7a:	e7b5      	b.n	10003ae8 <usbd_control_xfer_cb+0x18>
10003b7c:	2100      	movs	r1, #0
10003b7e:	0030      	movs	r0, r6
10003b80:	f7ff f958 	bl	10002e34 <dcd_edpt_stall>
10003b84:	0030      	movs	r0, r6
10003b86:	2180      	movs	r1, #128	@ 0x80
10003b88:	f7ff f954 	bl	10002e34 <dcd_edpt_stall>
10003b8c:	2001      	movs	r0, #1
10003b8e:	e7ab      	b.n	10003ae8 <usbd_control_xfer_cb+0x18>
10003b90:	2540      	movs	r5, #64	@ 0x40
10003b92:	e7d2      	b.n	10003b3a <usbd_control_xfer_cb+0x6a>
10003b94:	429a      	cmp	r2, r3
10003b96:	d007      	beq.n	10003ba8 <usbd_control_xfer_cb+0xd8>
10003b98:	4c07      	ldr	r4, [pc, #28]	@ (10003bb8 <usbd_control_xfer_cb+0xe8>)
10003b9a:	002a      	movs	r2, r5
10003b9c:	0020      	movs	r0, r4
10003b9e:	f7fe fac9 	bl	10002134 <__wrap___aeabi_memcpy>
10003ba2:	2180      	movs	r1, #128	@ 0x80
10003ba4:	0022      	movs	r2, r4
10003ba6:	e7d0      	b.n	10003b4a <usbd_control_xfer_cb+0x7a>
10003ba8:	2180      	movs	r1, #128	@ 0x80
10003baa:	2200      	movs	r2, #0
10003bac:	e7cd      	b.n	10003b4a <usbd_control_xfer_cb+0x7a>
10003bae:	2200      	movs	r2, #0
10003bb0:	e7cb      	b.n	10003b4a <usbd_control_xfer_cb+0x7a>
10003bb2:	46c0      	nop			@ (mov r8, r8)
10003bb4:	20001500 	.word	0x20001500
10003bb8:	200014c0 	.word	0x200014c0

10003bbc <_prep_out_transaction.isra.0>:
10003bbc:	b570      	push	{r4, r5, r6, lr}
10003bbe:	0004      	movs	r4, r0
10003bc0:	f7ff f9be 	bl	10002f40 <tud_mounted>
10003bc4:	2800      	cmp	r0, #0
10003bc6:	d100      	bne.n	10003bca <_prep_out_transaction.isra.0+0xe>
10003bc8:	bd70      	pop	{r4, r5, r6, pc}
10003bca:	f7ff f9c1 	bl	10002f50 <tud_suspended>
10003bce:	2800      	cmp	r0, #0
10003bd0:	d1fa      	bne.n	10003bc8 <_prep_out_transaction.isra.0+0xc>
10003bd2:	23c8      	movs	r3, #200	@ 0xc8
10003bd4:	4363      	muls	r3, r4
10003bd6:	4d12      	ldr	r5, [pc, #72]	@ (10003c20 <_prep_out_transaction.isra.0+0x64>)
10003bd8:	18ee      	adds	r6, r5, r3
10003bda:	78f1      	ldrb	r1, [r6, #3]
10003bdc:	2900      	cmp	r1, #0
10003bde:	d0f3      	beq.n	10003bc8 <_prep_out_transaction.isra.0+0xc>
10003be0:	3310      	adds	r3, #16
10003be2:	195d      	adds	r5, r3, r5
10003be4:	0028      	movs	r0, r5
10003be6:	f000 fdf3 	bl	100047d0 <tu_fifo_remaining>
10003bea:	283f      	cmp	r0, #63	@ 0x3f
10003bec:	d9ec      	bls.n	10003bc8 <_prep_out_transaction.isra.0+0xc>
10003bee:	2000      	movs	r0, #0
10003bf0:	78f1      	ldrb	r1, [r6, #3]
10003bf2:	f7ff fe97 	bl	10003924 <usbd_edpt_claim>
10003bf6:	2800      	cmp	r0, #0
10003bf8:	d0e6      	beq.n	10003bc8 <_prep_out_transaction.isra.0+0xc>
10003bfa:	0028      	movs	r0, r5
10003bfc:	f000 fde8 	bl	100047d0 <tu_fifo_remaining>
10003c00:	78f1      	ldrb	r1, [r6, #3]
10003c02:	283f      	cmp	r0, #63	@ 0x3f
10003c04:	d907      	bls.n	10003c16 <_prep_out_transaction.isra.0+0x5a>
10003c06:	4b07      	ldr	r3, [pc, #28]	@ (10003c24 <_prep_out_transaction.isra.0+0x68>)
10003c08:	01e2      	lsls	r2, r4, #7
10003c0a:	18d2      	adds	r2, r2, r3
10003c0c:	2000      	movs	r0, #0
10003c0e:	2340      	movs	r3, #64	@ 0x40
10003c10:	f7ff feb0 	bl	10003974 <usbd_edpt_xfer>
10003c14:	e7d8      	b.n	10003bc8 <_prep_out_transaction.isra.0+0xc>
10003c16:	2000      	movs	r0, #0
10003c18:	f7ff fe98 	bl	1000394c <usbd_edpt_release>
10003c1c:	e7d4      	b.n	10003bc8 <_prep_out_transaction.isra.0+0xc>
10003c1e:	46c0      	nop			@ (mov r8, r8)
10003c20:	200013f8 	.word	0x200013f8
10003c24:	20001374 	.word	0x20001374

10003c28 <tud_cdc_n_connected>:
10003c28:	b510      	push	{r4, lr}
10003c2a:	0004      	movs	r4, r0
10003c2c:	f7ff f988 	bl	10002f40 <tud_mounted>
10003c30:	2800      	cmp	r0, #0
10003c32:	d101      	bne.n	10003c38 <tud_cdc_n_connected+0x10>
10003c34:	2000      	movs	r0, #0
10003c36:	bd10      	pop	{r4, pc}
10003c38:	f7ff f98a 	bl	10002f50 <tud_suspended>
10003c3c:	2800      	cmp	r0, #0
10003c3e:	d1f9      	bne.n	10003c34 <tud_cdc_n_connected+0xc>
10003c40:	22c8      	movs	r2, #200	@ 0xc8
10003c42:	4362      	muls	r2, r4
10003c44:	4b02      	ldr	r3, [pc, #8]	@ (10003c50 <tud_cdc_n_connected+0x28>)
10003c46:	3001      	adds	r0, #1
10003c48:	189b      	adds	r3, r3, r2
10003c4a:	791b      	ldrb	r3, [r3, #4]
10003c4c:	4018      	ands	r0, r3
10003c4e:	e7f2      	b.n	10003c36 <tud_cdc_n_connected+0xe>
10003c50:	200013f8 	.word	0x200013f8

10003c54 <tud_cdc_n_available>:
10003c54:	23c8      	movs	r3, #200	@ 0xc8
10003c56:	b510      	push	{r4, lr}
10003c58:	4343      	muls	r3, r0
10003c5a:	4802      	ldr	r0, [pc, #8]	@ (10003c64 <tud_cdc_n_available+0x10>)
10003c5c:	1818      	adds	r0, r3, r0
10003c5e:	f000 fd99 	bl	10004794 <tu_fifo_count>
10003c62:	bd10      	pop	{r4, pc}
10003c64:	20001408 	.word	0x20001408

10003c68 <tud_cdc_n_read>:
10003c68:	b5f8      	push	{r3, r4, r5, r6, r7, lr}
10003c6a:	24c8      	movs	r4, #200	@ 0xc8
10003c6c:	2380      	movs	r3, #128	@ 0x80
10003c6e:	4344      	muls	r4, r0
10003c70:	4f1c      	ldr	r7, [pc, #112]	@ (10003ce4 <tud_cdc_n_read+0x7c>)
10003c72:	3410      	adds	r4, #16
10003c74:	0005      	movs	r5, r0
10003c76:	193c      	adds	r4, r7, r4
10003c78:	025b      	lsls	r3, r3, #9
10003c7a:	429a      	cmp	r2, r3
10003c7c:	d300      	bcc.n	10003c80 <tud_cdc_n_read+0x18>
10003c7e:	4a1a      	ldr	r2, [pc, #104]	@ (10003ce8 <tud_cdc_n_read+0x80>)
10003c80:	0020      	movs	r0, r4
10003c82:	b292      	uxth	r2, r2
10003c84:	f000 fe08 	bl	10004898 <tu_fifo_read_n>
10003c88:	0006      	movs	r6, r0
10003c8a:	f7ff f959 	bl	10002f40 <tud_mounted>
10003c8e:	2800      	cmp	r0, #0
10003c90:	d101      	bne.n	10003c96 <tud_cdc_n_read+0x2e>
10003c92:	0030      	movs	r0, r6
10003c94:	bdf8      	pop	{r3, r4, r5, r6, r7, pc}
10003c96:	f7ff f95b 	bl	10002f50 <tud_suspended>
10003c9a:	2800      	cmp	r0, #0
10003c9c:	d1f9      	bne.n	10003c92 <tud_cdc_n_read+0x2a>
10003c9e:	23c8      	movs	r3, #200	@ 0xc8
10003ca0:	436b      	muls	r3, r5
10003ca2:	18ff      	adds	r7, r7, r3
10003ca4:	78fb      	ldrb	r3, [r7, #3]
10003ca6:	2b00      	cmp	r3, #0
10003ca8:	d0f3      	beq.n	10003c92 <tud_cdc_n_read+0x2a>
10003caa:	0020      	movs	r0, r4
10003cac:	f000 fd90 	bl	100047d0 <tu_fifo_remaining>
10003cb0:	283f      	cmp	r0, #63	@ 0x3f
10003cb2:	d9ee      	bls.n	10003c92 <tud_cdc_n_read+0x2a>
10003cb4:	2000      	movs	r0, #0
10003cb6:	78f9      	ldrb	r1, [r7, #3]
10003cb8:	f7ff fe34 	bl	10003924 <usbd_edpt_claim>
10003cbc:	2800      	cmp	r0, #0
10003cbe:	d0e8      	beq.n	10003c92 <tud_cdc_n_read+0x2a>
10003cc0:	0020      	movs	r0, r4
10003cc2:	f000 fd85 	bl	100047d0 <tu_fifo_remaining>
10003cc6:	78f9      	ldrb	r1, [r7, #3]
10003cc8:	283f      	cmp	r0, #63	@ 0x3f
10003cca:	d907      	bls.n	10003cdc <tud_cdc_n_read+0x74>
10003ccc:	4b07      	ldr	r3, [pc, #28]	@ (10003cec <tud_cdc_n_read+0x84>)
10003cce:	01ea      	lsls	r2, r5, #7
10003cd0:	18d2      	adds	r2, r2, r3
10003cd2:	2000      	movs	r0, #0
10003cd4:	2340      	movs	r3, #64	@ 0x40
10003cd6:	f7ff fe4d 	bl	10003974 <usbd_edpt_xfer>
10003cda:	e7da      	b.n	10003c92 <tud_cdc_n_read+0x2a>
10003cdc:	2000      	movs	r0, #0
10003cde:	f7ff fe35 	bl	1000394c <usbd_edpt_release>
10003ce2:	e7d6      	b.n	10003c92 <tud_cdc_n_read+0x2a>
10003ce4:	200013f8 	.word	0x200013f8
10003ce8:	0000ffff 	.word	0x0000ffff
10003cec:	20001374 	.word	0x20001374

10003cf0 <tud_cdc_n_write_flush>:
10003cf0:	b5f8      	push	{r3, r4, r5, r6, r7, lr}
10003cf2:	0004      	movs	r4, r0
10003cf4:	f7ff f924 	bl	10002f40 <tud_mounted>
10003cf8:	2800      	cmp	r0, #0
10003cfa:	d101      	bne.n	10003d00 <tud_cdc_n_write_flush+0x10>
10003cfc:	2000      	movs	r0, #0
10003cfe:	bdf8      	pop	{r3, r4, r5, r6, r7, pc}
10003d00:	f7ff f926 	bl	10002f50 <tud_suspended>
10003d04:	2800      	cmp	r0, #0
10003d06:	d1f9      	bne.n	10003cfc <tud_cdc_n_write_flush+0xc>
10003d08:	25c8      	movs	r5, #200	@ 0xc8
10003d0a:	4365      	muls	r5, r4
10003d0c:	002e      	movs	r6, r5
10003d0e:	4f13      	ldr	r7, [pc, #76]	@ (10003d5c <tud_cdc_n_write_flush+0x6c>)
10003d10:	3624      	adds	r6, #36	@ 0x24
10003d12:	19f6      	adds	r6, r6, r7
10003d14:	0030      	movs	r0, r6
10003d16:	f000 fd3d 	bl	10004794 <tu_fifo_count>
10003d1a:	2800      	cmp	r0, #0
10003d1c:	d0ee      	beq.n	10003cfc <tud_cdc_n_write_flush+0xc>
10003d1e:	197f      	adds	r7, r7, r5
10003d20:	2000      	movs	r0, #0
10003d22:	78b9      	ldrb	r1, [r7, #2]
10003d24:	f7ff fdfe 	bl	10003924 <usbd_edpt_claim>
10003d28:	2800      	cmp	r0, #0
10003d2a:	d0e7      	beq.n	10003cfc <tud_cdc_n_write_flush+0xc>
10003d2c:	4d0c      	ldr	r5, [pc, #48]	@ (10003d60 <tud_cdc_n_write_flush+0x70>)
10003d2e:	01e4      	lsls	r4, r4, #7
10003d30:	1965      	adds	r5, r4, r5
10003d32:	0029      	movs	r1, r5
10003d34:	2240      	movs	r2, #64	@ 0x40
10003d36:	0030      	movs	r0, r6
10003d38:	f000 fdae 	bl	10004898 <tu_fifo_read_n>
10003d3c:	78b9      	ldrb	r1, [r7, #2]
10003d3e:	1e04      	subs	r4, r0, #0
10003d40:	d008      	beq.n	10003d54 <tud_cdc_n_write_flush+0x64>
10003d42:	0003      	movs	r3, r0
10003d44:	002a      	movs	r2, r5
10003d46:	2000      	movs	r0, #0
10003d48:	f7ff fe14 	bl	10003974 <usbd_edpt_xfer>
10003d4c:	2800      	cmp	r0, #0
10003d4e:	d0d5      	beq.n	10003cfc <tud_cdc_n_write_flush+0xc>
10003d50:	0020      	movs	r0, r4
10003d52:	e7d4      	b.n	10003cfe <tud_cdc_n_write_flush+0xe>
10003d54:	2000      	movs	r0, #0
10003d56:	f7ff fdf9 	bl	1000394c <usbd_edpt_release>
10003d5a:	e7cf      	b.n	10003cfc <tud_cdc_n_write_flush+0xc>
10003d5c:	200013f8 	.word	0x200013f8
10003d60:	200013b4 	.word	0x200013b4

10003d64 <tud_cdc_n_write>:
10003d64:	b570      	push	{r4, r5, r6, lr}
10003d66:	24c8      	movs	r4, #200	@ 0xc8
10003d68:	4344      	muls	r4, r0
10003d6a:	4b0c      	ldr	r3, [pc, #48]	@ (10003d9c <tud_cdc_n_write+0x38>)
10003d6c:	0005      	movs	r5, r0
10003d6e:	18e4      	adds	r4, r4, r3
10003d70:	2380      	movs	r3, #128	@ 0x80
10003d72:	025b      	lsls	r3, r3, #9
10003d74:	429a      	cmp	r2, r3
10003d76:	d300      	bcc.n	10003d7a <tud_cdc_n_write+0x16>
10003d78:	4a09      	ldr	r2, [pc, #36]	@ (10003da0 <tud_cdc_n_write+0x3c>)
10003d7a:	0020      	movs	r0, r4
10003d7c:	b292      	uxth	r2, r2
10003d7e:	f000 fe51 	bl	10004a24 <tu_fifo_write_n>
10003d82:	0006      	movs	r6, r0
10003d84:	0020      	movs	r0, r4
10003d86:	f000 fd05 	bl	10004794 <tu_fifo_count>
10003d8a:	283f      	cmp	r0, #63	@ 0x3f
10003d8c:	d801      	bhi.n	10003d92 <tud_cdc_n_write+0x2e>
10003d8e:	0030      	movs	r0, r6
10003d90:	bd70      	pop	{r4, r5, r6, pc}
10003d92:	0028      	movs	r0, r5
10003d94:	f7ff ffac 	bl	10003cf0 <tud_cdc_n_write_flush>
10003d98:	e7f9      	b.n	10003d8e <tud_cdc_n_write+0x2a>
10003d9a:	46c0      	nop			@ (mov r8, r8)
10003d9c:	2000141c 	.word	0x2000141c
10003da0:	0000ffff 	.word	0x0000ffff

10003da4 <tud_cdc_n_write_available>:
10003da4:	23c8      	movs	r3, #200	@ 0xc8
10003da6:	b510      	push	{r4, lr}
10003da8:	4343      	muls	r3, r0
10003daa:	4802      	ldr	r0, [pc, #8]	@ (10003db4 <tud_cdc_n_write_available+0x10>)
10003dac:	1818      	adds	r0, r3, r0
10003dae:	f000 fd0f 	bl	100047d0 <tu_fifo_remaining>
10003db2:	bd10      	pop	{r4, pc}
10003db4:	2000141c 	.word	0x2000141c

10003db8 <cdcd_init>:
10003db8:	b5f0      	push	{r4, r5, r6, r7, lr}
10003dba:	2500      	movs	r5, #0
10003dbc:	4c18      	ldr	r4, [pc, #96]	@ (10003e20 <cdcd_init+0x68>)
10003dbe:	b083      	sub	sp, #12
10003dc0:	22c8      	movs	r2, #200	@ 0xc8
10003dc2:	2100      	movs	r1, #0
10003dc4:	0020      	movs	r0, r4
10003dc6:	f7fe f9af 	bl	10002128 <__wrap_memset>
10003dca:	4b16      	ldr	r3, [pc, #88]	@ (10003e24 <cdcd_init+0x6c>)
10003dcc:	0021      	movs	r1, r4
10003dce:	701d      	strb	r5, [r3, #0]
10003dd0:	23ff      	movs	r3, #255	@ 0xff
10003dd2:	7163      	strb	r3, [r4, #5]
10003dd4:	23e1      	movs	r3, #225	@ 0xe1
10003dd6:	025b      	lsls	r3, r3, #9
10003dd8:	60a3      	str	r3, [r4, #8]
10003dda:	0020      	movs	r0, r4
10003ddc:	2308      	movs	r3, #8
10003dde:	2240      	movs	r2, #64	@ 0x40
10003de0:	73a3      	strb	r3, [r4, #14]
10003de2:	3138      	adds	r1, #56	@ 0x38
10003de4:	9500      	str	r5, [sp, #0]
10003de6:	3b07      	subs	r3, #7
10003de8:	3010      	adds	r0, #16
10003dea:	f000 fc9d 	bl	10004728 <tu_fifo_config>
10003dee:	0027      	movs	r7, r4
10003df0:	2301      	movs	r3, #1
10003df2:	0021      	movs	r1, r4
10003df4:	0020      	movs	r0, r4
10003df6:	0026      	movs	r6, r4
10003df8:	2240      	movs	r2, #64	@ 0x40
10003dfa:	3178      	adds	r1, #120	@ 0x78
10003dfc:	9300      	str	r3, [sp, #0]
10003dfe:	37b8      	adds	r7, #184	@ 0xb8
10003e00:	3024      	adds	r0, #36	@ 0x24
10003e02:	f000 fc91 	bl	10004728 <tu_fifo_config>
10003e06:	36c0      	adds	r6, #192	@ 0xc0
10003e08:	0038      	movs	r0, r7
10003e0a:	f7fd f975 	bl	100010f8 <mutex_init>
10003e0e:	0030      	movs	r0, r6
10003e10:	f7fd f972 	bl	100010f8 <mutex_init>
10003e14:	61e5      	str	r5, [r4, #28]
10003e16:	6227      	str	r7, [r4, #32]
10003e18:	6326      	str	r6, [r4, #48]	@ 0x30
10003e1a:	6365      	str	r5, [r4, #52]	@ 0x34
10003e1c:	b003      	add	sp, #12
10003e1e:	bdf0      	pop	{r4, r5, r6, r7, pc}
10003e20:	200013f8 	.word	0x200013f8
10003e24:	200013f4 	.word	0x200013f4

10003e28 <cdcd_deinit>:
10003e28:	4a0a      	ldr	r2, [pc, #40]	@ (10003e54 <cdcd_deinit+0x2c>)
10003e2a:	6b11      	ldr	r1, [r2, #48]	@ 0x30
10003e2c:	6a13      	ldr	r3, [r2, #32]
10003e2e:	2900      	cmp	r1, #0
10003e30:	d00c      	beq.n	10003e4c <cdcd_deinit+0x24>
10003e32:	2b00      	cmp	r3, #0
10003e34:	d007      	beq.n	10003e46 <cdcd_deinit+0x1e>
10003e36:	2300      	movs	r3, #0
10003e38:	61d3      	str	r3, [r2, #28]
10003e3a:	6353      	str	r3, [r2, #52]	@ 0x34
10003e3c:	6313      	str	r3, [r2, #48]	@ 0x30
10003e3e:	2300      	movs	r3, #0
10003e40:	6213      	str	r3, [r2, #32]
10003e42:	2001      	movs	r0, #1
10003e44:	4770      	bx	lr
10003e46:	6353      	str	r3, [r2, #52]	@ 0x34
10003e48:	6313      	str	r3, [r2, #48]	@ 0x30
10003e4a:	e7fa      	b.n	10003e42 <cdcd_deinit+0x1a>
10003e4c:	2b00      	cmp	r3, #0
10003e4e:	d0f8      	beq.n	10003e42 <cdcd_deinit+0x1a>
10003e50:	61d1      	str	r1, [r2, #28]
10003e52:	e7f4      	b.n	10003e3e <cdcd_deinit+0x16>
10003e54:	200013f8 	.word	0x200013f8

10003e58 <cdcd_reset>:
10003e58:	b570      	push	{r4, r5, r6, lr}
10003e5a:	4c0f      	ldr	r4, [pc, #60]	@ (10003e98 <cdcd_reset+0x40>)
10003e5c:	2205      	movs	r2, #5
10003e5e:	2100      	movs	r1, #0
10003e60:	0020      	movs	r0, r4
10003e62:	f7fe f961 	bl	10002128 <__wrap_memset>
10003e66:	4d0d      	ldr	r5, [pc, #52]	@ (10003e9c <cdcd_reset+0x44>)
10003e68:	782b      	ldrb	r3, [r5, #0]
10003e6a:	07da      	lsls	r2, r3, #31
10003e6c:	d507      	bpl.n	10003e7e <cdcd_reset+0x26>
10003e6e:	4c0c      	ldr	r4, [pc, #48]	@ (10003ea0 <cdcd_reset+0x48>)
10003e70:	079b      	lsls	r3, r3, #30
10003e72:	d50c      	bpl.n	10003e8e <cdcd_reset+0x36>
10003e74:	2101      	movs	r1, #1
10003e76:	0020      	movs	r0, r4
10003e78:	f000 feb0 	bl	10004bdc <tu_fifo_set_overwritable>
10003e7c:	bd70      	pop	{r4, r5, r6, pc}
10003e7e:	0020      	movs	r0, r4
10003e80:	3010      	adds	r0, #16
10003e82:	f000 fe8b 	bl	10004b9c <tu_fifo_clear>
10003e86:	782b      	ldrb	r3, [r5, #0]
10003e88:	4c05      	ldr	r4, [pc, #20]	@ (10003ea0 <cdcd_reset+0x48>)
10003e8a:	079b      	lsls	r3, r3, #30
10003e8c:	d4f2      	bmi.n	10003e74 <cdcd_reset+0x1c>
10003e8e:	0020      	movs	r0, r4
10003e90:	f000 fe84 	bl	10004b9c <tu_fifo_clear>
10003e94:	e7ee      	b.n	10003e74 <cdcd_reset+0x1c>
10003e96:	46c0      	nop			@ (mov r8, r8)
10003e98:	200013f8 	.word	0x200013f8
10003e9c:	200013f4 	.word	0x200013f4
10003ea0:	2000141c 	.word	0x2000141c

10003ea4 <cdcd_open>:
10003ea4:	b5f0      	push	{r4, r5, r6, r7, lr}
10003ea6:	794b      	ldrb	r3, [r1, #5]
10003ea8:	0006      	movs	r6, r0
10003eaa:	b083      	sub	sp, #12
10003eac:	2b02      	cmp	r3, #2
10003eae:	d102      	bne.n	10003eb6 <cdcd_open+0x12>
10003eb0:	798b      	ldrb	r3, [r1, #6]
10003eb2:	2b02      	cmp	r3, #2
10003eb4:	d003      	beq.n	10003ebe <cdcd_open+0x1a>
10003eb6:	2500      	movs	r5, #0
10003eb8:	0028      	movs	r0, r5
10003eba:	b003      	add	sp, #12
10003ebc:	bdf0      	pop	{r4, r5, r6, r7, pc}
10003ebe:	4f20      	ldr	r7, [pc, #128]	@ (10003f40 <cdcd_open+0x9c>)
10003ec0:	78bb      	ldrb	r3, [r7, #2]
10003ec2:	2b00      	cmp	r3, #0
10003ec4:	d1f7      	bne.n	10003eb6 <cdcd_open+0x12>
10003ec6:	788b      	ldrb	r3, [r1, #2]
10003ec8:	2509      	movs	r5, #9
10003eca:	703b      	strb	r3, [r7, #0]
10003ecc:	780c      	ldrb	r4, [r1, #0]
10003ece:	190c      	adds	r4, r1, r4
10003ed0:	7863      	ldrb	r3, [r4, #1]
10003ed2:	2b24      	cmp	r3, #36	@ 0x24
10003ed4:	d007      	beq.n	10003ee6 <cdcd_open+0x42>
10003ed6:	e00c      	b.n	10003ef2 <cdcd_open+0x4e>
10003ed8:	7823      	ldrb	r3, [r4, #0]
10003eda:	18e4      	adds	r4, r4, r3
10003edc:	195d      	adds	r5, r3, r5
10003ede:	7863      	ldrb	r3, [r4, #1]
10003ee0:	b2ad      	uxth	r5, r5
10003ee2:	2b24      	cmp	r3, #36	@ 0x24
10003ee4:	d105      	bne.n	10003ef2 <cdcd_open+0x4e>
10003ee6:	4295      	cmp	r5, r2
10003ee8:	d9f6      	bls.n	10003ed8 <cdcd_open+0x34>
10003eea:	2000      	movs	r0, #0
10003eec:	f7ff fe66 	bl	10003bbc <_prep_out_transaction.isra.0>
10003ef0:	e7e2      	b.n	10003eb8 <cdcd_open+0x14>
10003ef2:	001a      	movs	r2, r3
10003ef4:	2b05      	cmp	r3, #5
10003ef6:	d015      	beq.n	10003f24 <cdcd_open+0x80>
10003ef8:	2a04      	cmp	r2, #4
10003efa:	d1f6      	bne.n	10003eea <cdcd_open+0x46>
10003efc:	7963      	ldrb	r3, [r4, #5]
10003efe:	2b0a      	cmp	r3, #10
10003f00:	d1f3      	bne.n	10003eea <cdcd_open+0x46>
10003f02:	4b10      	ldr	r3, [pc, #64]	@ (10003f44 <cdcd_open+0xa0>)
10003f04:	7827      	ldrb	r7, [r4, #0]
10003f06:	9301      	str	r3, [sp, #4]
10003f08:	3301      	adds	r3, #1
10003f0a:	9300      	str	r3, [sp, #0]
10003f0c:	0030      	movs	r0, r6
10003f0e:	2302      	movs	r3, #2
10003f10:	19e1      	adds	r1, r4, r7
10003f12:	3a02      	subs	r2, #2
10003f14:	f7ff fc9e 	bl	10003854 <usbd_open_edpt_pair>
10003f18:	2800      	cmp	r0, #0
10003f1a:	d0cc      	beq.n	10003eb6 <cdcd_open+0x12>
10003f1c:	350e      	adds	r5, #14
10003f1e:	19ed      	adds	r5, r5, r7
10003f20:	b2ad      	uxth	r5, r5
10003f22:	e7e2      	b.n	10003eea <cdcd_open+0x46>
10003f24:	0021      	movs	r1, r4
10003f26:	0030      	movs	r0, r6
10003f28:	f7ff fce2 	bl	100038f0 <usbd_edpt_open>
10003f2c:	2800      	cmp	r0, #0
10003f2e:	d0c2      	beq.n	10003eb6 <cdcd_open+0x12>
10003f30:	78a3      	ldrb	r3, [r4, #2]
10003f32:	707b      	strb	r3, [r7, #1]
10003f34:	7823      	ldrb	r3, [r4, #0]
10003f36:	195d      	adds	r5, r3, r5
10003f38:	18e4      	adds	r4, r4, r3
10003f3a:	7862      	ldrb	r2, [r4, #1]
10003f3c:	b2ad      	uxth	r5, r5
10003f3e:	e7db      	b.n	10003ef8 <cdcd_open+0x54>
10003f40:	200013f8 	.word	0x200013f8
10003f44:	200013fa 	.word	0x200013fa

10003f48 <cdcd_control_xfer_cb>:
10003f48:	b5f8      	push	{r3, r4, r5, r6, r7, lr}
10003f4a:	2360      	movs	r3, #96	@ 0x60
10003f4c:	0014      	movs	r4, r2
10003f4e:	7812      	ldrb	r2, [r2, #0]
10003f50:	0005      	movs	r5, r0
10003f52:	4013      	ands	r3, r2
10003f54:	2000      	movs	r0, #0
10003f56:	2b20      	cmp	r3, #32
10003f58:	d107      	bne.n	10003f6a <cdcd_control_xfer_cb+0x22>
10003f5a:	4a30      	ldr	r2, [pc, #192]	@ (1000401c <cdcd_control_xfer_cb+0xd4>)
10003f5c:	7963      	ldrb	r3, [r4, #5]
10003f5e:	7927      	ldrb	r7, [r4, #4]
10003f60:	7816      	ldrb	r6, [r2, #0]
10003f62:	021b      	lsls	r3, r3, #8
10003f64:	433b      	orrs	r3, r7
10003f66:	429e      	cmp	r6, r3
10003f68:	d000      	beq.n	10003f6c <cdcd_control_xfer_cb+0x24>
10003f6a:	bdf8      	pop	{r3, r4, r5, r6, r7, pc}
10003f6c:	7863      	ldrb	r3, [r4, #1]
10003f6e:	2b22      	cmp	r3, #34	@ 0x22
10003f70:	d01a      	beq.n	10003fa8 <cdcd_control_xfer_cb+0x60>
10003f72:	d807      	bhi.n	10003f84 <cdcd_control_xfer_cb+0x3c>
10003f74:	2b20      	cmp	r3, #32
10003f76:	d034      	beq.n	10003fe2 <cdcd_control_xfer_cb+0x9a>
10003f78:	2b21      	cmp	r3, #33	@ 0x21
10003f7a:	d1f6      	bne.n	10003f6a <cdcd_control_xfer_cb+0x22>
10003f7c:	2901      	cmp	r1, #1
10003f7e:	d03e      	beq.n	10003ffe <cdcd_control_xfer_cb+0xb6>
10003f80:	2001      	movs	r0, #1
10003f82:	e7f2      	b.n	10003f6a <cdcd_control_xfer_cb+0x22>
10003f84:	2b23      	cmp	r3, #35	@ 0x23
10003f86:	d1f0      	bne.n	10003f6a <cdcd_control_xfer_cb+0x22>
10003f88:	2901      	cmp	r1, #1
10003f8a:	d040      	beq.n	1000400e <cdcd_control_xfer_cb+0xc6>
10003f8c:	2903      	cmp	r1, #3
10003f8e:	d1f7      	bne.n	10003f80 <cdcd_control_xfer_cb+0x38>
10003f90:	4b23      	ldr	r3, [pc, #140]	@ (10004020 <cdcd_control_xfer_cb+0xd8>)
10003f92:	2b00      	cmp	r3, #0
10003f94:	d0f4      	beq.n	10003f80 <cdcd_control_xfer_cb+0x38>
10003f96:	78e1      	ldrb	r1, [r4, #3]
10003f98:	78a3      	ldrb	r3, [r4, #2]
10003f9a:	0209      	lsls	r1, r1, #8
10003f9c:	2000      	movs	r0, #0
10003f9e:	4319      	orrs	r1, r3
10003fa0:	e000      	b.n	10003fa4 <cdcd_control_xfer_cb+0x5c>
10003fa2:	bf00      	nop
10003fa4:	2001      	movs	r0, #1
10003fa6:	e7e0      	b.n	10003f6a <cdcd_control_xfer_cb+0x22>
10003fa8:	2901      	cmp	r1, #1
10003faa:	d030      	beq.n	1000400e <cdcd_control_xfer_cb+0xc6>
10003fac:	2903      	cmp	r1, #3
10003fae:	d1e7      	bne.n	10003f80 <cdcd_control_xfer_cb+0x38>
10003fb0:	2501      	movs	r5, #1
10003fb2:	002e      	movs	r6, r5
10003fb4:	78a3      	ldrb	r3, [r4, #2]
10003fb6:	78e4      	ldrb	r4, [r4, #3]
10003fb8:	3902      	subs	r1, #2
10003fba:	0224      	lsls	r4, r4, #8
10003fbc:	431c      	orrs	r4, r3
10003fbe:	7114      	strb	r4, [r2, #4]
10003fc0:	4026      	ands	r6, r4
10003fc2:	3224      	adds	r2, #36	@ 0x24
10003fc4:	0010      	movs	r0, r2
10003fc6:	4071      	eors	r1, r6
10003fc8:	f000 fe08 	bl	10004bdc <tu_fifo_set_overwritable>
10003fcc:	4b15      	ldr	r3, [pc, #84]	@ (10004024 <cdcd_control_xfer_cb+0xdc>)
10003fce:	2b00      	cmp	r3, #0
10003fd0:	d0d6      	beq.n	10003f80 <cdcd_control_xfer_cb+0x38>
10003fd2:	0862      	lsrs	r2, r4, #1
10003fd4:	2000      	movs	r0, #0
10003fd6:	0031      	movs	r1, r6
10003fd8:	402a      	ands	r2, r5
10003fda:	e000      	b.n	10003fde <cdcd_control_xfer_cb+0x96>
10003fdc:	bf00      	nop
10003fde:	2001      	movs	r0, #1
10003fe0:	e7c3      	b.n	10003f6a <cdcd_control_xfer_cb+0x22>
10003fe2:	2901      	cmp	r1, #1
10003fe4:	d00b      	beq.n	10003ffe <cdcd_control_xfer_cb+0xb6>
10003fe6:	2903      	cmp	r1, #3
10003fe8:	d1ca      	bne.n	10003f80 <cdcd_control_xfer_cb+0x38>
10003fea:	4b0f      	ldr	r3, [pc, #60]	@ (10004028 <cdcd_control_xfer_cb+0xe0>)
10003fec:	2b00      	cmp	r3, #0
10003fee:	d0c7      	beq.n	10003f80 <cdcd_control_xfer_cb+0x38>
10003ff0:	3208      	adds	r2, #8
10003ff2:	2000      	movs	r0, #0
10003ff4:	0011      	movs	r1, r2
10003ff6:	f7fe faad 	bl	10002554 <tud_cdc_line_coding_cb>
10003ffa:	2001      	movs	r0, #1
10003ffc:	e7b5      	b.n	10003f6a <cdcd_control_xfer_cb+0x22>
10003ffe:	2307      	movs	r3, #7
10004000:	0021      	movs	r1, r4
10004002:	0028      	movs	r0, r5
10004004:	4a09      	ldr	r2, [pc, #36]	@ (1000402c <cdcd_control_xfer_cb+0xe4>)
10004006:	f7ff fcf1 	bl	100039ec <tud_control_xfer>
1000400a:	2001      	movs	r0, #1
1000400c:	e7ad      	b.n	10003f6a <cdcd_control_xfer_cb+0x22>
1000400e:	0021      	movs	r1, r4
10004010:	0028      	movs	r0, r5
10004012:	f7ff fcd5 	bl	100039c0 <tud_control_status>
10004016:	2001      	movs	r0, #1
10004018:	e7a7      	b.n	10003f6a <cdcd_control_xfer_cb+0x22>
1000401a:	46c0      	nop			@ (mov r8, r8)
1000401c:	200013f8 	.word	0x200013f8
	...
10004028:	10002555 	.word	0x10002555
1000402c:	20001400 	.word	0x20001400

10004030 <cdcd_xfer_cb>:
10004030:	b5f0      	push	{r4, r5, r6, r7, lr}
10004032:	464f      	mov	r7, r9
10004034:	4646      	mov	r6, r8
10004036:	46d6      	mov	lr, sl
10004038:	b5c0      	push	{r6, r7, lr}
1000403a:	4d36      	ldr	r5, [pc, #216]	@ (10004114 <cdcd_xfer_cb+0xe4>)
1000403c:	4680      	mov	r8, r0
1000403e:	78ea      	ldrb	r2, [r5, #3]
10004040:	000c      	movs	r4, r1
10004042:	001f      	movs	r7, r3
10004044:	428a      	cmp	r2, r1
10004046:	d03c      	beq.n	100040c2 <cdcd_xfer_cb+0x92>
10004048:	78ab      	ldrb	r3, [r5, #2]
1000404a:	428b      	cmp	r3, r1
1000404c:	d010      	beq.n	10004070 <cdcd_xfer_cb+0x40>
1000404e:	2000      	movs	r0, #0
10004050:	bce0      	pop	{r5, r6, r7}
10004052:	46ba      	mov	sl, r7
10004054:	46b1      	mov	r9, r6
10004056:	46a8      	mov	r8, r5
10004058:	bdf0      	pop	{r4, r5, r6, r7, pc}
1000405a:	4b2f      	ldr	r3, [pc, #188]	@ (10004118 <cdcd_xfer_cb+0xe8>)
1000405c:	2b00      	cmp	r3, #0
1000405e:	d004      	beq.n	1000406a <cdcd_xfer_cb+0x3a>
10004060:	482e      	ldr	r0, [pc, #184]	@ (1000411c <cdcd_xfer_cb+0xec>)
10004062:	f000 fbad 	bl	100047c0 <tu_fifo_empty>
10004066:	2800      	cmp	r0, #0
10004068:	d051      	beq.n	1000410e <cdcd_xfer_cb+0xde>
1000406a:	2000      	movs	r0, #0
1000406c:	f7ff fda6 	bl	10003bbc <_prep_out_transaction.isra.0>
10004070:	78ab      	ldrb	r3, [r5, #2]
10004072:	42a3      	cmp	r3, r4
10004074:	d001      	beq.n	1000407a <cdcd_xfer_cb+0x4a>
10004076:	2001      	movs	r0, #1
10004078:	e7ea      	b.n	10004050 <cdcd_xfer_cb+0x20>
1000407a:	4b29      	ldr	r3, [pc, #164]	@ (10004120 <cdcd_xfer_cb+0xf0>)
1000407c:	2b00      	cmp	r3, #0
1000407e:	d002      	beq.n	10004086 <cdcd_xfer_cb+0x56>
10004080:	2000      	movs	r0, #0
10004082:	e000      	b.n	10004086 <cdcd_xfer_cb+0x56>
10004084:	bf00      	nop
10004086:	2000      	movs	r0, #0
10004088:	f7ff fe32 	bl	10003cf0 <tud_cdc_n_write_flush>
1000408c:	2800      	cmp	r0, #0
1000408e:	d1f2      	bne.n	10004076 <cdcd_xfer_cb+0x46>
10004090:	4c24      	ldr	r4, [pc, #144]	@ (10004124 <cdcd_xfer_cb+0xf4>)
10004092:	0020      	movs	r0, r4
10004094:	f000 fb7e 	bl	10004794 <tu_fifo_count>
10004098:	2800      	cmp	r0, #0
1000409a:	d1ec      	bne.n	10004076 <cdcd_xfer_cb+0x46>
1000409c:	2f00      	cmp	r7, #0
1000409e:	d0ea      	beq.n	10004076 <cdcd_xfer_cb+0x46>
100040a0:	06bf      	lsls	r7, r7, #26
100040a2:	d1e8      	bne.n	10004076 <cdcd_xfer_cb+0x46>
100040a4:	3c24      	subs	r4, #36	@ 0x24
100040a6:	4640      	mov	r0, r8
100040a8:	78a1      	ldrb	r1, [r4, #2]
100040aa:	f7ff fc3b 	bl	10003924 <usbd_edpt_claim>
100040ae:	2800      	cmp	r0, #0
100040b0:	d0e1      	beq.n	10004076 <cdcd_xfer_cb+0x46>
100040b2:	2300      	movs	r3, #0
100040b4:	2200      	movs	r2, #0
100040b6:	4640      	mov	r0, r8
100040b8:	78a1      	ldrb	r1, [r4, #2]
100040ba:	f7ff fc5b 	bl	10003974 <usbd_edpt_xfer>
100040be:	2001      	movs	r0, #1
100040c0:	e7c6      	b.n	10004050 <cdcd_xfer_cb+0x20>
100040c2:	b29a      	uxth	r2, r3
100040c4:	2310      	movs	r3, #16
100040c6:	469a      	mov	sl, r3
100040c8:	4e17      	ldr	r6, [pc, #92]	@ (10004128 <cdcd_xfer_cb+0xf8>)
100040ca:	44aa      	add	sl, r5
100040cc:	0031      	movs	r1, r6
100040ce:	4650      	mov	r0, sl
100040d0:	f000 fca8 	bl	10004a24 <tu_fifo_write_n>
100040d4:	4b15      	ldr	r3, [pc, #84]	@ (1000412c <cdcd_xfer_cb+0xfc>)
100040d6:	2b00      	cmp	r3, #0
100040d8:	d0bf      	beq.n	1000405a <cdcd_xfer_cb+0x2a>
100040da:	796b      	ldrb	r3, [r5, #5]
100040dc:	2bff      	cmp	r3, #255	@ 0xff
100040de:	d0bc      	beq.n	1000405a <cdcd_xfer_cb+0x2a>
100040e0:	2f00      	cmp	r7, #0
100040e2:	d0ba      	beq.n	1000405a <cdcd_xfer_cb+0x2a>
100040e4:	19f2      	adds	r2, r6, r7
100040e6:	4691      	mov	r9, r2
100040e8:	e003      	b.n	100040f2 <cdcd_xfer_cb+0xc2>
100040ea:	3601      	adds	r6, #1
100040ec:	454e      	cmp	r6, r9
100040ee:	d0b4      	beq.n	1000405a <cdcd_xfer_cb+0x2a>
100040f0:	796b      	ldrb	r3, [r5, #5]
100040f2:	7832      	ldrb	r2, [r6, #0]
100040f4:	429a      	cmp	r2, r3
100040f6:	d1f8      	bne.n	100040ea <cdcd_xfer_cb+0xba>
100040f8:	4650      	mov	r0, sl
100040fa:	f000 fb61 	bl	100047c0 <tu_fifo_empty>
100040fe:	2800      	cmp	r0, #0
10004100:	d1f3      	bne.n	100040ea <cdcd_xfer_cb+0xba>
10004102:	4653      	mov	r3, sl
10004104:	3b10      	subs	r3, #16
10004106:	7959      	ldrb	r1, [r3, #5]
10004108:	e000      	b.n	1000410c <cdcd_xfer_cb+0xdc>
1000410a:	bf00      	nop
1000410c:	e7ed      	b.n	100040ea <cdcd_xfer_cb+0xba>
1000410e:	e000      	b.n	10004112 <cdcd_xfer_cb+0xe2>
10004110:	bf00      	nop
10004112:	e7aa      	b.n	1000406a <cdcd_xfer_cb+0x3a>
10004114:	200013f8 	.word	0x200013f8
10004118:	00000000 	.word	0x00000000
1000411c:	20001408 	.word	0x20001408
10004120:	00000000 	.word	0x00000000
10004124:	2000141c 	.word	0x2000141c
10004128:	20001374 	.word	0x20001374
1000412c:	00000000 	.word	0x00000000

10004130 <vendord_init>:
10004130:	2293      	movs	r2, #147	@ 0x93
10004132:	b5f0      	push	{r4, r5, r6, r7, lr}
10004134:	4c13      	ldr	r4, [pc, #76]	@ (10004184 <vendord_init+0x54>)
10004136:	b085      	sub	sp, #20
10004138:	2100      	movs	r1, #0
1000413a:	0020      	movs	r0, r4
1000413c:	0092      	lsls	r2, r2, #2
1000413e:	f7fd fff3 	bl	10002128 <__wrap_memset>
10004142:	0023      	movs	r3, r4
10004144:	0020      	movs	r0, r4
10004146:	2680      	movs	r6, #128	@ 0x80
10004148:	2740      	movs	r7, #64	@ 0x40
1000414a:	4d0f      	ldr	r5, [pc, #60]	@ (10004188 <vendord_init+0x58>)
1000414c:	334d      	adds	r3, #77	@ 0x4d
1000414e:	0076      	lsls	r6, r6, #1
10004150:	33ff      	adds	r3, #255	@ 0xff
10004152:	3029      	adds	r0, #41	@ 0x29
10004154:	9502      	str	r5, [sp, #8]
10004156:	9300      	str	r3, [sp, #0]
10004158:	2200      	movs	r2, #0
1000415a:	2300      	movs	r3, #0
1000415c:	2100      	movs	r1, #0
1000415e:	9703      	str	r7, [sp, #12]
10004160:	9601      	str	r6, [sp, #4]
10004162:	30ff      	adds	r0, #255	@ 0xff
10004164:	f000 f9d4 	bl	10004510 <tu_edpt_stream_init>
10004168:	3540      	adds	r5, #64	@ 0x40
1000416a:	1d20      	adds	r0, r4, #4
1000416c:	3428      	adds	r4, #40	@ 0x28
1000416e:	2300      	movs	r3, #0
10004170:	2201      	movs	r2, #1
10004172:	2100      	movs	r1, #0
10004174:	9703      	str	r7, [sp, #12]
10004176:	9502      	str	r5, [sp, #8]
10004178:	9601      	str	r6, [sp, #4]
1000417a:	9400      	str	r4, [sp, #0]
1000417c:	f000 f9c8 	bl	10004510 <tu_edpt_stream_init>
10004180:	b005      	add	sp, #20
10004182:	bdf0      	pop	{r4, r5, r6, r7, pc}
10004184:	200016bc 	.word	0x200016bc
10004188:	2000163c 	.word	0x2000163c

1000418c <vendord_deinit>:
1000418c:	b510      	push	{r4, lr}
1000418e:	4c05      	ldr	r4, [pc, #20]	@ (100041a4 <vendord_deinit+0x18>)
10004190:	0020      	movs	r0, r4
10004192:	f000 f9f3 	bl	1000457c <tu_edpt_stream_deinit>
10004196:	0020      	movs	r0, r4
10004198:	3825      	subs	r0, #37	@ 0x25
1000419a:	38ff      	subs	r0, #255	@ 0xff
1000419c:	f000 f9ee 	bl	1000457c <tu_edpt_stream_deinit>
100041a0:	2001      	movs	r0, #1
100041a2:	bd10      	pop	{r4, pc}
100041a4:	200017e4 	.word	0x200017e4

100041a8 <vendord_reset>:
100041a8:	b570      	push	{r4, r5, r6, lr}
100041aa:	4c08      	ldr	r4, [pc, #32]	@ (100041cc <vendord_reset+0x24>)
100041ac:	2500      	movs	r5, #0
100041ae:	0020      	movs	r0, r4
100041b0:	3031      	adds	r0, #49	@ 0x31
100041b2:	30ff      	adds	r0, #255	@ 0xff
100041b4:	7025      	strb	r5, [r4, #0]
100041b6:	f000 fcf1 	bl	10004b9c <tu_fifo_clear>
100041ba:	0020      	movs	r0, r4
100041bc:	300c      	adds	r0, #12
100041be:	f000 fced 	bl	10004b9c <tu_fifo_clear>
100041c2:	232a      	movs	r3, #42	@ 0x2a
100041c4:	33ff      	adds	r3, #255	@ 0xff
100041c6:	54e5      	strb	r5, [r4, r3]
100041c8:	7165      	strb	r5, [r4, #5]
100041ca:	bd70      	pop	{r4, r5, r6, pc}
100041cc:	200016bc 	.word	0x200016bc

100041d0 <vendord_open>:
100041d0:	b5f8      	push	{r3, r4, r5, r6, r7, lr}
100041d2:	4657      	mov	r7, sl
100041d4:	4645      	mov	r5, r8
100041d6:	46de      	mov	lr, fp
100041d8:	464e      	mov	r6, r9
100041da:	b5e0      	push	{r5, r6, r7, lr}
100041dc:	794b      	ldrb	r3, [r1, #5]
100041de:	4680      	mov	r8, r0
100041e0:	000f      	movs	r7, r1
100041e2:	2bff      	cmp	r3, #255	@ 0xff
100041e4:	d15b      	bne.n	1000429e <vendord_open+0xce>
100041e6:	4b40      	ldr	r3, [pc, #256]	@ (100042e8 <vendord_open+0x118>)
100041e8:	4699      	mov	r9, r3
100041ea:	232a      	movs	r3, #42	@ 0x2a
100041ec:	4649      	mov	r1, r9
100041ee:	33ff      	adds	r3, #255	@ 0xff
100041f0:	5ccb      	ldrb	r3, [r1, r3]
100041f2:	2b00      	cmp	r3, #0
100041f4:	d153      	bne.n	1000429e <vendord_open+0xce>
100041f6:	794e      	ldrb	r6, [r1, #5]
100041f8:	2e00      	cmp	r6, #0
100041fa:	d150      	bne.n	1000429e <vendord_open+0xce>
100041fc:	78bb      	ldrb	r3, [r7, #2]
100041fe:	783c      	ldrb	r4, [r7, #0]
10004200:	700b      	strb	r3, [r1, #0]
10004202:	793b      	ldrb	r3, [r7, #4]
10004204:	193c      	adds	r4, r7, r4
10004206:	2b00      	cmp	r3, #0
10004208:	d046      	beq.n	10004298 <vendord_open+0xc8>
1000420a:	2398      	movs	r3, #152	@ 0x98
1000420c:	005b      	lsls	r3, r3, #1
1000420e:	444b      	add	r3, r9
10004210:	469a      	mov	sl, r3
10004212:	230c      	movs	r3, #12
10004214:	444b      	add	r3, r9
10004216:	469b      	mov	fp, r3
10004218:	18a5      	adds	r5, r4, r2
1000421a:	e003      	b.n	10004224 <vendord_open+0x54>
1000421c:	42ac      	cmp	r4, r5
1000421e:	d23b      	bcs.n	10004298 <vendord_open+0xc8>
10004220:	7823      	ldrb	r3, [r4, #0]
10004222:	18e4      	adds	r4, r4, r3
10004224:	7863      	ldrb	r3, [r4, #1]
10004226:	2b05      	cmp	r3, #5
10004228:	d1f8      	bne.n	1000421c <vendord_open+0x4c>
1000422a:	42ac      	cmp	r4, r5
1000422c:	d234      	bcs.n	10004298 <vendord_open+0xc8>
1000422e:	0021      	movs	r1, r4
10004230:	4640      	mov	r0, r8
10004232:	f7ff fb5d 	bl	100038f0 <usbd_edpt_open>
10004236:	2800      	cmp	r0, #0
10004238:	d031      	beq.n	1000429e <vendord_open+0xce>
1000423a:	78a3      	ldrb	r3, [r4, #2]
1000423c:	3601      	adds	r6, #1
1000423e:	b2f6      	uxtb	r6, r6
10004240:	09db      	lsrs	r3, r3, #7
10004242:	2b01      	cmp	r3, #1
10004244:	d032      	beq.n	100042ac <vendord_open+0xdc>
10004246:	4650      	mov	r0, sl
10004248:	f000 fca8 	bl	10004b9c <tu_fifo_clear>
1000424c:	232a      	movs	r3, #42	@ 0x2a
1000424e:	4649      	mov	r1, r9
10004250:	78a2      	ldrb	r2, [r4, #2]
10004252:	33ff      	adds	r3, #255	@ 0xff
10004254:	54ca      	strb	r2, [r1, r3]
10004256:	7963      	ldrb	r3, [r4, #5]
10004258:	7922      	ldrb	r2, [r4, #4]
1000425a:	021b      	lsls	r3, r3, #8
1000425c:	4313      	orrs	r3, r2
1000425e:	4a23      	ldr	r2, [pc, #140]	@ (100042ec <vendord_open+0x11c>)
10004260:	055b      	lsls	r3, r3, #21
10004262:	4694      	mov	ip, r2
10004264:	0d5b      	lsrs	r3, r3, #21
10004266:	2194      	movs	r1, #148	@ 0x94
10004268:	4463      	add	r3, ip
1000426a:	425a      	negs	r2, r3
1000426c:	4153      	adcs	r3, r2
1000426e:	464a      	mov	r2, r9
10004270:	2002      	movs	r0, #2
10004272:	0049      	lsls	r1, r1, #1
10004274:	5c52      	ldrb	r2, [r2, r1]
10004276:	005b      	lsls	r3, r3, #1
10004278:	4382      	bics	r2, r0
1000427a:	4313      	orrs	r3, r2
1000427c:	464a      	mov	r2, r9
1000427e:	5453      	strb	r3, [r2, r1]
10004280:	4651      	mov	r1, sl
10004282:	4640      	mov	r0, r8
10004284:	3908      	subs	r1, #8
10004286:	f000 f9e3 	bl	10004650 <tu_edpt_stream_read_xfer>
1000428a:	2800      	cmp	r0, #0
1000428c:	d007      	beq.n	1000429e <vendord_open+0xce>
1000428e:	7823      	ldrb	r3, [r4, #0]
10004290:	18e4      	adds	r4, r4, r3
10004292:	793b      	ldrb	r3, [r7, #4]
10004294:	42b3      	cmp	r3, r6
10004296:	d8c5      	bhi.n	10004224 <vendord_open+0x54>
10004298:	1be0      	subs	r0, r4, r7
1000429a:	b280      	uxth	r0, r0
1000429c:	e000      	b.n	100042a0 <vendord_open+0xd0>
1000429e:	2000      	movs	r0, #0
100042a0:	bcf0      	pop	{r4, r5, r6, r7}
100042a2:	46bb      	mov	fp, r7
100042a4:	46b2      	mov	sl, r6
100042a6:	46a9      	mov	r9, r5
100042a8:	46a0      	mov	r8, r4
100042aa:	bdf8      	pop	{r3, r4, r5, r6, r7, pc}
100042ac:	4658      	mov	r0, fp
100042ae:	f000 fc75 	bl	10004b9c <tu_fifo_clear>
100042b2:	465a      	mov	r2, fp
100042b4:	78a3      	ldrb	r3, [r4, #2]
100042b6:	3a0c      	subs	r2, #12
100042b8:	7153      	strb	r3, [r2, #5]
100042ba:	7963      	ldrb	r3, [r4, #5]
100042bc:	7921      	ldrb	r1, [r4, #4]
100042be:	021b      	lsls	r3, r3, #8
100042c0:	430b      	orrs	r3, r1
100042c2:	490a      	ldr	r1, [pc, #40]	@ (100042ec <vendord_open+0x11c>)
100042c4:	055b      	lsls	r3, r3, #21
100042c6:	468c      	mov	ip, r1
100042c8:	0d5b      	lsrs	r3, r3, #21
100042ca:	4463      	add	r3, ip
100042cc:	4259      	negs	r1, r3
100042ce:	414b      	adcs	r3, r1
100042d0:	2002      	movs	r0, #2
100042d2:	7911      	ldrb	r1, [r2, #4]
100042d4:	005b      	lsls	r3, r3, #1
100042d6:	4381      	bics	r1, r0
100042d8:	430b      	orrs	r3, r1
100042da:	4659      	mov	r1, fp
100042dc:	2000      	movs	r0, #0
100042de:	3908      	subs	r1, #8
100042e0:	7113      	strb	r3, [r2, #4]
100042e2:	f000 f981 	bl	100045e8 <tu_edpt_stream_write_xfer>
100042e6:	e7d2      	b.n	1000428e <vendord_open+0xbe>
100042e8:	200016bc 	.word	0x200016bc
100042ec:	fffffe00 	.word	0xfffffe00

100042f0 <vendord_xfer_cb>:
100042f0:	b5f8      	push	{r3, r4, r5, r6, r7, lr}
100042f2:	252a      	movs	r5, #42	@ 0x2a
100042f4:	0006      	movs	r6, r0
100042f6:	481f      	ldr	r0, [pc, #124]	@ (10004374 <vendord_xfer_cb+0x84>)
100042f8:	35ff      	adds	r5, #255	@ 0xff
100042fa:	5d45      	ldrb	r5, [r0, r5]
100042fc:	001f      	movs	r7, r3
100042fe:	428d      	cmp	r5, r1
10004300:	d015      	beq.n	1000432e <vendord_xfer_cb+0x3e>
10004302:	7943      	ldrb	r3, [r0, #5]
10004304:	428b      	cmp	r3, r1
10004306:	d001      	beq.n	1000430c <vendord_xfer_cb+0x1c>
10004308:	2000      	movs	r0, #0
1000430a:	bdf8      	pop	{r3, r4, r5, r6, r7, pc}
1000430c:	4b1a      	ldr	r3, [pc, #104]	@ (10004378 <vendord_xfer_cb+0x88>)
1000430e:	2b00      	cmp	r3, #0
10004310:	d004      	beq.n	1000431c <vendord_xfer_cb+0x2c>
10004312:	0439      	lsls	r1, r7, #16
10004314:	2000      	movs	r0, #0
10004316:	0c09      	lsrs	r1, r1, #16
10004318:	e000      	b.n	1000431c <vendord_xfer_cb+0x2c>
1000431a:	bf00      	nop
1000431c:	4c17      	ldr	r4, [pc, #92]	@ (1000437c <vendord_xfer_cb+0x8c>)
1000431e:	0030      	movs	r0, r6
10004320:	0021      	movs	r1, r4
10004322:	f000 f961 	bl	100045e8 <tu_edpt_stream_write_xfer>
10004326:	2800      	cmp	r0, #0
10004328:	d01d      	beq.n	10004366 <vendord_xfer_cb+0x76>
1000432a:	2001      	movs	r0, #1
1000432c:	e7ed      	b.n	1000430a <vendord_xfer_cb+0x1a>
1000432e:	239a      	movs	r3, #154	@ 0x9a
10004330:	005b      	lsls	r3, r3, #1
10004332:	5ac3      	ldrh	r3, [r0, r3]
10004334:	2b00      	cmp	r3, #0
10004336:	d10d      	bne.n	10004354 <vendord_xfer_cb+0x64>
10004338:	4b11      	ldr	r3, [pc, #68]	@ (10004380 <vendord_xfer_cb+0x90>)
1000433a:	2b00      	cmp	r3, #0
1000433c:	d004      	beq.n	10004348 <vendord_xfer_cb+0x58>
1000433e:	2000      	movs	r0, #0
10004340:	4910      	ldr	r1, [pc, #64]	@ (10004384 <vendord_xfer_cb+0x94>)
10004342:	b2ba      	uxth	r2, r7
10004344:	e000      	b.n	10004348 <vendord_xfer_cb+0x58>
10004346:	bf00      	nop
10004348:	0030      	movs	r0, r6
1000434a:	490f      	ldr	r1, [pc, #60]	@ (10004388 <vendord_xfer_cb+0x98>)
1000434c:	f000 f980 	bl	10004650 <tu_edpt_stream_read_xfer>
10004350:	2001      	movs	r0, #1
10004352:	e7da      	b.n	1000430a <vendord_xfer_cb+0x1a>
10004354:	2396      	movs	r3, #150	@ 0x96
10004356:	005b      	lsls	r3, r3, #1
10004358:	58c1      	ldr	r1, [r0, r3]
1000435a:	3031      	adds	r0, #49	@ 0x31
1000435c:	b2ba      	uxth	r2, r7
1000435e:	30ff      	adds	r0, #255	@ 0xff
10004360:	f000 fb60 	bl	10004a24 <tu_fifo_write_n>
10004364:	e7e8      	b.n	10004338 <vendord_xfer_cb+0x48>
10004366:	003a      	movs	r2, r7
10004368:	0021      	movs	r1, r4
1000436a:	0030      	movs	r0, r6
1000436c:	f000 f908 	bl	10004580 <tu_edpt_stream_write_zlp_if_needed>
10004370:	2001      	movs	r0, #1
10004372:	e7ca      	b.n	1000430a <vendord_xfer_cb+0x1a>
10004374:	200016bc 	.word	0x200016bc
10004378:	00000000 	.word	0x00000000
1000437c:	200016c0 	.word	0x200016c0
10004380:	00000000 	.word	0x00000000
10004384:	2000163c 	.word	0x2000163c
10004388:	200017e4 	.word	0x200017e4

1000438c <tusb_rhport_init>:
1000438c:	b500      	push	{lr}
1000438e:	0003      	movs	r3, r0
10004390:	b083      	sub	sp, #12
10004392:	2900      	cmp	r1, #0
10004394:	d010      	beq.n	100043b8 <tusb_rhport_init+0x2c>
10004396:	2000      	movs	r0, #0
10004398:	2b01      	cmp	r3, #1
1000439a:	d807      	bhi.n	100043ac <tusb_rhport_init+0x20>
1000439c:	780a      	ldrb	r2, [r1, #0]
1000439e:	2a00      	cmp	r2, #0
100043a0:	d004      	beq.n	100043ac <tusb_rhport_init+0x20>
100043a2:	480c      	ldr	r0, [pc, #48]	@ (100043d4 <tusb_rhport_init+0x48>)
100043a4:	54c2      	strb	r2, [r0, r3]
100043a6:	2001      	movs	r0, #1
100043a8:	2a01      	cmp	r2, #1
100043aa:	d001      	beq.n	100043b0 <tusb_rhport_init+0x24>
100043ac:	b003      	add	sp, #12
100043ae:	bd00      	pop	{pc}
100043b0:	0018      	movs	r0, r3
100043b2:	f7fe fdd5 	bl	10002f60 <tud_rhport_init>
100043b6:	e7f9      	b.n	100043ac <tusb_rhport_init+0x20>
100043b8:	2301      	movs	r3, #1
100043ba:	466a      	mov	r2, sp
100043bc:	2000      	movs	r0, #0
100043be:	a901      	add	r1, sp, #4
100043c0:	8093      	strh	r3, [r2, #4]
100043c2:	f7fe fdcd 	bl	10002f60 <tud_rhport_init>
100043c6:	2800      	cmp	r0, #0
100043c8:	d0f0      	beq.n	100043ac <tusb_rhport_init+0x20>
100043ca:	2201      	movs	r2, #1
100043cc:	4b01      	ldr	r3, [pc, #4]	@ (100043d4 <tusb_rhport_init+0x48>)
100043ce:	701a      	strb	r2, [r3, #0]
100043d0:	e7ec      	b.n	100043ac <tusb_rhport_init+0x20>
100043d2:	46c0      	nop			@ (mov r8, r8)
100043d4:	20001514 	.word	0x20001514

100043d8 <tu_edpt_claim>:
100043d8:	7803      	ldrb	r3, [r0, #0]
100043da:	b570      	push	{r4, r5, r6, lr}
100043dc:	07db      	lsls	r3, r3, #31
100043de:	0004      	movs	r4, r0
100043e0:	000e      	movs	r6, r1
100043e2:	0fdd      	lsrs	r5, r3, #31
100043e4:	2b00      	cmp	r3, #0
100043e6:	d117      	bne.n	10004418 <tu_edpt_claim+0x40>
100043e8:	7803      	ldrb	r3, [r0, #0]
100043ea:	075b      	lsls	r3, r3, #29
100043ec:	d501      	bpl.n	100043f2 <tu_edpt_claim+0x1a>
100043ee:	0028      	movs	r0, r5
100043f0:	bd70      	pop	{r4, r5, r6, pc}
100043f2:	2101      	movs	r1, #1
100043f4:	0030      	movs	r0, r6
100043f6:	4249      	negs	r1, r1
100043f8:	f000 fd1a 	bl	10004e30 <__mutex_enter_timeout_ms_veneer>
100043fc:	7823      	ldrb	r3, [r4, #0]
100043fe:	07db      	lsls	r3, r3, #31
10004400:	0fdd      	lsrs	r5, r3, #31
10004402:	2b00      	cmp	r3, #0
10004404:	d10a      	bne.n	1000441c <tu_edpt_claim+0x44>
10004406:	7823      	ldrb	r3, [r4, #0]
10004408:	075b      	lsls	r3, r3, #29
1000440a:	d408      	bmi.n	1000441e <tu_edpt_claim+0x46>
1000440c:	2204      	movs	r2, #4
1000440e:	7823      	ldrb	r3, [r4, #0]
10004410:	2501      	movs	r5, #1
10004412:	4313      	orrs	r3, r2
10004414:	7023      	strb	r3, [r4, #0]
10004416:	e002      	b.n	1000441e <tu_edpt_claim+0x46>
10004418:	2500      	movs	r5, #0
1000441a:	e7e8      	b.n	100043ee <tu_edpt_claim+0x16>
1000441c:	2500      	movs	r5, #0
1000441e:	0030      	movs	r0, r6
10004420:	f000 fce6 	bl	10004df0 <__mutex_exit_veneer>
10004424:	e7e3      	b.n	100043ee <tu_edpt_claim+0x16>
10004426:	46c0      	nop			@ (mov r8, r8)

10004428 <tu_edpt_release>:
10004428:	b570      	push	{r4, r5, r6, lr}
1000442a:	000c      	movs	r4, r1
1000442c:	2101      	movs	r1, #1
1000442e:	0006      	movs	r6, r0
10004430:	4249      	negs	r1, r1
10004432:	0020      	movs	r0, r4
10004434:	f000 fcfc 	bl	10004e30 <__mutex_enter_timeout_ms_veneer>
10004438:	7833      	ldrb	r3, [r6, #0]
1000443a:	075b      	lsls	r3, r3, #29
1000443c:	0fdd      	lsrs	r5, r3, #31
1000443e:	2b00      	cmp	r3, #0
10004440:	db04      	blt.n	1000444c <tu_edpt_release+0x24>
10004442:	0020      	movs	r0, r4
10004444:	f000 fcd4 	bl	10004df0 <__mutex_exit_veneer>
10004448:	0028      	movs	r0, r5
1000444a:	bd70      	pop	{r4, r5, r6, pc}
1000444c:	7833      	ldrb	r3, [r6, #0]
1000444e:	07db      	lsls	r3, r3, #31
10004450:	d404      	bmi.n	1000445c <tu_edpt_release+0x34>
10004452:	2204      	movs	r2, #4
10004454:	7833      	ldrb	r3, [r6, #0]
10004456:	4393      	bics	r3, r2
10004458:	7033      	strb	r3, [r6, #0]
1000445a:	e7f2      	b.n	10004442 <tu_edpt_release+0x1a>
1000445c:	2500      	movs	r5, #0
1000445e:	e7f0      	b.n	10004442 <tu_edpt_release+0x1a>

10004460 <tu_edpt_validate>:
10004460:	7943      	ldrb	r3, [r0, #5]
10004462:	7902      	ldrb	r2, [r0, #4]
10004464:	021b      	lsls	r3, r3, #8
10004466:	4313      	orrs	r3, r2
10004468:	78c2      	ldrb	r2, [r0, #3]
1000446a:	055b      	lsls	r3, r3, #21
1000446c:	0792      	lsls	r2, r2, #30
1000446e:	0d5b      	lsrs	r3, r3, #21
10004470:	0f92      	lsrs	r2, r2, #30
10004472:	2a02      	cmp	r2, #2
10004474:	d01d      	beq.n	100044b2 <tu_edpt_validate+0x52>
10004476:	2a03      	cmp	r2, #3
10004478:	d00c      	beq.n	10004494 <tu_edpt_validate+0x34>
1000447a:	2000      	movs	r0, #0
1000447c:	2a01      	cmp	r2, #1
1000447e:	d108      	bne.n	10004492 <tu_edpt_validate+0x32>
10004480:	3902      	subs	r1, #2
10004482:	424a      	negs	r2, r1
10004484:	4151      	adcs	r1, r2
10004486:	4a12      	ldr	r2, [pc, #72]	@ (100044d0 <tu_edpt_validate+0x70>)
10004488:	4694      	mov	ip, r2
1000448a:	4461      	add	r1, ip
1000448c:	4299      	cmp	r1, r3
1000448e:	4140      	adcs	r0, r0
10004490:	b2c0      	uxtb	r0, r0
10004492:	4770      	bx	lr
10004494:	3902      	subs	r1, #2
10004496:	1e4a      	subs	r2, r1, #1
10004498:	4191      	sbcs	r1, r2
1000449a:	4a0e      	ldr	r2, [pc, #56]	@ (100044d4 <tu_edpt_validate+0x74>)
1000449c:	4249      	negs	r1, r1
1000449e:	4011      	ands	r1, r2
100044a0:	2280      	movs	r2, #128	@ 0x80
100044a2:	00d2      	lsls	r2, r2, #3
100044a4:	4694      	mov	ip, r2
100044a6:	2000      	movs	r0, #0
100044a8:	4461      	add	r1, ip
100044aa:	4299      	cmp	r1, r3
100044ac:	4140      	adcs	r0, r0
100044ae:	b2c0      	uxtb	r0, r0
100044b0:	e7ef      	b.n	10004492 <tu_edpt_validate+0x32>
100044b2:	2902      	cmp	r1, #2
100044b4:	d005      	beq.n	100044c2 <tu_edpt_validate+0x62>
100044b6:	2000      	movs	r0, #0
100044b8:	2240      	movs	r2, #64	@ 0x40
100044ba:	429a      	cmp	r2, r3
100044bc:	4140      	adcs	r0, r0
100044be:	b2c0      	uxtb	r0, r0
100044c0:	e7e7      	b.n	10004492 <tu_edpt_validate+0x32>
100044c2:	4a05      	ldr	r2, [pc, #20]	@ (100044d8 <tu_edpt_validate+0x78>)
100044c4:	1898      	adds	r0, r3, r2
100044c6:	4243      	negs	r3, r0
100044c8:	4158      	adcs	r0, r3
100044ca:	b2c0      	uxtb	r0, r0
100044cc:	e7e1      	b.n	10004492 <tu_edpt_validate+0x32>
100044ce:	46c0      	nop			@ (mov r8, r8)
100044d0:	000003ff 	.word	0x000003ff
100044d4:	fffffc40 	.word	0xfffffc40
100044d8:	fffffe00 	.word	0xfffffe00

100044dc <tu_edpt_bind_driver>:
100044dc:	188a      	adds	r2, r1, r2
100044de:	b570      	push	{r4, r5, r6, lr}
100044e0:	4291      	cmp	r1, r2
100044e2:	d207      	bcs.n	100044f4 <tu_edpt_bind_driver+0x18>
100044e4:	267f      	movs	r6, #127	@ 0x7f
100044e6:	784c      	ldrb	r4, [r1, #1]
100044e8:	2c05      	cmp	r4, #5
100044ea:	d004      	beq.n	100044f6 <tu_edpt_bind_driver+0x1a>
100044ec:	780c      	ldrb	r4, [r1, #0]
100044ee:	1909      	adds	r1, r1, r4
100044f0:	428a      	cmp	r2, r1
100044f2:	d8f8      	bhi.n	100044e6 <tu_edpt_bind_driver+0xa>
100044f4:	bd70      	pop	{r4, r5, r6, pc}
100044f6:	0034      	movs	r4, r6
100044f8:	788d      	ldrb	r5, [r1, #2]
100044fa:	402c      	ands	r4, r5
100044fc:	0064      	lsls	r4, r4, #1
100044fe:	1904      	adds	r4, r0, r4
10004500:	09ed      	lsrs	r5, r5, #7
10004502:	5563      	strb	r3, [r4, r5]
10004504:	780c      	ldrb	r4, [r1, #0]
10004506:	1909      	adds	r1, r1, r4
10004508:	428a      	cmp	r2, r1
1000450a:	d8ec      	bhi.n	100044e6 <tu_edpt_bind_driver+0xa>
1000450c:	e7f2      	b.n	100044f4 <tu_edpt_bind_driver+0x18>
1000450e:	46c0      	nop			@ (mov r8, r8)

10004510 <tu_edpt_stream_init>:
10004510:	b5f0      	push	{r4, r5, r6, r7, lr}
10004512:	46c6      	mov	lr, r8
10004514:	b500      	push	{lr}
10004516:	b082      	sub	sp, #8
10004518:	0015      	movs	r5, r2
1000451a:	aa08      	add	r2, sp, #32
1000451c:	ca40      	ldmia	r2!, {r6}
1000451e:	0004      	movs	r4, r0
10004520:	8817      	ldrh	r7, [r2, #0]
10004522:	466a      	mov	r2, sp
10004524:	8d92      	ldrh	r2, [r2, #44]	@ 0x2c
10004526:	2001      	movs	r0, #1
10004528:	4690      	mov	r8, r2
1000452a:	000a      	movs	r2, r1
1000452c:	7821      	ldrb	r1, [r4, #0]
1000452e:	4002      	ands	r2, r0
10004530:	4381      	bics	r1, r0
10004532:	0020      	movs	r0, r4
10004534:	4311      	orrs	r1, r2
10004536:	7021      	strb	r1, [r4, #0]
10004538:	003a      	movs	r2, r7
1000453a:	9300      	str	r3, [sp, #0]
1000453c:	0031      	movs	r1, r6
1000453e:	2301      	movs	r3, #1
10004540:	3008      	adds	r0, #8
10004542:	f000 f8f1 	bl	10004728 <tu_fifo_config>
10004546:	2e00      	cmp	r6, #0
10004548:	d001      	beq.n	1000454e <tu_edpt_stream_init+0x3e>
1000454a:	2f00      	cmp	r7, #0
1000454c:	d108      	bne.n	10004560 <tu_edpt_stream_init+0x50>
1000454e:	9b0a      	ldr	r3, [sp, #40]	@ 0x28
10004550:	2001      	movs	r0, #1
10004552:	6063      	str	r3, [r4, #4]
10004554:	4643      	mov	r3, r8
10004556:	8063      	strh	r3, [r4, #2]
10004558:	b002      	add	sp, #8
1000455a:	bc80      	pop	{r7}
1000455c:	46b8      	mov	r8, r7
1000455e:	bdf0      	pop	{r4, r5, r6, r7, pc}
10004560:	0026      	movs	r6, r4
10004562:	361c      	adds	r6, #28
10004564:	0030      	movs	r0, r6
10004566:	f7fc fdc7 	bl	100010f8 <mutex_init>
1000456a:	2300      	movs	r3, #0
1000456c:	2d00      	cmp	r5, #0
1000456e:	d001      	beq.n	10004574 <tu_edpt_stream_init+0x64>
10004570:	0033      	movs	r3, r6
10004572:	2600      	movs	r6, #0
10004574:	6163      	str	r3, [r4, #20]
10004576:	61a6      	str	r6, [r4, #24]
10004578:	e7e9      	b.n	1000454e <tu_edpt_stream_init+0x3e>
1000457a:	46c0      	nop			@ (mov r8, r8)

1000457c <tu_edpt_stream_deinit>:
1000457c:	2001      	movs	r0, #1
1000457e:	4770      	bx	lr

10004580 <tu_edpt_stream_write_zlp_if_needed>:
10004580:	b5f8      	push	{r3, r4, r5, r6, r7, lr}
10004582:	2402      	movs	r4, #2
10004584:	780b      	ldrb	r3, [r1, #0]
10004586:	0007      	movs	r7, r0
10004588:	401c      	ands	r4, r3
1000458a:	4263      	negs	r3, r4
1000458c:	415c      	adcs	r4, r3
1000458e:	4b14      	ldr	r3, [pc, #80]	@ (100045e0 <tu_edpt_stream_write_zlp_if_needed+0x60>)
10004590:	4264      	negs	r4, r4
10004592:	401c      	ands	r4, r3
10004594:	4b13      	ldr	r3, [pc, #76]	@ (100045e4 <tu_edpt_stream_write_zlp_if_needed+0x64>)
10004596:	0008      	movs	r0, r1
10004598:	469c      	mov	ip, r3
1000459a:	3008      	adds	r0, #8
1000459c:	000d      	movs	r5, r1
1000459e:	0016      	movs	r6, r2
100045a0:	4464      	add	r4, ip
100045a2:	f000 f8f7 	bl	10004794 <tu_fifo_count>
100045a6:	2800      	cmp	r0, #0
100045a8:	d107      	bne.n	100045ba <tu_edpt_stream_write_zlp_if_needed+0x3a>
100045aa:	2e00      	cmp	r6, #0
100045ac:	d005      	beq.n	100045ba <tu_edpt_stream_write_zlp_if_needed+0x3a>
100045ae:	4234      	tst	r4, r6
100045b0:	d103      	bne.n	100045ba <tu_edpt_stream_write_zlp_if_needed+0x3a>
100045b2:	2401      	movs	r4, #1
100045b4:	782b      	ldrb	r3, [r5, #0]
100045b6:	421c      	tst	r4, r3
100045b8:	d001      	beq.n	100045be <tu_edpt_stream_write_zlp_if_needed+0x3e>
100045ba:	2000      	movs	r0, #0
100045bc:	bdf8      	pop	{r3, r4, r5, r6, r7, pc}
100045be:	0038      	movs	r0, r7
100045c0:	7869      	ldrb	r1, [r5, #1]
100045c2:	f7ff f9af 	bl	10003924 <usbd_edpt_claim>
100045c6:	2800      	cmp	r0, #0
100045c8:	d0f7      	beq.n	100045ba <tu_edpt_stream_write_zlp_if_needed+0x3a>
100045ca:	782b      	ldrb	r3, [r5, #0]
100045cc:	421c      	tst	r4, r3
100045ce:	d1f4      	bne.n	100045ba <tu_edpt_stream_write_zlp_if_needed+0x3a>
100045d0:	2300      	movs	r3, #0
100045d2:	2200      	movs	r2, #0
100045d4:	0038      	movs	r0, r7
100045d6:	7869      	ldrb	r1, [r5, #1]
100045d8:	f7ff f9cc 	bl	10003974 <usbd_edpt_xfer>
100045dc:	e7ee      	b.n	100045bc <tu_edpt_stream_write_zlp_if_needed+0x3c>
100045de:	46c0      	nop			@ (mov r8, r8)
100045e0:	fffffe40 	.word	0xfffffe40
100045e4:	000001ff 	.word	0x000001ff

100045e8 <tu_edpt_stream_write_xfer>:
100045e8:	b5f8      	push	{r3, r4, r5, r6, r7, lr}
100045ea:	000d      	movs	r5, r1
100045ec:	3508      	adds	r5, #8
100045ee:	0006      	movs	r6, r0
100045f0:	0028      	movs	r0, r5
100045f2:	000c      	movs	r4, r1
100045f4:	f000 f8ce 	bl	10004794 <tu_fifo_count>
100045f8:	2800      	cmp	r0, #0
100045fa:	d003      	beq.n	10004604 <tu_edpt_stream_write_xfer+0x1c>
100045fc:	2701      	movs	r7, #1
100045fe:	7823      	ldrb	r3, [r4, #0]
10004600:	421f      	tst	r7, r3
10004602:	d001      	beq.n	10004608 <tu_edpt_stream_write_xfer+0x20>
10004604:	2000      	movs	r0, #0
10004606:	bdf8      	pop	{r3, r4, r5, r6, r7, pc}
10004608:	0030      	movs	r0, r6
1000460a:	7861      	ldrb	r1, [r4, #1]
1000460c:	f7ff f98a 	bl	10003924 <usbd_edpt_claim>
10004610:	2800      	cmp	r0, #0
10004612:	d0f7      	beq.n	10004604 <tu_edpt_stream_write_xfer+0x1c>
10004614:	0028      	movs	r0, r5
10004616:	8862      	ldrh	r2, [r4, #2]
10004618:	6861      	ldr	r1, [r4, #4]
1000461a:	f000 f93d 	bl	10004898 <tu_fifo_read_n>
1000461e:	7823      	ldrb	r3, [r4, #0]
10004620:	0005      	movs	r5, r0
10004622:	401f      	ands	r7, r3
10004624:	2800      	cmp	r0, #0
10004626:	d00b      	beq.n	10004640 <tu_edpt_stream_write_xfer+0x58>
10004628:	2f00      	cmp	r7, #0
1000462a:	d1eb      	bne.n	10004604 <tu_edpt_stream_write_xfer+0x1c>
1000462c:	0003      	movs	r3, r0
1000462e:	6862      	ldr	r2, [r4, #4]
10004630:	0030      	movs	r0, r6
10004632:	7861      	ldrb	r1, [r4, #1]
10004634:	f7ff f99e 	bl	10003974 <usbd_edpt_xfer>
10004638:	2800      	cmp	r0, #0
1000463a:	d0e3      	beq.n	10004604 <tu_edpt_stream_write_xfer+0x1c>
1000463c:	0028      	movs	r0, r5
1000463e:	e7e2      	b.n	10004606 <tu_edpt_stream_write_xfer+0x1e>
10004640:	2f00      	cmp	r7, #0
10004642:	d1df      	bne.n	10004604 <tu_edpt_stream_write_xfer+0x1c>
10004644:	0030      	movs	r0, r6
10004646:	7861      	ldrb	r1, [r4, #1]
10004648:	f7ff f980 	bl	1000394c <usbd_edpt_release>
1000464c:	e7da      	b.n	10004604 <tu_edpt_stream_write_xfer+0x1c>
1000464e:	46c0      	nop			@ (mov r8, r8)

10004650 <tu_edpt_stream_read_xfer>:
10004650:	b5f8      	push	{r3, r4, r5, r6, r7, lr}
10004652:	46ce      	mov	lr, r9
10004654:	4647      	mov	r7, r8
10004656:	b580      	push	{r7, lr}
10004658:	898a      	ldrh	r2, [r1, #12]
1000465a:	0006      	movs	r6, r0
1000465c:	000c      	movs	r4, r1
1000465e:	780b      	ldrb	r3, [r1, #0]
10004660:	2a00      	cmp	r2, #0
10004662:	d107      	bne.n	10004674 <tu_edpt_stream_read_xfer+0x24>
10004664:	2501      	movs	r5, #1
10004666:	421d      	tst	r5, r3
10004668:	d040      	beq.n	100046ec <tu_edpt_stream_read_xfer+0x9c>
1000466a:	2000      	movs	r0, #0
1000466c:	bcc0      	pop	{r6, r7}
1000466e:	46b9      	mov	r9, r7
10004670:	46b0      	mov	r8, r6
10004672:	bdf8      	pop	{r3, r4, r5, r6, r7, pc}
10004674:	079b      	lsls	r3, r3, #30
10004676:	d433      	bmi.n	100046e0 <tu_edpt_stream_read_xfer+0x90>
10004678:	4b2a      	ldr	r3, [pc, #168]	@ (10004724 <tu_edpt_stream_read_xfer+0xd4>)
1000467a:	2540      	movs	r5, #64	@ 0x40
1000467c:	4699      	mov	r9, r3
1000467e:	0027      	movs	r7, r4
10004680:	3708      	adds	r7, #8
10004682:	0038      	movs	r0, r7
10004684:	f000 f8a4 	bl	100047d0 <tu_fifo_remaining>
10004688:	4285      	cmp	r5, r0
1000468a:	d8ee      	bhi.n	1000466a <tu_edpt_stream_read_xfer+0x1a>
1000468c:	2201      	movs	r2, #1
1000468e:	7823      	ldrb	r3, [r4, #0]
10004690:	4690      	mov	r8, r2
10004692:	421a      	tst	r2, r3
10004694:	d1e9      	bne.n	1000466a <tu_edpt_stream_read_xfer+0x1a>
10004696:	0030      	movs	r0, r6
10004698:	7861      	ldrb	r1, [r4, #1]
1000469a:	f7ff f943 	bl	10003924 <usbd_edpt_claim>
1000469e:	2800      	cmp	r0, #0
100046a0:	d0e3      	beq.n	1000466a <tu_edpt_stream_read_xfer+0x1a>
100046a2:	0038      	movs	r0, r7
100046a4:	f000 f894 	bl	100047d0 <tu_fifo_remaining>
100046a8:	4642      	mov	r2, r8
100046aa:	7823      	ldrb	r3, [r4, #0]
100046ac:	401a      	ands	r2, r3
100046ae:	4285      	cmp	r5, r0
100046b0:	d831      	bhi.n	10004716 <tu_edpt_stream_read_xfer+0xc6>
100046b2:	2a00      	cmp	r2, #0
100046b4:	d1d9      	bne.n	1000466a <tu_edpt_stream_read_xfer+0x1a>
100046b6:	464a      	mov	r2, r9
100046b8:	8863      	ldrh	r3, [r4, #2]
100046ba:	4002      	ands	r2, r0
100046bc:	1c1d      	adds	r5, r3, #0
100046be:	4293      	cmp	r3, r2
100046c0:	d900      	bls.n	100046c4 <tu_edpt_stream_read_xfer+0x74>
100046c2:	1c15      	adds	r5, r2, #0
100046c4:	b2ad      	uxth	r5, r5
100046c6:	2200      	movs	r2, #0
100046c8:	7861      	ldrb	r1, [r4, #1]
100046ca:	2d00      	cmp	r5, #0
100046cc:	d000      	beq.n	100046d0 <tu_edpt_stream_read_xfer+0x80>
100046ce:	6862      	ldr	r2, [r4, #4]
100046d0:	002b      	movs	r3, r5
100046d2:	0030      	movs	r0, r6
100046d4:	f7ff f94e 	bl	10003974 <usbd_edpt_xfer>
100046d8:	2800      	cmp	r0, #0
100046da:	d0c6      	beq.n	1000466a <tu_edpt_stream_read_xfer+0x1a>
100046dc:	0028      	movs	r0, r5
100046de:	e7c5      	b.n	1000466c <tu_edpt_stream_read_xfer+0x1c>
100046e0:	23fe      	movs	r3, #254	@ 0xfe
100046e2:	2580      	movs	r5, #128	@ 0x80
100046e4:	021b      	lsls	r3, r3, #8
100046e6:	4699      	mov	r9, r3
100046e8:	00ad      	lsls	r5, r5, #2
100046ea:	e7c8      	b.n	1000467e <tu_edpt_stream_read_xfer+0x2e>
100046ec:	7849      	ldrb	r1, [r1, #1]
100046ee:	f7ff f919 	bl	10003924 <usbd_edpt_claim>
100046f2:	2800      	cmp	r0, #0
100046f4:	d0b9      	beq.n	1000466a <tu_edpt_stream_read_xfer+0x1a>
100046f6:	7823      	ldrb	r3, [r4, #0]
100046f8:	421d      	tst	r5, r3
100046fa:	d1b6      	bne.n	1000466a <tu_edpt_stream_read_xfer+0x1a>
100046fc:	8863      	ldrh	r3, [r4, #2]
100046fe:	2200      	movs	r2, #0
10004700:	7861      	ldrb	r1, [r4, #1]
10004702:	2b00      	cmp	r3, #0
10004704:	d000      	beq.n	10004708 <tu_edpt_stream_read_xfer+0xb8>
10004706:	6862      	ldr	r2, [r4, #4]
10004708:	0030      	movs	r0, r6
1000470a:	f7ff f933 	bl	10003974 <usbd_edpt_xfer>
1000470e:	2800      	cmp	r0, #0
10004710:	d0ab      	beq.n	1000466a <tu_edpt_stream_read_xfer+0x1a>
10004712:	8860      	ldrh	r0, [r4, #2]
10004714:	e7aa      	b.n	1000466c <tu_edpt_stream_read_xfer+0x1c>
10004716:	2a00      	cmp	r2, #0
10004718:	d1a7      	bne.n	1000466a <tu_edpt_stream_read_xfer+0x1a>
1000471a:	0030      	movs	r0, r6
1000471c:	7861      	ldrb	r1, [r4, #1]
1000471e:	f7ff f915 	bl	1000394c <usbd_edpt_release>
10004722:	e7a2      	b.n	1000466a <tu_edpt_stream_read_xfer+0x1a>
10004724:	0000ffc0 	.word	0x0000ffc0

10004728 <tu_fifo_config>:
10004728:	b5f0      	push	{r4, r5, r6, r7, lr}
1000472a:	46c6      	mov	lr, r8
1000472c:	b500      	push	{lr}
1000472e:	0004      	movs	r4, r0
10004730:	4668      	mov	r0, sp
10004732:	7e05      	ldrb	r5, [r0, #24]
10004734:	2080      	movs	r0, #128	@ 0x80
10004736:	4688      	mov	r8, r1
10004738:	0017      	movs	r7, r2
1000473a:	001e      	movs	r6, r3
1000473c:	0200      	lsls	r0, r0, #8
1000473e:	4282      	cmp	r2, r0
10004740:	d826      	bhi.n	10004790 <tu_fifo_config+0x68>
10004742:	68e0      	ldr	r0, [r4, #12]
10004744:	2800      	cmp	r0, #0
10004746:	d003      	beq.n	10004750 <tu_fifo_config+0x28>
10004748:	2101      	movs	r1, #1
1000474a:	4249      	negs	r1, r1
1000474c:	f000 fb70 	bl	10004e30 <__mutex_enter_timeout_ms_veneer>
10004750:	6920      	ldr	r0, [r4, #16]
10004752:	2800      	cmp	r0, #0
10004754:	d003      	beq.n	1000475e <tu_fifo_config+0x36>
10004756:	2101      	movs	r1, #1
10004758:	4249      	negs	r1, r1
1000475a:	f000 fb69 	bl	10004e30 <__mutex_enter_timeout_ms_veneer>
1000475e:	4643      	mov	r3, r8
10004760:	6023      	str	r3, [r4, #0]
10004762:	0473      	lsls	r3, r6, #17
10004764:	0c5b      	lsrs	r3, r3, #17
10004766:	03ed      	lsls	r5, r5, #15
10004768:	431d      	orrs	r5, r3
1000476a:	2300      	movs	r3, #0
1000476c:	68e0      	ldr	r0, [r4, #12]
1000476e:	8163      	strh	r3, [r4, #10]
10004770:	80a7      	strh	r7, [r4, #4]
10004772:	80e5      	strh	r5, [r4, #6]
10004774:	8123      	strh	r3, [r4, #8]
10004776:	2800      	cmp	r0, #0
10004778:	d001      	beq.n	1000477e <tu_fifo_config+0x56>
1000477a:	f000 fb39 	bl	10004df0 <__mutex_exit_veneer>
1000477e:	6920      	ldr	r0, [r4, #16]
10004780:	2800      	cmp	r0, #0
10004782:	d001      	beq.n	10004788 <tu_fifo_config+0x60>
10004784:	f000 fb34 	bl	10004df0 <__mutex_exit_veneer>
10004788:	2001      	movs	r0, #1
1000478a:	bc80      	pop	{r7}
1000478c:	46b8      	mov	r8, r7
1000478e:	bdf0      	pop	{r4, r5, r6, r7, pc}
10004790:	2000      	movs	r0, #0
10004792:	e7fa      	b.n	1000478a <tu_fifo_config+0x62>

10004794 <tu_fifo_count>:
10004794:	b510      	push	{r4, lr}
10004796:	8904      	ldrh	r4, [r0, #8]
10004798:	8941      	ldrh	r1, [r0, #10]
1000479a:	8882      	ldrh	r2, [r0, #4]
1000479c:	b2a3      	uxth	r3, r4
1000479e:	b288      	uxth	r0, r1
100047a0:	428c      	cmp	r4, r1
100047a2:	d307      	bcc.n	100047b4 <tu_fifo_count+0x20>
100047a4:	1a1b      	subs	r3, r3, r0
100047a6:	b29b      	uxth	r3, r3
100047a8:	1c10      	adds	r0, r2, #0
100047aa:	429a      	cmp	r2, r3
100047ac:	d900      	bls.n	100047b0 <tu_fifo_count+0x1c>
100047ae:	1c18      	adds	r0, r3, #0
100047b0:	b280      	uxth	r0, r0
100047b2:	bd10      	pop	{r4, pc}
100047b4:	0051      	lsls	r1, r2, #1
100047b6:	1a09      	subs	r1, r1, r0
100047b8:	185b      	adds	r3, r3, r1
100047ba:	b29b      	uxth	r3, r3
100047bc:	e7f4      	b.n	100047a8 <tu_fifo_count+0x14>
100047be:	46c0      	nop			@ (mov r8, r8)

100047c0 <tu_fifo_empty>:
100047c0:	8903      	ldrh	r3, [r0, #8]
100047c2:	8940      	ldrh	r0, [r0, #10]
100047c4:	1a18      	subs	r0, r3, r0
100047c6:	4243      	negs	r3, r0
100047c8:	4158      	adcs	r0, r3
100047ca:	b2c0      	uxtb	r0, r0
100047cc:	4770      	bx	lr
100047ce:	46c0      	nop			@ (mov r8, r8)

100047d0 <tu_fifo_remaining>:
100047d0:	b510      	push	{r4, lr}
100047d2:	8904      	ldrh	r4, [r0, #8]
100047d4:	8941      	ldrh	r1, [r0, #10]
100047d6:	8882      	ldrh	r2, [r0, #4]
100047d8:	b2a3      	uxth	r3, r4
100047da:	b288      	uxth	r0, r1
100047dc:	428c      	cmp	r4, r1
100047de:	d307      	bcc.n	100047f0 <tu_fifo_remaining+0x20>
100047e0:	1a1b      	subs	r3, r3, r0
100047e2:	b29b      	uxth	r3, r3
100047e4:	2000      	movs	r0, #0
100047e6:	429a      	cmp	r2, r3
100047e8:	d901      	bls.n	100047ee <tu_fifo_remaining+0x1e>
100047ea:	1ad2      	subs	r2, r2, r3
100047ec:	b290      	uxth	r0, r2
100047ee:	bd10      	pop	{r4, pc}
100047f0:	0051      	lsls	r1, r2, #1
100047f2:	1a09      	subs	r1, r1, r0
100047f4:	185b      	adds	r3, r3, r1
100047f6:	b29b      	uxth	r3, r3
100047f8:	e7f4      	b.n	100047e4 <tu_fifo_remaining+0x14>
100047fa:	46c0      	nop			@ (mov r8, r8)

100047fc <tu_fifo_read>:
100047fc:	b570      	push	{r4, r5, r6, lr}
100047fe:	0004      	movs	r4, r0
10004800:	6900      	ldr	r0, [r0, #16]
10004802:	000e      	movs	r6, r1
10004804:	2800      	cmp	r0, #0
10004806:	d003      	beq.n	10004810 <tu_fifo_read+0x14>
10004808:	2101      	movs	r1, #1
1000480a:	4249      	negs	r1, r1
1000480c:	f000 fb10 	bl	10004e30 <__mutex_enter_timeout_ms_veneer>
10004810:	8925      	ldrh	r5, [r4, #8]
10004812:	8960      	ldrh	r0, [r4, #10]
10004814:	88a2      	ldrh	r2, [r4, #4]
10004816:	b2a9      	uxth	r1, r5
10004818:	b283      	uxth	r3, r0
1000481a:	4285      	cmp	r5, r0
1000481c:	d332      	bcc.n	10004884 <tu_fifo_read+0x88>
1000481e:	1acd      	subs	r5, r1, r3
10004820:	b2ad      	uxth	r5, r5
10004822:	2d00      	cmp	r5, #0
10004824:	d028      	beq.n	10004878 <tu_fifo_read+0x7c>
10004826:	42aa      	cmp	r2, r5
10004828:	d208      	bcs.n	1000483c <tu_fifo_read+0x40>
1000482a:	4291      	cmp	r1, r2
1000482c:	d32f      	bcc.n	1000488e <tu_fifo_read+0x92>
1000482e:	1a89      	subs	r1, r1, r2
10004830:	b28b      	uxth	r3, r1
10004832:	8163      	strh	r3, [r4, #10]
10004834:	429a      	cmp	r2, r3
10004836:	d803      	bhi.n	10004840 <tu_fifo_read+0x44>
10004838:	1a9b      	subs	r3, r3, r2
1000483a:	b29b      	uxth	r3, r3
1000483c:	429a      	cmp	r2, r3
1000483e:	d9fb      	bls.n	10004838 <tu_fifo_read+0x3c>
10004840:	88e2      	ldrh	r2, [r4, #6]
10004842:	6821      	ldr	r1, [r4, #0]
10004844:	0452      	lsls	r2, r2, #17
10004846:	0c52      	lsrs	r2, r2, #17
10004848:	4353      	muls	r3, r2
1000484a:	0030      	movs	r0, r6
1000484c:	18c9      	adds	r1, r1, r3
1000484e:	f7fd fc71 	bl	10002134 <__wrap___aeabi_memcpy>
10004852:	8963      	ldrh	r3, [r4, #10]
10004854:	2501      	movs	r5, #1
10004856:	1c59      	adds	r1, r3, #1
10004858:	b289      	uxth	r1, r1
1000485a:	88a2      	ldrh	r2, [r4, #4]
1000485c:	428b      	cmp	r3, r1
1000485e:	d90d      	bls.n	1000487c <tu_fifo_read+0x80>
10004860:	2100      	movs	r1, #0
10004862:	0052      	lsls	r2, r2, #1
10004864:	1a89      	subs	r1, r1, r2
10004866:	b289      	uxth	r1, r1
10004868:	6920      	ldr	r0, [r4, #16]
1000486a:	8161      	strh	r1, [r4, #10]
1000486c:	2800      	cmp	r0, #0
1000486e:	d001      	beq.n	10004874 <tu_fifo_read+0x78>
10004870:	f000 fabe 	bl	10004df0 <__mutex_exit_veneer>
10004874:	0028      	movs	r0, r5
10004876:	bd70      	pop	{r4, r5, r6, pc}
10004878:	8961      	ldrh	r1, [r4, #10]
1000487a:	b289      	uxth	r1, r1
1000487c:	0052      	lsls	r2, r2, #1
1000487e:	4291      	cmp	r1, r2
10004880:	dbf2      	blt.n	10004868 <tu_fifo_read+0x6c>
10004882:	e7ef      	b.n	10004864 <tu_fifo_read+0x68>
10004884:	0055      	lsls	r5, r2, #1
10004886:	1aed      	subs	r5, r5, r3
10004888:	194d      	adds	r5, r1, r5
1000488a:	b2ad      	uxth	r5, r5
1000488c:	e7c9      	b.n	10004822 <tu_fifo_read+0x26>
1000488e:	1889      	adds	r1, r1, r2
10004890:	b28b      	uxth	r3, r1
10004892:	8163      	strh	r3, [r4, #10]
10004894:	e7ce      	b.n	10004834 <tu_fifo_read+0x38>
10004896:	46c0      	nop			@ (mov r8, r8)

10004898 <tu_fifo_read_n>:
10004898:	b5f0      	push	{r4, r5, r6, r7, lr}
1000489a:	4646      	mov	r6, r8
1000489c:	464f      	mov	r7, r9
1000489e:	46d6      	mov	lr, sl
100048a0:	b5c0      	push	{r6, r7, lr}
100048a2:	0006      	movs	r6, r0
100048a4:	6900      	ldr	r0, [r0, #16]
100048a6:	4689      	mov	r9, r1
100048a8:	4690      	mov	r8, r2
100048aa:	2800      	cmp	r0, #0
100048ac:	d003      	beq.n	100048b6 <tu_fifo_read_n+0x1e>
100048ae:	2101      	movs	r1, #1
100048b0:	4249      	negs	r1, r1
100048b2:	f000 fabd 	bl	10004e30 <__mutex_enter_timeout_ms_veneer>
100048b6:	8931      	ldrh	r1, [r6, #8]
100048b8:	8972      	ldrh	r2, [r6, #10]
100048ba:	88b5      	ldrh	r5, [r6, #4]
100048bc:	b28b      	uxth	r3, r1
100048be:	b294      	uxth	r4, r2
100048c0:	4291      	cmp	r1, r2
100048c2:	d354      	bcc.n	1000496e <tu_fifo_read_n+0xd6>
100048c4:	1b1f      	subs	r7, r3, r4
100048c6:	b2bf      	uxth	r7, r7
100048c8:	2f00      	cmp	r7, #0
100048ca:	d04a      	beq.n	10004962 <tu_fifo_read_n+0xca>
100048cc:	42bd      	cmp	r5, r7
100048ce:	d205      	bcs.n	100048dc <tu_fifo_read_n+0x44>
100048d0:	42ab      	cmp	r3, r5
100048d2:	d251      	bcs.n	10004978 <tu_fifo_read_n+0xe0>
100048d4:	195b      	adds	r3, r3, r5
100048d6:	b29c      	uxth	r4, r3
100048d8:	002f      	movs	r7, r5
100048da:	8174      	strh	r4, [r6, #10]
100048dc:	4643      	mov	r3, r8
100048de:	45b8      	cmp	r8, r7
100048e0:	d83d      	bhi.n	1000495e <tu_fifo_read_n+0xc6>
100048e2:	b29f      	uxth	r7, r3
100048e4:	42a5      	cmp	r5, r4
100048e6:	d803      	bhi.n	100048f0 <tu_fifo_read_n+0x58>
100048e8:	1b64      	subs	r4, r4, r5
100048ea:	b2a4      	uxth	r4, r4
100048ec:	42a5      	cmp	r5, r4
100048ee:	d9fb      	bls.n	100048e8 <tu_fifo_read_n+0x50>
100048f0:	88f2      	ldrh	r2, [r6, #6]
100048f2:	6831      	ldr	r1, [r6, #0]
100048f4:	0452      	lsls	r2, r2, #17
100048f6:	0c52      	lsrs	r2, r2, #17
100048f8:	4690      	mov	r8, r2
100048fa:	4362      	muls	r2, r4
100048fc:	1b2b      	subs	r3, r5, r4
100048fe:	b29b      	uxth	r3, r3
10004900:	1889      	adds	r1, r1, r2
10004902:	4642      	mov	r2, r8
10004904:	429f      	cmp	r7, r3
10004906:	d925      	bls.n	10004954 <tu_fifo_read_n+0xbc>
10004908:	4353      	muls	r3, r2
1000490a:	b29b      	uxth	r3, r3
1000490c:	001a      	movs	r2, r3
1000490e:	4648      	mov	r0, r9
10004910:	469a      	mov	sl, r3
10004912:	f7fd fc0f 	bl	10002134 <__wrap___aeabi_memcpy>
10004916:	4643      	mov	r3, r8
10004918:	4648      	mov	r0, r9
1000491a:	1b7d      	subs	r5, r7, r5
1000491c:	1964      	adds	r4, r4, r5
1000491e:	435c      	muls	r4, r3
10004920:	6831      	ldr	r1, [r6, #0]
10004922:	4450      	add	r0, sl
10004924:	b2a2      	uxth	r2, r4
10004926:	f7fd fc05 	bl	10002134 <__wrap___aeabi_memcpy>
1000492a:	8971      	ldrh	r1, [r6, #10]
1000492c:	88b5      	ldrh	r5, [r6, #4]
1000492e:	19cb      	adds	r3, r1, r7
10004930:	b29b      	uxth	r3, r3
10004932:	006a      	lsls	r2, r5, #1
10004934:	4299      	cmp	r1, r3
10004936:	d916      	bls.n	10004966 <tu_fifo_read_n+0xce>
10004938:	1a9b      	subs	r3, r3, r2
1000493a:	b29b      	uxth	r3, r3
1000493c:	6930      	ldr	r0, [r6, #16]
1000493e:	8173      	strh	r3, [r6, #10]
10004940:	2800      	cmp	r0, #0
10004942:	d001      	beq.n	10004948 <tu_fifo_read_n+0xb0>
10004944:	f000 fa54 	bl	10004df0 <__mutex_exit_veneer>
10004948:	0038      	movs	r0, r7
1000494a:	bce0      	pop	{r5, r6, r7}
1000494c:	46ba      	mov	sl, r7
1000494e:	46b1      	mov	r9, r6
10004950:	46a8      	mov	r8, r5
10004952:	bdf0      	pop	{r4, r5, r6, r7, pc}
10004954:	4648      	mov	r0, r9
10004956:	437a      	muls	r2, r7
10004958:	f7fd fbec 	bl	10002134 <__wrap___aeabi_memcpy>
1000495c:	e7e5      	b.n	1000492a <tu_fifo_read_n+0x92>
1000495e:	1c3b      	adds	r3, r7, #0
10004960:	e7bf      	b.n	100048e2 <tu_fifo_read_n+0x4a>
10004962:	8973      	ldrh	r3, [r6, #10]
10004964:	b29b      	uxth	r3, r3
10004966:	006a      	lsls	r2, r5, #1
10004968:	4293      	cmp	r3, r2
1000496a:	dbe7      	blt.n	1000493c <tu_fifo_read_n+0xa4>
1000496c:	e7e4      	b.n	10004938 <tu_fifo_read_n+0xa0>
1000496e:	006f      	lsls	r7, r5, #1
10004970:	1b3f      	subs	r7, r7, r4
10004972:	19df      	adds	r7, r3, r7
10004974:	b2bf      	uxth	r7, r7
10004976:	e7a7      	b.n	100048c8 <tu_fifo_read_n+0x30>
10004978:	1b5b      	subs	r3, r3, r5
1000497a:	b29c      	uxth	r4, r3
1000497c:	e7ac      	b.n	100048d8 <tu_fifo_read_n+0x40>
1000497e:	46c0      	nop			@ (mov r8, r8)

10004980 <tu_fifo_write>:
10004980:	b5f8      	push	{r3, r4, r5, r6, r7, lr}
10004982:	0004      	movs	r4, r0
10004984:	68c0      	ldr	r0, [r0, #12]
10004986:	000e      	movs	r6, r1
10004988:	2800      	cmp	r0, #0
1000498a:	d003      	beq.n	10004994 <tu_fifo_write+0x14>
1000498c:	2101      	movs	r1, #1
1000498e:	4249      	negs	r1, r1
10004990:	f000 fa4e 	bl	10004e30 <__mutex_enter_timeout_ms_veneer>
10004994:	8925      	ldrh	r5, [r4, #8]
10004996:	8920      	ldrh	r0, [r4, #8]
10004998:	8961      	ldrh	r1, [r4, #10]
1000499a:	88a2      	ldrh	r2, [r4, #4]
1000499c:	b2ad      	uxth	r5, r5
1000499e:	b283      	uxth	r3, r0
100049a0:	b28f      	uxth	r7, r1
100049a2:	4288      	cmp	r0, r1
100049a4:	d329      	bcc.n	100049fa <tu_fifo_write+0x7a>
100049a6:	1bdb      	subs	r3, r3, r7
100049a8:	b29b      	uxth	r3, r3
100049aa:	429a      	cmp	r2, r3
100049ac:	d809      	bhi.n	100049c2 <tu_fifo_write+0x42>
100049ae:	79e7      	ldrb	r7, [r4, #7]
100049b0:	09ff      	lsrs	r7, r7, #7
100049b2:	d106      	bne.n	100049c2 <tu_fifo_write+0x42>
100049b4:	68e0      	ldr	r0, [r4, #12]
100049b6:	2800      	cmp	r0, #0
100049b8:	d001      	beq.n	100049be <tu_fifo_write+0x3e>
100049ba:	f000 fa19 	bl	10004df0 <__mutex_exit_veneer>
100049be:	0038      	movs	r0, r7
100049c0:	bdf8      	pop	{r3, r4, r5, r6, r7, pc}
100049c2:	002b      	movs	r3, r5
100049c4:	4295      	cmp	r5, r2
100049c6:	d31d      	bcc.n	10004a04 <tu_fifo_write+0x84>
100049c8:	1a9b      	subs	r3, r3, r2
100049ca:	b29b      	uxth	r3, r3
100049cc:	4293      	cmp	r3, r2
100049ce:	d2fb      	bcs.n	100049c8 <tu_fifo_write+0x48>
100049d0:	88e2      	ldrh	r2, [r4, #6]
100049d2:	6820      	ldr	r0, [r4, #0]
100049d4:	0452      	lsls	r2, r2, #17
100049d6:	0c52      	lsrs	r2, r2, #17
100049d8:	4353      	muls	r3, r2
100049da:	0031      	movs	r1, r6
100049dc:	18c0      	adds	r0, r0, r3
100049de:	f7fd fba9 	bl	10002134 <__wrap___aeabi_memcpy>
100049e2:	1c6b      	adds	r3, r5, #1
100049e4:	b29b      	uxth	r3, r3
100049e6:	88a2      	ldrh	r2, [r4, #4]
100049e8:	429d      	cmp	r5, r3
100049ea:	d917      	bls.n	10004a1c <tu_fifo_write+0x9c>
100049ec:	2300      	movs	r3, #0
100049ee:	0052      	lsls	r2, r2, #1
100049f0:	1a9b      	subs	r3, r3, r2
100049f2:	b29b      	uxth	r3, r3
100049f4:	2701      	movs	r7, #1
100049f6:	8123      	strh	r3, [r4, #8]
100049f8:	e7dc      	b.n	100049b4 <tu_fifo_write+0x34>
100049fa:	0051      	lsls	r1, r2, #1
100049fc:	1bc9      	subs	r1, r1, r7
100049fe:	185b      	adds	r3, r3, r1
10004a00:	b29b      	uxth	r3, r3
10004a02:	e7d2      	b.n	100049aa <tu_fifo_write+0x2a>
10004a04:	88e2      	ldrh	r2, [r4, #6]
10004a06:	6820      	ldr	r0, [r4, #0]
10004a08:	0452      	lsls	r2, r2, #17
10004a0a:	0c52      	lsrs	r2, r2, #17
10004a0c:	4353      	muls	r3, r2
10004a0e:	0031      	movs	r1, r6
10004a10:	18c0      	adds	r0, r0, r3
10004a12:	f7fd fb8f 	bl	10002134 <__wrap___aeabi_memcpy>
10004a16:	3501      	adds	r5, #1
10004a18:	88a2      	ldrh	r2, [r4, #4]
10004a1a:	b2ab      	uxth	r3, r5
10004a1c:	0052      	lsls	r2, r2, #1
10004a1e:	4293      	cmp	r3, r2
10004a20:	dbe8      	blt.n	100049f4 <tu_fifo_write+0x74>
10004a22:	e7e5      	b.n	100049f0 <tu_fifo_write+0x70>

10004a24 <tu_fifo_write_n>:
10004a24:	b5f0      	push	{r4, r5, r6, r7, lr}
10004a26:	464e      	mov	r6, r9
10004a28:	4657      	mov	r7, sl
10004a2a:	46de      	mov	lr, fp
10004a2c:	4645      	mov	r5, r8
10004a2e:	b5e0      	push	{r5, r6, r7, lr}
10004a30:	4689      	mov	r9, r1
10004a32:	0006      	movs	r6, r0
10004a34:	0017      	movs	r7, r2
10004a36:	b083      	sub	sp, #12
10004a38:	2a00      	cmp	r2, #0
10004a3a:	d067      	beq.n	10004b0c <tu_fifo_write_n+0xe8>
10004a3c:	68c0      	ldr	r0, [r0, #12]
10004a3e:	2800      	cmp	r0, #0
10004a40:	d003      	beq.n	10004a4a <tu_fifo_write_n+0x26>
10004a42:	2101      	movs	r1, #1
10004a44:	4249      	negs	r1, r1
10004a46:	f000 f9f3 	bl	10004e30 <__mutex_enter_timeout_ms_veneer>
10004a4a:	8933      	ldrh	r3, [r6, #8]
10004a4c:	79f2      	ldrb	r2, [r6, #7]
10004a4e:	b29b      	uxth	r3, r3
10004a50:	4698      	mov	r8, r3
10004a52:	8973      	ldrh	r3, [r6, #10]
10004a54:	88b5      	ldrh	r5, [r6, #4]
10004a56:	b29b      	uxth	r3, r3
10004a58:	09d2      	lsrs	r2, r2, #7
10004a5a:	d140      	bne.n	10004ade <tu_fifo_write_n+0xba>
10004a5c:	4598      	cmp	r8, r3
10004a5e:	d25e      	bcs.n	10004b1e <tu_fifo_write_n+0xfa>
10004a60:	006a      	lsls	r2, r5, #1
10004a62:	1ad3      	subs	r3, r2, r3
10004a64:	4443      	add	r3, r8
10004a66:	b29b      	uxth	r3, r3
10004a68:	42ab      	cmp	r3, r5
10004a6a:	d25d      	bcs.n	10004b28 <tu_fifo_write_n+0x104>
10004a6c:	1aeb      	subs	r3, r5, r3
10004a6e:	1c1a      	adds	r2, r3, #0
10004a70:	b29b      	uxth	r3, r3
10004a72:	42bb      	cmp	r3, r7
10004a74:	d900      	bls.n	10004a78 <tu_fifo_write_n+0x54>
10004a76:	1c3a      	adds	r2, r7, #0
10004a78:	b297      	uxth	r7, r2
10004a7a:	1b7b      	subs	r3, r7, r5
10004a7c:	b29b      	uxth	r3, r3
10004a7e:	9301      	str	r3, [sp, #4]
10004a80:	88f3      	ldrh	r3, [r6, #6]
10004a82:	045b      	lsls	r3, r3, #17
10004a84:	0c5b      	lsrs	r3, r3, #17
10004a86:	469a      	mov	sl, r3
10004a88:	4643      	mov	r3, r8
10004a8a:	19db      	adds	r3, r3, r7
10004a8c:	b29b      	uxth	r3, r3
10004a8e:	469b      	mov	fp, r3
10004a90:	4644      	mov	r4, r8
10004a92:	45a8      	cmp	r8, r5
10004a94:	d303      	bcc.n	10004a9e <tu_fifo_write_n+0x7a>
10004a96:	1b64      	subs	r4, r4, r5
10004a98:	b2a4      	uxth	r4, r4
10004a9a:	42ac      	cmp	r4, r5
10004a9c:	d2fb      	bcs.n	10004a96 <tu_fifo_write_n+0x72>
10004a9e:	4653      	mov	r3, sl
10004aa0:	4363      	muls	r3, r4
10004aa2:	6830      	ldr	r0, [r6, #0]
10004aa4:	1b2d      	subs	r5, r5, r4
10004aa6:	b2ad      	uxth	r5, r5
10004aa8:	18c0      	adds	r0, r0, r3
10004aaa:	42bd      	cmp	r5, r7
10004aac:	d34b      	bcc.n	10004b46 <tu_fifo_write_n+0x122>
10004aae:	4652      	mov	r2, sl
10004ab0:	4649      	mov	r1, r9
10004ab2:	437a      	muls	r2, r7
10004ab4:	f7fd fb3e 	bl	10002134 <__wrap___aeabi_memcpy>
10004ab8:	88b3      	ldrh	r3, [r6, #4]
10004aba:	005b      	lsls	r3, r3, #1
10004abc:	45d8      	cmp	r8, fp
10004abe:	d801      	bhi.n	10004ac4 <tu_fifo_write_n+0xa0>
10004ac0:	459b      	cmp	fp, r3
10004ac2:	db03      	blt.n	10004acc <tu_fifo_write_n+0xa8>
10004ac4:	465a      	mov	r2, fp
10004ac6:	1ad3      	subs	r3, r2, r3
10004ac8:	b29b      	uxth	r3, r3
10004aca:	469b      	mov	fp, r3
10004acc:	465b      	mov	r3, fp
10004ace:	003d      	movs	r5, r7
10004ad0:	8133      	strh	r3, [r6, #8]
10004ad2:	68f0      	ldr	r0, [r6, #12]
10004ad4:	2800      	cmp	r0, #0
10004ad6:	d01a      	beq.n	10004b0e <tu_fifo_write_n+0xea>
10004ad8:	f000 f98a 	bl	10004df0 <__mutex_exit_veneer>
10004adc:	e017      	b.n	10004b0e <tu_fifo_write_n+0xea>
10004ade:	88f2      	ldrh	r2, [r6, #6]
10004ae0:	0452      	lsls	r2, r2, #17
10004ae2:	0c52      	lsrs	r2, r2, #17
10004ae4:	4692      	mov	sl, r2
10004ae6:	42af      	cmp	r7, r5
10004ae8:	d220      	bcs.n	10004b2c <tu_fifo_write_n+0x108>
10004aea:	4598      	cmp	r8, r3
10004aec:	d34d      	bcc.n	10004b8a <tu_fifo_write_n+0x166>
10004aee:	4642      	mov	r2, r8
10004af0:	1ad2      	subs	r2, r2, r3
10004af2:	b292      	uxth	r2, r2
10004af4:	0069      	lsls	r1, r5, #1
10004af6:	1b78      	subs	r0, r7, r5
10004af8:	b280      	uxth	r0, r0
10004afa:	19d2      	adds	r2, r2, r7
10004afc:	9001      	str	r0, [sp, #4]
10004afe:	428a      	cmp	r2, r1
10004b00:	da33      	bge.n	10004b6a <tu_fifo_write_n+0x146>
10004b02:	4643      	mov	r3, r8
10004b04:	18fb      	adds	r3, r7, r3
10004b06:	b29b      	uxth	r3, r3
10004b08:	469b      	mov	fp, r3
10004b0a:	e7c1      	b.n	10004a90 <tu_fifo_write_n+0x6c>
10004b0c:	2500      	movs	r5, #0
10004b0e:	0028      	movs	r0, r5
10004b10:	b003      	add	sp, #12
10004b12:	bcf0      	pop	{r4, r5, r6, r7}
10004b14:	46bb      	mov	fp, r7
10004b16:	46b2      	mov	sl, r6
10004b18:	46a9      	mov	r9, r5
10004b1a:	46a0      	mov	r8, r4
10004b1c:	bdf0      	pop	{r4, r5, r6, r7, pc}
10004b1e:	4642      	mov	r2, r8
10004b20:	1ad3      	subs	r3, r2, r3
10004b22:	b29b      	uxth	r3, r3
10004b24:	42ab      	cmp	r3, r5
10004b26:	d3a1      	bcc.n	10004a6c <tu_fifo_write_n+0x48>
10004b28:	2500      	movs	r5, #0
10004b2a:	e7d2      	b.n	10004ad2 <tu_fifo_write_n+0xae>
10004b2c:	2d00      	cmp	r5, #0
10004b2e:	d0d0      	beq.n	10004ad2 <tu_fifo_write_n+0xae>
10004b30:	1b7f      	subs	r7, r7, r5
10004b32:	4357      	muls	r7, r2
10004b34:	4698      	mov	r8, r3
10004b36:	195a      	adds	r2, r3, r5
10004b38:	2300      	movs	r3, #0
10004b3a:	b292      	uxth	r2, r2
10004b3c:	44b9      	add	r9, r7
10004b3e:	4693      	mov	fp, r2
10004b40:	002f      	movs	r7, r5
10004b42:	9301      	str	r3, [sp, #4]
10004b44:	e7a4      	b.n	10004a90 <tu_fifo_write_n+0x6c>
10004b46:	4653      	mov	r3, sl
10004b48:	435d      	muls	r5, r3
10004b4a:	b2ad      	uxth	r5, r5
10004b4c:	002a      	movs	r2, r5
10004b4e:	4649      	mov	r1, r9
10004b50:	f7fd faf0 	bl	10002134 <__wrap___aeabi_memcpy>
10004b54:	9b01      	ldr	r3, [sp, #4]
10004b56:	0029      	movs	r1, r5
10004b58:	18e2      	adds	r2, r4, r3
10004b5a:	4653      	mov	r3, sl
10004b5c:	435a      	muls	r2, r3
10004b5e:	6830      	ldr	r0, [r6, #0]
10004b60:	b292      	uxth	r2, r2
10004b62:	4449      	add	r1, r9
10004b64:	f7fd fae6 	bl	10002134 <__wrap___aeabi_memcpy>
10004b68:	e7a6      	b.n	10004ab8 <tu_fifo_write_n+0x94>
10004b6a:	195a      	adds	r2, r3, r5
10004b6c:	b292      	uxth	r2, r2
10004b6e:	4693      	mov	fp, r2
10004b70:	1bd2      	subs	r2, r2, r7
10004b72:	b292      	uxth	r2, r2
10004b74:	4690      	mov	r8, r2
10004b76:	4293      	cmp	r3, r2
10004b78:	d90c      	bls.n	10004b94 <tu_fifo_write_n+0x170>
10004b7a:	4643      	mov	r3, r8
10004b7c:	1a59      	subs	r1, r3, r1
10004b7e:	b28b      	uxth	r3, r1
10004b80:	4698      	mov	r8, r3
10004b82:	18fb      	adds	r3, r7, r3
10004b84:	b29b      	uxth	r3, r3
10004b86:	469b      	mov	fp, r3
10004b88:	e782      	b.n	10004a90 <tu_fifo_write_n+0x6c>
10004b8a:	0069      	lsls	r1, r5, #1
10004b8c:	1aca      	subs	r2, r1, r3
10004b8e:	4442      	add	r2, r8
10004b90:	b292      	uxth	r2, r2
10004b92:	e7b0      	b.n	10004af6 <tu_fifo_write_n+0xd2>
10004b94:	4291      	cmp	r1, r2
10004b96:	dd00      	ble.n	10004b9a <tu_fifo_write_n+0x176>
10004b98:	e77a      	b.n	10004a90 <tu_fifo_write_n+0x6c>
10004b9a:	e7ee      	b.n	10004b7a <tu_fifo_write_n+0x156>

10004b9c <tu_fifo_clear>:
10004b9c:	b510      	push	{r4, lr}
10004b9e:	0004      	movs	r4, r0
10004ba0:	68c0      	ldr	r0, [r0, #12]
10004ba2:	2800      	cmp	r0, #0
10004ba4:	d003      	beq.n	10004bae <tu_fifo_clear+0x12>
10004ba6:	2101      	movs	r1, #1
10004ba8:	4249      	negs	r1, r1
10004baa:	f000 f941 	bl	10004e30 <__mutex_enter_timeout_ms_veneer>
10004bae:	6920      	ldr	r0, [r4, #16]
10004bb0:	2800      	cmp	r0, #0
10004bb2:	d003      	beq.n	10004bbc <tu_fifo_clear+0x20>
10004bb4:	2101      	movs	r1, #1
10004bb6:	4249      	negs	r1, r1
10004bb8:	f000 f93a 	bl	10004e30 <__mutex_enter_timeout_ms_veneer>
10004bbc:	2300      	movs	r3, #0
10004bbe:	68e0      	ldr	r0, [r4, #12]
10004bc0:	8163      	strh	r3, [r4, #10]
10004bc2:	8123      	strh	r3, [r4, #8]
10004bc4:	2800      	cmp	r0, #0
10004bc6:	d001      	beq.n	10004bcc <tu_fifo_clear+0x30>
10004bc8:	f000 f912 	bl	10004df0 <__mutex_exit_veneer>
10004bcc:	6920      	ldr	r0, [r4, #16]
10004bce:	2800      	cmp	r0, #0
10004bd0:	d001      	beq.n	10004bd6 <tu_fifo_clear+0x3a>
10004bd2:	f000 f90d 	bl	10004df0 <__mutex_exit_veneer>
10004bd6:	2001      	movs	r0, #1
10004bd8:	bd10      	pop	{r4, pc}
10004bda:	46c0      	nop			@ (mov r8, r8)

10004bdc <tu_fifo_set_overwritable>:
10004bdc:	b570      	push	{r4, r5, r6, lr}
10004bde:	0004      	movs	r4, r0
10004be0:	68c0      	ldr	r0, [r0, #12]
10004be2:	000d      	movs	r5, r1
10004be4:	2800      	cmp	r0, #0
10004be6:	d003      	beq.n	10004bf0 <tu_fifo_set_overwritable+0x14>
10004be8:	2101      	movs	r1, #1
10004bea:	4249      	negs	r1, r1
10004bec:	f000 f920 	bl	10004e30 <__mutex_enter_timeout_ms_veneer>
10004bf0:	6920      	ldr	r0, [r4, #16]
10004bf2:	2800      	cmp	r0, #0
10004bf4:	d003      	beq.n	10004bfe <tu_fifo_set_overwritable+0x22>
10004bf6:	2101      	movs	r1, #1
10004bf8:	4249      	negs	r1, r1
10004bfa:	f000 f919 	bl	10004e30 <__mutex_enter_timeout_ms_veneer>
10004bfe:	217f      	movs	r1, #127	@ 0x7f
10004c00:	79e3      	ldrb	r3, [r4, #7]
10004c02:	01ed      	lsls	r5, r5, #7
10004c04:	4019      	ands	r1, r3
10004c06:	68e0      	ldr	r0, [r4, #12]
10004c08:	4329      	orrs	r1, r5
10004c0a:	71e1      	strb	r1, [r4, #7]
10004c0c:	2800      	cmp	r0, #0
10004c0e:	d001      	beq.n	10004c14 <tu_fifo_set_overwritable+0x38>
10004c10:	f000 f8ee 	bl	10004df0 <__mutex_exit_veneer>
10004c14:	6920      	ldr	r0, [r4, #16]
10004c16:	2800      	cmp	r0, #0
10004c18:	d001      	beq.n	10004c1e <tu_fifo_set_overwritable+0x42>
10004c1a:	f000 f8e9 	bl	10004df0 <__mutex_exit_veneer>
10004c1e:	2001      	movs	r0, #1
10004c20:	bd70      	pop	{r4, r5, r6, pc}
10004c22:	46c0      	nop			@ (mov r8, r8)

10004c24 <spi_init>:
10004c24:	b5f0      	push	{r4, r5, r6, r7, lr}
10004c26:	464e      	mov	r6, r9
10004c28:	4681      	mov	r9, r0
10004c2a:	4a47      	ldr	r2, [pc, #284]	@ (10004d48 <spi_init+0x124>)
10004c2c:	46de      	mov	lr, fp
10004c2e:	444a      	add	r2, r9
10004c30:	1e53      	subs	r3, r2, #1
10004c32:	419a      	sbcs	r2, r3
10004c34:	2380      	movs	r3, #128	@ 0x80
10004c36:	4657      	mov	r7, sl
10004c38:	4645      	mov	r5, r8
10004c3a:	025b      	lsls	r3, r3, #9
10004c3c:	469c      	mov	ip, r3
10004c3e:	b5e0      	push	{r5, r6, r7, lr}
10004c40:	4b42      	ldr	r3, [pc, #264]	@ (10004d4c <spi_init+0x128>)
10004c42:	0412      	lsls	r2, r2, #16
10004c44:	4462      	add	r2, ip
10004c46:	b085      	sub	sp, #20
10004c48:	601a      	str	r2, [r3, #0]
10004c4a:	4b41      	ldr	r3, [pc, #260]	@ (10004d50 <spi_init+0x12c>)
10004c4c:	000c      	movs	r4, r1
10004c4e:	4941      	ldr	r1, [pc, #260]	@ (10004d54 <spi_init+0x130>)
10004c50:	601a      	str	r2, [r3, #0]
10004c52:	0010      	movs	r0, r2
10004c54:	680b      	ldr	r3, [r1, #0]
10004c56:	4398      	bics	r0, r3
10004c58:	d1fb      	bne.n	10004c52 <spi_init+0x2e>
10004c5a:	4680      	mov	r8, r0
10004c5c:	2006      	movs	r0, #6
10004c5e:	f7fc ff95 	bl	10001b8c <clock_get_hz>
10004c62:	464b      	mov	r3, r9
10004c64:	685a      	ldr	r2, [r3, #4]
10004c66:	2302      	movs	r3, #2
10004c68:	401a      	ands	r2, r3
10004c6a:	9201      	str	r2, [sp, #4]
10004c6c:	464a      	mov	r2, r9
10004c6e:	9000      	str	r0, [sp, #0]
10004c70:	2080      	movs	r0, #128	@ 0x80
10004c72:	3204      	adds	r2, #4
10004c74:	9202      	str	r2, [sp, #8]
10004c76:	4a38      	ldr	r2, [pc, #224]	@ (10004d58 <spi_init+0x134>)
10004c78:	0de7      	lsrs	r7, r4, #23
10004c7a:	444a      	add	r2, r9
10004c7c:	0266      	lsls	r6, r4, #9
10004c7e:	6013      	str	r3, [r2, #0]
10004c80:	4693      	mov	fp, r2
10004c82:	003b      	movs	r3, r7
10004c84:	0032      	movs	r2, r6
10004c86:	2502      	movs	r5, #2
10004c88:	0040      	lsls	r0, r0, #1
10004c8a:	e007      	b.n	10004c9c <spi_init+0x78>
10004c8c:	9900      	ldr	r1, [sp, #0]
10004c8e:	4291      	cmp	r1, r2
10004c90:	d306      	bcc.n	10004ca0 <spi_init+0x7c>
10004c92:	3502      	adds	r5, #2
10004c94:	1992      	adds	r2, r2, r6
10004c96:	417b      	adcs	r3, r7
10004c98:	4285      	cmp	r5, r0
10004c9a:	d001      	beq.n	10004ca0 <spi_init+0x7c>
10004c9c:	2b00      	cmp	r3, #0
10004c9e:	d0f5      	beq.n	10004c8c <spi_init+0x68>
10004ca0:	4643      	mov	r3, r8
10004ca2:	2680      	movs	r6, #128	@ 0x80
10004ca4:	9303      	str	r3, [sp, #12]
10004ca6:	9b00      	ldr	r3, [sp, #0]
10004ca8:	022f      	lsls	r7, r5, #8
10004caa:	46aa      	mov	sl, r5
10004cac:	4698      	mov	r8, r3
10004cae:	1b7f      	subs	r7, r7, r5
10004cb0:	0076      	lsls	r6, r6, #1
10004cb2:	e003      	b.n	10004cbc <spi_init+0x98>
10004cb4:	4653      	mov	r3, sl
10004cb6:	1aff      	subs	r7, r7, r3
10004cb8:	2e01      	cmp	r6, #1
10004cba:	d03f      	beq.n	10004d3c <spi_init+0x118>
10004cbc:	0039      	movs	r1, r7
10004cbe:	4640      	mov	r0, r8
10004cc0:	0035      	movs	r5, r6
10004cc2:	3e01      	subs	r6, #1
10004cc4:	f7fd f948 	bl	10001f58 <__wrap___aeabi_uidiv>
10004cc8:	4284      	cmp	r4, r0
10004cca:	d2f3      	bcs.n	10004cb4 <spi_init+0x90>
10004ccc:	002b      	movs	r3, r5
10004cce:	4655      	mov	r5, sl
10004cd0:	469a      	mov	sl, r3
10004cd2:	4650      	mov	r0, sl
10004cd4:	0233      	lsls	r3, r6, #8
10004cd6:	4698      	mov	r8, r3
10004cd8:	4368      	muls	r0, r5
10004cda:	464b      	mov	r3, r9
10004cdc:	4642      	mov	r2, r8
10004cde:	611d      	str	r5, [r3, #16]
10004ce0:	681b      	ldr	r3, [r3, #0]
10004ce2:	2680      	movs	r6, #128	@ 0x80
10004ce4:	4053      	eors	r3, r2
10004ce6:	22ff      	movs	r2, #255	@ 0xff
10004ce8:	0176      	lsls	r6, r6, #5
10004cea:	0212      	lsls	r2, r2, #8
10004cec:	4013      	ands	r3, r2
10004cee:	444e      	add	r6, r9
10004cf0:	6033      	str	r3, [r6, #0]
10004cf2:	2380      	movs	r3, #128	@ 0x80
10004cf4:	019b      	lsls	r3, r3, #6
10004cf6:	469c      	mov	ip, r3
10004cf8:	9a02      	ldr	r2, [sp, #8]
10004cfa:	9b01      	ldr	r3, [sp, #4]
10004cfc:	4462      	add	r2, ip
10004cfe:	6013      	str	r3, [r2, #0]
10004d00:	2102      	movs	r1, #2
10004d02:	465c      	mov	r4, fp
10004d04:	464b      	mov	r3, r9
10004d06:	685b      	ldr	r3, [r3, #4]
10004d08:	6021      	str	r1, [r4, #0]
10004d0a:	464c      	mov	r4, r9
10004d0c:	6827      	ldr	r7, [r4, #0]
10004d0e:	2407      	movs	r4, #7
10004d10:	4067      	eors	r7, r4
10004d12:	34c8      	adds	r4, #200	@ 0xc8
10004d14:	403c      	ands	r4, r7
10004d16:	6034      	str	r4, [r6, #0]
10004d18:	2403      	movs	r4, #3
10004d1a:	400b      	ands	r3, r1
10004d1c:	6013      	str	r3, [r2, #0]
10004d1e:	4b0f      	ldr	r3, [pc, #60]	@ (10004d5c <spi_init+0x138>)
10004d20:	444b      	add	r3, r9
10004d22:	601c      	str	r4, [r3, #0]
10004d24:	6011      	str	r1, [r2, #0]
10004d26:	0001      	movs	r1, r0
10004d28:	9800      	ldr	r0, [sp, #0]
10004d2a:	f7fd f915 	bl	10001f58 <__wrap___aeabi_uidiv>
10004d2e:	b005      	add	sp, #20
10004d30:	bcf0      	pop	{r4, r5, r6, r7}
10004d32:	46bb      	mov	fp, r7
10004d34:	46b2      	mov	sl, r6
10004d36:	46a9      	mov	r9, r5
10004d38:	46a0      	mov	r8, r4
10004d3a:	bdf0      	pop	{r4, r5, r6, r7, pc}
10004d3c:	4655      	mov	r5, sl
10004d3e:	9b03      	ldr	r3, [sp, #12]
10004d40:	0028      	movs	r0, r5
10004d42:	4698      	mov	r8, r3
10004d44:	e7c9      	b.n	10004cda <spi_init+0xb6>
10004d46:	46c0      	nop			@ (mov r8, r8)
10004d48:	bffc4000 	.word	0xbffc4000
10004d4c:	4000e000 	.word	0x4000e000
10004d50:	4000f000 	.word	0x4000f000
10004d54:	4000c008 	.word	0x4000c008
10004d58:	00003004 	.word	0x00003004
10004d5c:	00002024 	.word	0x00002024

10004d60 <strlen>:
10004d60:	b510      	push	{r4, lr}
10004d62:	0783      	lsls	r3, r0, #30
10004d64:	d00a      	beq.n	10004d7c <strlen+0x1c>
10004d66:	0003      	movs	r3, r0
10004d68:	2103      	movs	r1, #3
10004d6a:	e002      	b.n	10004d72 <strlen+0x12>
10004d6c:	3301      	adds	r3, #1
10004d6e:	420b      	tst	r3, r1
10004d70:	d005      	beq.n	10004d7e <strlen+0x1e>
10004d72:	781a      	ldrb	r2, [r3, #0]
10004d74:	2a00      	cmp	r2, #0
10004d76:	d1f9      	bne.n	10004d6c <strlen+0xc>
10004d78:	1a18      	subs	r0, r3, r0
10004d7a:	bd10      	pop	{r4, pc}
10004d7c:	0003      	movs	r3, r0
10004d7e:	6819      	ldr	r1, [r3, #0]
10004d80:	4a0c      	ldr	r2, [pc, #48]	@ (10004db4 <strlen+0x54>)
10004d82:	4c0d      	ldr	r4, [pc, #52]	@ (10004db8 <strlen+0x58>)
10004d84:	188a      	adds	r2, r1, r2
10004d86:	438a      	bics	r2, r1
10004d88:	4222      	tst	r2, r4
10004d8a:	d10f      	bne.n	10004dac <strlen+0x4c>
10004d8c:	6859      	ldr	r1, [r3, #4]
10004d8e:	4a09      	ldr	r2, [pc, #36]	@ (10004db4 <strlen+0x54>)
10004d90:	3304      	adds	r3, #4
10004d92:	188a      	adds	r2, r1, r2
10004d94:	438a      	bics	r2, r1
10004d96:	4222      	tst	r2, r4
10004d98:	d108      	bne.n	10004dac <strlen+0x4c>
10004d9a:	6859      	ldr	r1, [r3, #4]
10004d9c:	4a05      	ldr	r2, [pc, #20]	@ (10004db4 <strlen+0x54>)
10004d9e:	3304      	adds	r3, #4
10004da0:	188a      	adds	r2, r1, r2
10004da2:	438a      	bics	r2, r1
10004da4:	4222      	tst	r2, r4
10004da6:	d0f1      	beq.n	10004d8c <strlen+0x2c>
10004da8:	e000      	b.n	10004dac <strlen+0x4c>
10004daa:	3301      	adds	r3, #1
10004dac:	781a      	ldrb	r2, [r3, #0]
10004dae:	2a00      	cmp	r2, #0
10004db0:	d1fb      	bne.n	10004daa <strlen+0x4a>
10004db2:	e7e1      	b.n	10004d78 <strlen+0x18>
10004db4:	fefefeff 	.word	0xfefefeff
10004db8:	80808080 	.word	0x80808080

10004dbc <_fini>:
10004dbc:	b5f8      	push	{r3, r4, r5, r6, r7, lr}
10004dbe:	46c0      	nop			@ (mov r8, r8)

10004dc0 <__reset_non_control_endpoints_veneer>:
10004dc0:	b401      	push	{r0}
10004dc2:	4802      	ldr	r0, [pc, #8]	@ (10004dcc <__reset_non_control_endpoints_veneer+0xc>)
10004dc4:	4684      	mov	ip, r0
10004dc6:	bc01      	pop	{r0}
10004dc8:	4760      	bx	ip
10004dca:	bf00      	nop
10004dcc:	200003f1 	.word	0x200003f1

10004dd0 <__e15_is_bulkin_ep_veneer>:
10004dd0:	b401      	push	{r0}
10004dd2:	4802      	ldr	r0, [pc, #8]	@ (10004ddc <__e15_is_bulkin_ep_veneer+0xc>)
10004dd4:	4684      	mov	ip, r0
10004dd6:	bc01      	pop	{r0}
10004dd8:	4760      	bx	ip
10004dda:	bf00      	nop
10004ddc:	20000bcd 	.word	0x20000bcd

10004de0 <__flash_do_cmd_veneer>:
10004de0:	b401      	push	{r0}
10004de2:	4802      	ldr	r0, [pc, #8]	@ (10004dec <__flash_do_cmd_veneer+0xc>)
10004de4:	4684      	mov	ip, r0
10004de6:	bc01      	pop	{r0}
10004de8:	4760      	bx	ip
10004dea:	bf00      	nop
10004dec:	200002c1 	.word	0x200002c1

10004df0 <__mutex_exit_veneer>:
10004df0:	b401      	push	{r0}
10004df2:	4802      	ldr	r0, [pc, #8]	@ (10004dfc <__mutex_exit_veneer+0xc>)
10004df4:	4684      	mov	ip, r0
10004df6:	bc01      	pop	{r0}
10004df8:	4760      	bx	ip
10004dfa:	bf00      	nop
10004dfc:	20000225 	.word	0x20000225

10004e00 <__e15_is_critical_frame_period_veneer>:
10004e00:	b401      	push	{r0}
10004e02:	4802      	ldr	r0, [pc, #8]	@ (10004e0c <__e15_is_critical_frame_period_veneer+0xc>)
10004e04:	4684      	mov	ip, r0
10004e06:	bc01      	pop	{r0}
10004e08:	4760      	bx	ip
10004e0a:	bf00      	nop
10004e0c:	20000bf5 	.word	0x20000bf5

10004e10 <____aeabi_idiv0_veneer>:
10004e10:	b401      	push	{r0}
10004e12:	4802      	ldr	r0, [pc, #8]	@ (10004e1c <____aeabi_idiv0_veneer+0xc>)
10004e14:	4684      	mov	ip, r0
10004e16:	bc01      	pop	{r0}
10004e18:	4760      	bx	ip
10004e1a:	bf00      	nop
10004e1c:	20000f5d 	.word	0x20000f5d

10004e20 <__mutex_try_enter_veneer>:
10004e20:	b401      	push	{r0}
10004e22:	4802      	ldr	r0, [pc, #8]	@ (10004e2c <__mutex_try_enter_veneer+0xc>)
10004e24:	4684      	mov	ip, r0
10004e26:	bc01      	pop	{r0}
10004e28:	4760      	bx	ip
10004e2a:	bf00      	nop
10004e2c:	200000c1 	.word	0x200000c1

10004e30 <__mutex_enter_timeout_ms_veneer>:
10004e30:	b401      	push	{r0}
10004e32:	4802      	ldr	r0, [pc, #8]	@ (10004e3c <__mutex_enter_timeout_ms_veneer+0xc>)
10004e34:	4684      	mov	ip, r0
10004e36:	bc01      	pop	{r0}
10004e38:	4760      	bx	ip
10004e3a:	bf00      	nop
10004e3c:	20000199 	.word	0x20000199

10004e40 <__spi_write_blocking_veneer>:
10004e40:	b401      	push	{r0}
10004e42:	4802      	ldr	r0, [pc, #8]	@ (10004e4c <__spi_write_blocking_veneer+0xc>)
10004e44:	4684      	mov	ip, r0
10004e46:	bc01      	pop	{r0}
10004e48:	4760      	bx	ip
10004e4a:	bf00      	nop
10004e4c:	20000f11 	.word	0x20000f11

10004e50 <__mutex_try_enter_block_until_veneer>:
10004e50:	b401      	push	{r0}
10004e52:	4802      	ldr	r0, [pc, #8]	@ (10004e5c <__mutex_try_enter_block_until_veneer+0xc>)
10004e54:	4684      	mov	ip, r0
10004e56:	bc01      	pop	{r0}
10004e58:	4760      	bx	ip
10004e5a:	bf00      	nop
10004e5c:	20000101 	.word	0x20000101

10004e60 <__hw_endpoint_start_next_buffer_veneer>:
10004e60:	b401      	push	{r0}
10004e62:	4802      	ldr	r0, [pc, #8]	@ (10004e6c <__hw_endpoint_start_next_buffer_veneer+0xc>)
10004e64:	4684      	mov	ip, r0
10004e66:	bc01      	pop	{r0}
10004e68:	4760      	bx	ip
10004e6a:	bf00      	nop
10004e6c:	20000c85 	.word	0x20000c85

10004e70 <___hw_endpoint_buffer_control_update32_veneer>:
10004e70:	b401      	push	{r0}
10004e72:	4802      	ldr	r0, [pc, #8]	@ (10004e7c <___hw_endpoint_buffer_control_update32_veneer+0xc>)
10004e74:	4684      	mov	ip, r0
10004e76:	bc01      	pop	{r0}
10004e78:	4760      	bx	ip
10004e7a:	bf00      	nop
10004e7c:	20000c35 	.word	0x20000c35

10004e80 <__pre_init_runtime_init_early_resets>:
10004e80:	10001dd1                                ....

10004e84 <__pre_init_runtime_init_usb_power_down>:
10004e84:	10001dfd 10001f49 10002119 10001fb1     ....I....!......
10004e94:	100020bd                                . ..

10004e98 <__pre_init_runtime_init_clocks>:
10004e98:	10001e71                                q...

10004e9c <__pre_init_runtime_init_post_clock_resets>:
10004e9c:	10001e19                                ....

10004ea0 <__pre_init_runtime_init_rp2040_gpio_ie_disable>:
10004ea0:	10001e39                                9...

10004ea4 <__pre_init_runtime_init_spin_locks_reset>:
10004ea4:	10001e4d                                M...

10004ea8 <__pre_init_runtime_init_mutex>:
10004ea8:	100010a9                                ....

10004eac <__pre_init_runtime_init_install_ram_vector_table>:
10004eac:	10001e55                                U...

10004eb0 <__pre_init_runtime_init_default_alarm_pool>:
10004eb0:	10001475                                u...

10004eb4 <__pre_init_first_per_core_initializer>:
10004eb4:	10001d99                                ....

10004eb8 <__pre_init_runtime_init_per_core_irq_priorities>:
10004eb8:	10000cdd                                ....

10004ebc <__frame_dummy_init_array_entry>:
10004ebc:	100002b1 10000335 10002a19              ....5....*..

Disassembly of section .data:

200000c0 <mutex_try_enter>:
200000c0:	0003      	movs	r3, r0
200000c2:	6800      	ldr	r0, [r0, #0]
200000c4:	f3ef 8c10 	mrs	ip, PRIMASK
200000c8:	b672      	cpsid	i
200000ca:	6802      	ldr	r2, [r0, #0]
200000cc:	2a00      	cmp	r2, #0
200000ce:	d0fc      	beq.n	200000ca <mutex_try_enter+0xa>
200000d0:	f3bf 8f5f 	dmb	sy
200000d4:	2204      	movs	r2, #4
200000d6:	569a      	ldrsb	r2, [r3, r2]
200000d8:	2a00      	cmp	r2, #0
200000da:	db0b      	blt.n	200000f4 <mutex_try_enter+0x34>
200000dc:	2900      	cmp	r1, #0
200000de:	d000      	beq.n	200000e2 <mutex_try_enter+0x22>
200000e0:	600a      	str	r2, [r1, #0]
200000e2:	2000      	movs	r0, #0
200000e4:	681b      	ldr	r3, [r3, #0]
200000e6:	f3bf 8f5f 	dmb	sy
200000ea:	2200      	movs	r2, #0
200000ec:	601a      	str	r2, [r3, #0]
200000ee:	f38c 8810 	msr	PRIMASK, ip
200000f2:	4770      	bx	lr
200000f4:	22d0      	movs	r2, #208	@ 0xd0
200000f6:	0612      	lsls	r2, r2, #24
200000f8:	6812      	ldr	r2, [r2, #0]
200000fa:	2001      	movs	r0, #1
200000fc:	711a      	strb	r2, [r3, #4]
200000fe:	e7f1      	b.n	200000e4 <mutex_try_enter+0x24>

20000100 <mutex_try_enter_block_until>:
20000100:	b5f0      	push	{r4, r5, r6, r7, lr}
20000102:	46c6      	mov	lr, r8
20000104:	0015      	movs	r5, r2
20000106:	b500      	push	{lr}
20000108:	0004      	movs	r4, r0
2000010a:	001e      	movs	r6, r3
2000010c:	6802      	ldr	r2, [r0, #0]
2000010e:	f3ef 8110 	mrs	r1, PRIMASK
20000112:	b672      	cpsid	i
20000114:	6813      	ldr	r3, [r2, #0]
20000116:	2b00      	cmp	r3, #0
20000118:	d0fc      	beq.n	20000114 <mutex_try_enter_block_until+0x14>
2000011a:	f3bf 8f5f 	dmb	sy
2000011e:	2304      	movs	r3, #4
20000120:	56e3      	ldrsb	r3, [r4, r3]
20000122:	6822      	ldr	r2, [r4, #0]
20000124:	2b00      	cmp	r3, #0
20000126:	db2b      	blt.n	20000180 <mutex_try_enter_block_until+0x80>
20000128:	f3bf 8f5f 	dmb	sy
2000012c:	2000      	movs	r0, #0
2000012e:	6010      	str	r0, [r2, #0]
20000130:	f381 8810 	msr	PRIMASK, r1
20000134:	22d0      	movs	r2, #208	@ 0xd0
20000136:	0612      	lsls	r2, r2, #24
20000138:	7812      	ldrb	r2, [r2, #0]
2000013a:	2700      	movs	r7, #0
2000013c:	b252      	sxtb	r2, r2
2000013e:	4690      	mov	r8, r2
20000140:	429a      	cmp	r2, r3
20000142:	d10e      	bne.n	20000162 <mutex_try_enter_block_until+0x62>
20000144:	2000      	movs	r0, #0
20000146:	bc80      	pop	{r7}
20000148:	46b8      	mov	r8, r7
2000014a:	bdf0      	pop	{r4, r5, r6, r7, pc}
2000014c:	f3bf 8f5f 	dmb	sy
20000150:	6017      	str	r7, [r2, #0]
20000152:	f381 8810 	msr	PRIMASK, r1
20000156:	0028      	movs	r0, r5
20000158:	0031      	movs	r1, r6
2000015a:	f000 ff21 	bl	20000fa0 <__best_effort_wfe_or_timeout_veneer>
2000015e:	2800      	cmp	r0, #0
20000160:	d1f0      	bne.n	20000144 <mutex_try_enter_block_until+0x44>
20000162:	6822      	ldr	r2, [r4, #0]
20000164:	f3ef 8110 	mrs	r1, PRIMASK
20000168:	b672      	cpsid	i
2000016a:	6813      	ldr	r3, [r2, #0]
2000016c:	2b00      	cmp	r3, #0
2000016e:	d0fc      	beq.n	2000016a <mutex_try_enter_block_until+0x6a>
20000170:	f3bf 8f5f 	dmb	sy
20000174:	7923      	ldrb	r3, [r4, #4]
20000176:	6822      	ldr	r2, [r4, #0]
20000178:	2b7f      	cmp	r3, #127	@ 0x7f
2000017a:	d9e7      	bls.n	2000014c <mutex_try_enter_block_until+0x4c>
2000017c:	4643      	mov	r3, r8
2000017e:	e002      	b.n	20000186 <mutex_try_enter_block_until+0x86>
20000180:	23d0      	movs	r3, #208	@ 0xd0
20000182:	061b      	lsls	r3, r3, #24
20000184:	681b      	ldr	r3, [r3, #0]
20000186:	7123      	strb	r3, [r4, #4]
20000188:	f3bf 8f5f 	dmb	sy
2000018c:	2300      	movs	r3, #0
2000018e:	6013      	str	r3, [r2, #0]
20000190:	f381 8810 	msr	PRIMASK, r1
20000194:	2001      	movs	r0, #1
20000196:	e7d6      	b.n	20000146 <mutex_try_enter_block_until+0x46>

20000198 <mutex_enter_timeout_ms>:
20000198:	b5f0      	push	{r4, r5, r6, r7, lr}
2000019a:	46c6      	mov	lr, r8
2000019c:	b500      	push	{lr}
2000019e:	000d      	movs	r5, r1
200001a0:	0004      	movs	r4, r0
200001a2:	f000 ff05 	bl	20000fb0 <__time_us_64_veneer>
200001a6:	22fa      	movs	r2, #250	@ 0xfa
200001a8:	0006      	movs	r6, r0
200001aa:	000f      	movs	r7, r1
200001ac:	2300      	movs	r3, #0
200001ae:	0028      	movs	r0, r5
200001b0:	2100      	movs	r1, #0
200001b2:	0092      	lsls	r2, r2, #2
200001b4:	f000 feec 	bl	20000f90 <____wrap___aeabi_lmul_veneer>
200001b8:	1836      	adds	r6, r6, r0
200001ba:	414f      	adcs	r7, r1
200001bc:	2f00      	cmp	r7, #0
200001be:	da02      	bge.n	200001c6 <mutex_enter_timeout_ms+0x2e>
200001c0:	2601      	movs	r6, #1
200001c2:	4f17      	ldr	r7, [pc, #92]	@ (20000220 <mutex_enter_timeout_ms+0x88>)
200001c4:	4276      	negs	r6, r6
200001c6:	23d0      	movs	r3, #208	@ 0xd0
200001c8:	061b      	lsls	r3, r3, #24
200001ca:	681b      	ldr	r3, [r3, #0]
200001cc:	2500      	movs	r5, #0
200001ce:	4698      	mov	r8, r3
200001d0:	e00a      	b.n	200001e8 <mutex_enter_timeout_ms+0x50>
200001d2:	f3bf 8f5f 	dmb	sy
200001d6:	6015      	str	r5, [r2, #0]
200001d8:	f381 8810 	msr	PRIMASK, r1
200001dc:	0030      	movs	r0, r6
200001de:	0039      	movs	r1, r7
200001e0:	f000 fede 	bl	20000fa0 <__best_effort_wfe_or_timeout_veneer>
200001e4:	2800      	cmp	r0, #0
200001e6:	d118      	bne.n	2000021a <mutex_enter_timeout_ms+0x82>
200001e8:	6822      	ldr	r2, [r4, #0]
200001ea:	f3ef 8110 	mrs	r1, PRIMASK
200001ee:	b672      	cpsid	i
200001f0:	6813      	ldr	r3, [r2, #0]
200001f2:	2b00      	cmp	r3, #0
200001f4:	d0fc      	beq.n	200001f0 <mutex_enter_timeout_ms+0x58>
200001f6:	f3bf 8f5f 	dmb	sy
200001fa:	7923      	ldrb	r3, [r4, #4]
200001fc:	6822      	ldr	r2, [r4, #0]
200001fe:	2b7f      	cmp	r3, #127	@ 0x7f
20000200:	d9e7      	bls.n	200001d2 <mutex_enter_timeout_ms+0x3a>
20000202:	4643      	mov	r3, r8
20000204:	7123      	strb	r3, [r4, #4]
20000206:	f3bf 8f5f 	dmb	sy
2000020a:	2300      	movs	r3, #0
2000020c:	6013      	str	r3, [r2, #0]
2000020e:	f381 8810 	msr	PRIMASK, r1
20000212:	2001      	movs	r0, #1
20000214:	bc80      	pop	{r7}
20000216:	46b8      	mov	r8, r7
20000218:	bdf0      	pop	{r4, r5, r6, r7, pc}
2000021a:	2000      	movs	r0, #0
2000021c:	e7fa      	b.n	20000214 <mutex_enter_timeout_ms+0x7c>
2000021e:	46c0      	nop			@ (mov r8, r8)
20000220:	7fffffff 	.word	0x7fffffff

20000224 <mutex_exit>:
20000224:	6802      	ldr	r2, [r0, #0]
20000226:	f3ef 8110 	mrs	r1, PRIMASK
2000022a:	b672      	cpsid	i
2000022c:	6813      	ldr	r3, [r2, #0]
2000022e:	2b00      	cmp	r3, #0
20000230:	d0fc      	beq.n	2000022c <mutex_exit+0x8>
20000232:	f3bf 8f5f 	dmb	sy
20000236:	23ff      	movs	r3, #255	@ 0xff
20000238:	7103      	strb	r3, [r0, #4]
2000023a:	6803      	ldr	r3, [r0, #0]
2000023c:	f3bf 8f5f 	dmb	sy
20000240:	2200      	movs	r2, #0
20000242:	601a      	str	r2, [r3, #0]
20000244:	f381 8810 	msr	PRIMASK, r1
20000248:	bf40      	sev
2000024a:	4770      	bx	lr

2000024c <flash_init_boot2_copyout>:
2000024c:	b510      	push	{r4, lr}
2000024e:	4c08      	ldr	r4, [pc, #32]	@ (20000270 <flash_init_boot2_copyout+0x24>)
20000250:	7823      	ldrb	r3, [r4, #0]
20000252:	2b00      	cmp	r3, #0
20000254:	d10a      	bne.n	2000026c <flash_init_boot2_copyout+0x20>
20000256:	2380      	movs	r3, #128	@ 0x80
20000258:	4806      	ldr	r0, [pc, #24]	@ (20000274 <flash_init_boot2_copyout+0x28>)
2000025a:	4907      	ldr	r1, [pc, #28]	@ (20000278 <flash_init_boot2_copyout+0x2c>)
2000025c:	055b      	lsls	r3, r3, #21
2000025e:	681a      	ldr	r2, [r3, #0]
20000260:	50c2      	str	r2, [r0, r3]
20000262:	3304      	adds	r3, #4
20000264:	428b      	cmp	r3, r1
20000266:	d1fa      	bne.n	2000025e <flash_init_boot2_copyout+0x12>
20000268:	2301      	movs	r3, #1
2000026a:	7023      	strb	r3, [r4, #0]
2000026c:	bd10      	pop	{r4, pc}
2000026e:	46c0      	nop			@ (mov r8, r8)
20000270:	200213dc 	.word	0x200213dc
20000274:	10001908 	.word	0x10001908
20000278:	10000100 	.word	0x10000100

2000027c <flash_enable_xip_via_boot2>:
2000027c:	b510      	push	{r4, lr}
2000027e:	4b01      	ldr	r3, [pc, #4]	@ (20000284 <flash_enable_xip_via_boot2+0x8>)
20000280:	4798      	blx	r3
20000282:	bd10      	pop	{r4, pc}
20000284:	20001909 	.word	0x20001909

20000288 <flash_cs_force.constprop.0>:
20000288:	4b03      	ldr	r3, [pc, #12]	@ (20000298 <flash_cs_force.constprop.0+0x10>)
2000028a:	681a      	ldr	r2, [r3, #0]
2000028c:	23c0      	movs	r3, #192	@ 0xc0
2000028e:	009b      	lsls	r3, r3, #2
20000290:	4393      	bics	r3, r2
20000292:	4a02      	ldr	r2, [pc, #8]	@ (2000029c <flash_cs_force.constprop.0+0x14>)
20000294:	6013      	str	r3, [r2, #0]
20000296:	4770      	bx	lr
20000298:	4001800c 	.word	0x4001800c
2000029c:	4001900c 	.word	0x4001900c

200002a0 <flash_cs_force.constprop.1>:
200002a0:	4b05      	ldr	r3, [pc, #20]	@ (200002b8 <flash_cs_force.constprop.1+0x18>)
200002a2:	681a      	ldr	r2, [r3, #0]
200002a4:	2380      	movs	r3, #128	@ 0x80
200002a6:	009b      	lsls	r3, r3, #2
200002a8:	4053      	eors	r3, r2
200002aa:	22c0      	movs	r2, #192	@ 0xc0
200002ac:	0092      	lsls	r2, r2, #2
200002ae:	4013      	ands	r3, r2
200002b0:	4a02      	ldr	r2, [pc, #8]	@ (200002bc <flash_cs_force.constprop.1+0x1c>)
200002b2:	6013      	str	r3, [r2, #0]
200002b4:	4770      	bx	lr
200002b6:	46c0      	nop			@ (mov r8, r8)
200002b8:	4001800c 	.word	0x4001800c
200002bc:	4001900c 	.word	0x4001900c

200002c0 <flash_do_cmd>:
200002c0:	2300      	movs	r3, #0
200002c2:	b5f0      	push	{r4, r5, r6, r7, lr}
200002c4:	46de      	mov	lr, fp
200002c6:	4657      	mov	r7, sl
200002c8:	464e      	mov	r6, r9
200002ca:	4645      	mov	r5, r8
200002cc:	469a      	mov	sl, r3
200002ce:	b5e0      	push	{r5, r6, r7, lr}
200002d0:	b083      	sub	sp, #12
200002d2:	9001      	str	r0, [sp, #4]
200002d4:	000e      	movs	r6, r1
200002d6:	8a98      	ldrh	r0, [r3, #20]
200002d8:	4942      	ldr	r1, [pc, #264]	@ (200003e4 <flash_do_cmd+0x124>)
200002da:	8b1b      	ldrh	r3, [r3, #24]
200002dc:	0014      	movs	r4, r2
200002de:	4798      	blx	r3
200002e0:	4653      	mov	r3, sl
200002e2:	4681      	mov	r9, r0
200002e4:	4940      	ldr	r1, [pc, #256]	@ (200003e8 <flash_do_cmd+0x128>)
200002e6:	8a98      	ldrh	r0, [r3, #20]
200002e8:	8b1b      	ldrh	r3, [r3, #24]
200002ea:	4798      	blx	r3
200002ec:	4653      	mov	r3, sl
200002ee:	493f      	ldr	r1, [pc, #252]	@ (200003ec <flash_do_cmd+0x12c>)
200002f0:	0005      	movs	r5, r0
200002f2:	8a98      	ldrh	r0, [r3, #20]
200002f4:	8b1b      	ldrh	r3, [r3, #24]
200002f6:	4798      	blx	r3
200002f8:	4680      	mov	r8, r0
200002fa:	f7ff ffa7 	bl	2000024c <flash_init_boot2_copyout>
200002fe:	47c8      	blx	r9
20000300:	47a8      	blx	r5
20000302:	f7ff ffcd 	bl	200002a0 <flash_cs_force.constprop.1>
20000306:	1e25      	subs	r5, r4, #0
20000308:	d022      	beq.n	20000350 <flash_do_cmd+0x90>
2000030a:	2308      	movs	r3, #8
2000030c:	21c0      	movs	r1, #192	@ 0xc0
2000030e:	469c      	mov	ip, r3
20000310:	2002      	movs	r0, #2
20000312:	0549      	lsls	r1, r1, #21
20000314:	4662      	mov	r2, ip
20000316:	6a8b      	ldr	r3, [r1, #40]	@ 0x28
20000318:	401a      	ands	r2, r3
2000031a:	4218      	tst	r0, r3
2000031c:	d03c      	beq.n	20000398 <flash_do_cmd+0xd8>
2000031e:	1b63      	subs	r3, r4, r5
20000320:	2d00      	cmp	r5, #0
20000322:	d12c      	bne.n	2000037e <flash_do_cmd+0xbe>
20000324:	2a00      	cmp	r2, #0
20000326:	d111      	bne.n	2000034c <flash_do_cmd+0x8c>
20000328:	2c00      	cmp	r4, #0
2000032a:	d011      	beq.n	20000350 <flash_do_cmd+0x90>
2000032c:	23c0      	movs	r3, #192	@ 0xc0
2000032e:	055b      	lsls	r3, r3, #21
20000330:	469b      	mov	fp, r3
20000332:	2302      	movs	r3, #2
20000334:	469a      	mov	sl, r3
20000336:	3306      	adds	r3, #6
20000338:	4699      	mov	r9, r3
2000033a:	465b      	mov	r3, fp
2000033c:	464a      	mov	r2, r9
2000033e:	4657      	mov	r7, sl
20000340:	6a9b      	ldr	r3, [r3, #40]	@ 0x28
20000342:	401a      	ands	r2, r3
20000344:	421f      	tst	r7, r3
20000346:	d03f      	beq.n	200003c8 <flash_do_cmd+0x108>
20000348:	2a00      	cmp	r2, #0
2000034a:	d0f6      	beq.n	2000033a <flash_do_cmd+0x7a>
2000034c:	2c00      	cmp	r4, #0
2000034e:	d12d      	bne.n	200003ac <flash_do_cmd+0xec>
20000350:	f7ff ff9a 	bl	20000288 <flash_cs_force.constprop.0>
20000354:	47c0      	blx	r8
20000356:	f7ff ff91 	bl	2000027c <flash_enable_xip_via_boot2>
2000035a:	b003      	add	sp, #12
2000035c:	bcf0      	pop	{r4, r5, r6, r7}
2000035e:	46bb      	mov	fp, r7
20000360:	46b2      	mov	sl, r6
20000362:	46a9      	mov	r9, r5
20000364:	46a0      	mov	r8, r4
20000366:	bdf0      	pop	{r4, r5, r6, r7, pc}
20000368:	2c00      	cmp	r4, #0
2000036a:	d12f      	bne.n	200003cc <flash_do_cmd+0x10c>
2000036c:	22c0      	movs	r2, #192	@ 0xc0
2000036e:	0552      	lsls	r2, r2, #21
20000370:	6a92      	ldr	r2, [r2, #40]	@ 0x28
20000372:	4691      	mov	r9, r2
20000374:	2208      	movs	r2, #8
20000376:	464f      	mov	r7, r9
20000378:	403a      	ands	r2, r7
2000037a:	07bf      	lsls	r7, r7, #30
2000037c:	d52d      	bpl.n	200003da <flash_do_cmd+0x11a>
2000037e:	2b0d      	cmp	r3, #13
20000380:	d91b      	bls.n	200003ba <flash_do_cmd+0xfa>
20000382:	2a00      	cmp	r2, #0
20000384:	d1f0      	bne.n	20000368 <flash_do_cmd+0xa8>
20000386:	22c0      	movs	r2, #192	@ 0xc0
20000388:	0552      	lsls	r2, r2, #21
2000038a:	6a92      	ldr	r2, [r2, #40]	@ 0x28
2000038c:	4691      	mov	r9, r2
2000038e:	2208      	movs	r2, #8
20000390:	464f      	mov	r7, r9
20000392:	403a      	ands	r2, r7
20000394:	07bf      	lsls	r7, r7, #30
20000396:	d4f2      	bmi.n	2000037e <flash_do_cmd+0xbe>
20000398:	2a00      	cmp	r2, #0
2000039a:	d104      	bne.n	200003a6 <flash_do_cmd+0xe6>
2000039c:	002b      	movs	r3, r5
2000039e:	4323      	orrs	r3, r4
200003a0:	2b00      	cmp	r3, #0
200003a2:	d1b7      	bne.n	20000314 <flash_do_cmd+0x54>
200003a4:	e7d4      	b.n	20000350 <flash_do_cmd+0x90>
200003a6:	002b      	movs	r3, r5
200003a8:	2c00      	cmp	r4, #0
200003aa:	d0f9      	beq.n	200003a0 <flash_do_cmd+0xe0>
200003ac:	6e0b      	ldr	r3, [r1, #96]	@ 0x60
200003ae:	3c01      	subs	r4, #1
200003b0:	7033      	strb	r3, [r6, #0]
200003b2:	0023      	movs	r3, r4
200003b4:	3601      	adds	r6, #1
200003b6:	432b      	orrs	r3, r5
200003b8:	e7f2      	b.n	200003a0 <flash_do_cmd+0xe0>
200003ba:	9f01      	ldr	r7, [sp, #4]
200003bc:	3d01      	subs	r5, #1
200003be:	783b      	ldrb	r3, [r7, #0]
200003c0:	3701      	adds	r7, #1
200003c2:	660b      	str	r3, [r1, #96]	@ 0x60
200003c4:	9701      	str	r7, [sp, #4]
200003c6:	e7e7      	b.n	20000398 <flash_do_cmd+0xd8>
200003c8:	2500      	movs	r5, #0
200003ca:	e7e5      	b.n	20000398 <flash_do_cmd+0xd8>
200003cc:	23c0      	movs	r3, #192	@ 0xc0
200003ce:	055b      	lsls	r3, r3, #21
200003d0:	6e1b      	ldr	r3, [r3, #96]	@ 0x60
200003d2:	3c01      	subs	r4, #1
200003d4:	7033      	strb	r3, [r6, #0]
200003d6:	3601      	adds	r6, #1
200003d8:	e79c      	b.n	20000314 <flash_do_cmd+0x54>
200003da:	002b      	movs	r3, r5
200003dc:	2a00      	cmp	r2, #0
200003de:	d1df      	bne.n	200003a0 <flash_do_cmd+0xe0>
200003e0:	e7dc      	b.n	2000039c <flash_do_cmd+0xdc>
200003e2:	46c0      	nop			@ (mov r8, r8)
200003e4:	00004649 	.word	0x00004649
200003e8:	00005845 	.word	0x00005845
200003ec:	00004346 	.word	0x00004346

200003f0 <reset_non_control_endpoints>:
200003f0:	2200      	movs	r2, #0
200003f2:	4b15      	ldr	r3, [pc, #84]	@ (20000448 <reset_non_control_endpoints+0x58>)
200003f4:	b510      	push	{r4, lr}
200003f6:	609a      	str	r2, [r3, #8]
200003f8:	60da      	str	r2, [r3, #12]
200003fa:	611a      	str	r2, [r3, #16]
200003fc:	615a      	str	r2, [r3, #20]
200003fe:	619a      	str	r2, [r3, #24]
20000400:	61da      	str	r2, [r3, #28]
20000402:	621a      	str	r2, [r3, #32]
20000404:	625a      	str	r2, [r3, #36]	@ 0x24
20000406:	629a      	str	r2, [r3, #40]	@ 0x28
20000408:	62da      	str	r2, [r3, #44]	@ 0x2c
2000040a:	631a      	str	r2, [r3, #48]	@ 0x30
2000040c:	635a      	str	r2, [r3, #52]	@ 0x34
2000040e:	639a      	str	r2, [r3, #56]	@ 0x38
20000410:	63da      	str	r2, [r3, #60]	@ 0x3c
20000412:	641a      	str	r2, [r3, #64]	@ 0x40
20000414:	645a      	str	r2, [r3, #68]	@ 0x44
20000416:	649a      	str	r2, [r3, #72]	@ 0x48
20000418:	64da      	str	r2, [r3, #76]	@ 0x4c
2000041a:	651a      	str	r2, [r3, #80]	@ 0x50
2000041c:	655a      	str	r2, [r3, #84]	@ 0x54
2000041e:	659a      	str	r2, [r3, #88]	@ 0x58
20000420:	65da      	str	r2, [r3, #92]	@ 0x5c
20000422:	661a      	str	r2, [r3, #96]	@ 0x60
20000424:	665a      	str	r2, [r3, #100]	@ 0x64
20000426:	669a      	str	r2, [r3, #104]	@ 0x68
20000428:	66da      	str	r2, [r3, #108]	@ 0x6c
2000042a:	671a      	str	r2, [r3, #112]	@ 0x70
2000042c:	675a      	str	r2, [r3, #116]	@ 0x74
2000042e:	679a      	str	r2, [r3, #120]	@ 0x78
20000430:	67da      	str	r2, [r3, #124]	@ 0x7c
20000432:	32f0      	adds	r2, #240	@ 0xf0
20000434:	0092      	lsls	r2, r2, #2
20000436:	2100      	movs	r1, #0
20000438:	4804      	ldr	r0, [pc, #16]	@ (2000044c <reset_non_control_endpoints+0x5c>)
2000043a:	f000 fd99 	bl	20000f70 <____wrap_memset_veneer>
2000043e:	4b04      	ldr	r3, [pc, #16]	@ (20000450 <reset_non_control_endpoints+0x60>)
20000440:	4a04      	ldr	r2, [pc, #16]	@ (20000454 <reset_non_control_endpoints+0x64>)
20000442:	601a      	str	r2, [r3, #0]
20000444:	bd10      	pop	{r4, pc}
20000446:	46c0      	nop			@ (mov r8, r8)
20000448:	50100000 	.word	0x50100000
2000044c:	20020eb4 	.word	0x20020eb4
20000450:	2002127c 	.word	0x2002127c
20000454:	50100180 	.word	0x50100180

20000458 <hw_handle_buff_status>:
20000458:	b5f0      	push	{r4, r5, r6, r7, lr}
2000045a:	464e      	mov	r6, r9
2000045c:	4645      	mov	r5, r8
2000045e:	46de      	mov	lr, fp
20000460:	4657      	mov	r7, sl
20000462:	b5e0      	push	{r5, r6, r7, lr}
20000464:	4b21      	ldr	r3, [pc, #132]	@ (200004ec <hw_handle_buff_status+0x94>)
20000466:	2400      	movs	r4, #0
20000468:	6d9e      	ldr	r6, [r3, #88]	@ 0x58
2000046a:	2501      	movs	r5, #1
2000046c:	b085      	sub	sp, #20
2000046e:	2e00      	cmp	r6, #0
20000470:	d022      	beq.n	200004b8 <hw_handle_buff_status+0x60>
20000472:	4b1f      	ldr	r3, [pc, #124]	@ (200004f0 <hw_handle_buff_status+0x98>)
20000474:	469a      	mov	sl, r3
20000476:	2301      	movs	r3, #1
20000478:	4699      	mov	r9, r3
2000047a:	4b1e      	ldr	r3, [pc, #120]	@ (200004f4 <hw_handle_buff_status+0x9c>)
2000047c:	4698      	mov	r8, r3
2000047e:	e001      	b.n	20000484 <hw_handle_buff_status+0x2c>
20000480:	2c20      	cmp	r4, #32
20000482:	d019      	beq.n	200004b8 <hw_handle_buff_status+0x60>
20000484:	002a      	movs	r2, r5
20000486:	0023      	movs	r3, r4
20000488:	3401      	adds	r4, #1
2000048a:	002f      	movs	r7, r5
2000048c:	4032      	ands	r2, r6
2000048e:	b2e4      	uxtb	r4, r4
20000490:	006d      	lsls	r5, r5, #1
20000492:	2a00      	cmp	r2, #0
20000494:	d0f4      	beq.n	20000480 <hw_handle_buff_status+0x28>
20000496:	4652      	mov	r2, sl
20000498:	6597      	str	r7, [r2, #88]	@ 0x58
2000049a:	464a      	mov	r2, r9
2000049c:	085b      	lsrs	r3, r3, #1
2000049e:	005b      	lsls	r3, r3, #1
200004a0:	4022      	ands	r2, r4
200004a2:	189b      	adds	r3, r3, r2
200004a4:	015b      	lsls	r3, r3, #5
200004a6:	4443      	add	r3, r8
200004a8:	0018      	movs	r0, r3
200004aa:	469b      	mov	fp, r3
200004ac:	f000 fc1e 	bl	20000cec <hw_endpoint_xfer_continue>
200004b0:	2800      	cmp	r0, #0
200004b2:	d108      	bne.n	200004c6 <hw_handle_buff_status+0x6e>
200004b4:	43be      	bics	r6, r7
200004b6:	d1e3      	bne.n	20000480 <hw_handle_buff_status+0x28>
200004b8:	b005      	add	sp, #20
200004ba:	bcf0      	pop	{r4, r5, r6, r7}
200004bc:	46bb      	mov	fp, r7
200004be:	46b2      	mov	sl, r6
200004c0:	46a9      	mov	r9, r5
200004c2:	46a0      	mov	r8, r4
200004c4:	bdf0      	pop	{r4, r5, r6, r7, pc}
200004c6:	465b      	mov	r3, fp
200004c8:	21e0      	movs	r1, #224	@ 0xe0
200004ca:	789a      	ldrb	r2, [r3, #2]
200004cc:	8adb      	ldrh	r3, [r3, #22]
200004ce:	a801      	add	r0, sp, #4
200004d0:	6083      	str	r3, [r0, #8]
200004d2:	2300      	movs	r3, #0
200004d4:	00c9      	lsls	r1, r1, #3
200004d6:	8001      	strh	r1, [r0, #0]
200004d8:	2101      	movs	r1, #1
200004da:	7102      	strb	r2, [r0, #4]
200004dc:	7143      	strb	r3, [r0, #5]
200004de:	f000 fc25 	bl	20000d2c <dcd_event_handler>
200004e2:	4658      	mov	r0, fp
200004e4:	f000 fba0 	bl	20000c28 <hw_endpoint_reset_transfer>
200004e8:	e7e4      	b.n	200004b4 <hw_handle_buff_status+0x5c>
200004ea:	46c0      	nop			@ (mov r8, r8)
200004ec:	50110000 	.word	0x50110000
200004f0:	50113000 	.word	0x50113000
200004f4:	20020e74 	.word	0x20020e74

200004f8 <dcd_rp2040_irq>:
200004f8:	2398      	movs	r3, #152	@ 0x98
200004fa:	b5f0      	push	{r4, r5, r6, r7, lr}
200004fc:	46c6      	mov	lr, r8
200004fe:	4ac8      	ldr	r2, [pc, #800]	@ (20000820 <dcd_rp2040_irq+0x328>)
20000500:	b500      	push	{lr}
20000502:	58d5      	ldr	r5, [r2, r3]
20000504:	2380      	movs	r3, #128	@ 0x80
20000506:	002e      	movs	r6, r5
20000508:	029b      	lsls	r3, r3, #10
2000050a:	2410      	movs	r4, #16
2000050c:	b084      	sub	sp, #16
2000050e:	401e      	ands	r6, r3
20000510:	421d      	tst	r5, r3
20000512:	d074      	beq.n	200005fe <dcd_rp2040_irq+0x106>
20000514:	4bc3      	ldr	r3, [pc, #780]	@ (20000824 <dcd_rp2040_irq+0x32c>)
20000516:	4cc4      	ldr	r4, [pc, #784]	@ (20000828 <dcd_rp2040_irq+0x330>)
20000518:	6a9a      	ldr	r2, [r3, #40]	@ 0x28
2000051a:	4bc4      	ldr	r3, [pc, #784]	@ (2000082c <dcd_rp2040_irq+0x334>)
2000051c:	2600      	movs	r6, #0
2000051e:	601a      	str	r2, [r3, #0]
20000520:	233b      	movs	r3, #59	@ 0x3b
20000522:	5ce3      	ldrb	r3, [r4, r3]
20000524:	2b02      	cmp	r3, #2
20000526:	d100      	bne.n	2000052a <dcd_rp2040_irq+0x32>
20000528:	e14f      	b.n	200007ca <dcd_rp2040_irq+0x2d2>
2000052a:	237b      	movs	r3, #123	@ 0x7b
2000052c:	5ce3      	ldrb	r3, [r4, r3]
2000052e:	2b02      	cmp	r3, #2
20000530:	d100      	bne.n	20000534 <dcd_rp2040_irq+0x3c>
20000532:	e0f3      	b.n	2000071c <dcd_rp2040_irq+0x224>
20000534:	23bb      	movs	r3, #187	@ 0xbb
20000536:	5ce3      	ldrb	r3, [r4, r3]
20000538:	2b02      	cmp	r3, #2
2000053a:	d100      	bne.n	2000053e <dcd_rp2040_irq+0x46>
2000053c:	e0fa      	b.n	20000734 <dcd_rp2040_irq+0x23c>
2000053e:	23fb      	movs	r3, #251	@ 0xfb
20000540:	5ce3      	ldrb	r3, [r4, r3]
20000542:	2b02      	cmp	r3, #2
20000544:	d100      	bne.n	20000548 <dcd_rp2040_irq+0x50>
20000546:	e101      	b.n	2000074c <dcd_rp2040_irq+0x254>
20000548:	233c      	movs	r3, #60	@ 0x3c
2000054a:	33ff      	adds	r3, #255	@ 0xff
2000054c:	5ce3      	ldrb	r3, [r4, r3]
2000054e:	2b02      	cmp	r3, #2
20000550:	d100      	bne.n	20000554 <dcd_rp2040_irq+0x5c>
20000552:	e12d      	b.n	200007b0 <dcd_rp2040_irq+0x2b8>
20000554:	237c      	movs	r3, #124	@ 0x7c
20000556:	33ff      	adds	r3, #255	@ 0xff
20000558:	5ce3      	ldrb	r3, [r4, r3]
2000055a:	2b02      	cmp	r3, #2
2000055c:	d100      	bne.n	20000560 <dcd_rp2040_irq+0x68>
2000055e:	e10e      	b.n	2000077e <dcd_rp2040_irq+0x286>
20000560:	23bc      	movs	r3, #188	@ 0xbc
20000562:	33ff      	adds	r3, #255	@ 0xff
20000564:	5ce3      	ldrb	r3, [r4, r3]
20000566:	2b02      	cmp	r3, #2
20000568:	d100      	bne.n	2000056c <dcd_rp2040_irq+0x74>
2000056a:	e13f      	b.n	200007ec <dcd_rp2040_irq+0x2f4>
2000056c:	23fc      	movs	r3, #252	@ 0xfc
2000056e:	33ff      	adds	r3, #255	@ 0xff
20000570:	5ce3      	ldrb	r3, [r4, r3]
20000572:	2b02      	cmp	r3, #2
20000574:	d100      	bne.n	20000578 <dcd_rp2040_irq+0x80>
20000576:	e0f5      	b.n	20000764 <dcd_rp2040_irq+0x26c>
20000578:	4bad      	ldr	r3, [pc, #692]	@ (20000830 <dcd_rp2040_irq+0x338>)
2000057a:	5ce3      	ldrb	r3, [r4, r3]
2000057c:	2b02      	cmp	r3, #2
2000057e:	d100      	bne.n	20000582 <dcd_rp2040_irq+0x8a>
20000580:	e174      	b.n	2000086c <dcd_rp2040_irq+0x374>
20000582:	4bac      	ldr	r3, [pc, #688]	@ (20000834 <dcd_rp2040_irq+0x33c>)
20000584:	5ce3      	ldrb	r3, [r4, r3]
20000586:	2b02      	cmp	r3, #2
20000588:	d100      	bne.n	2000058c <dcd_rp2040_irq+0x94>
2000058a:	e105      	b.n	20000798 <dcd_rp2040_irq+0x2a0>
2000058c:	4baa      	ldr	r3, [pc, #680]	@ (20000838 <dcd_rp2040_irq+0x340>)
2000058e:	5ce3      	ldrb	r3, [r4, r3]
20000590:	2b02      	cmp	r3, #2
20000592:	d100      	bne.n	20000596 <dcd_rp2040_irq+0x9e>
20000594:	e175      	b.n	20000882 <dcd_rp2040_irq+0x38a>
20000596:	4ba9      	ldr	r3, [pc, #676]	@ (2000083c <dcd_rp2040_irq+0x344>)
20000598:	5ce3      	ldrb	r3, [r4, r3]
2000059a:	2b02      	cmp	r3, #2
2000059c:	d100      	bne.n	200005a0 <dcd_rp2040_irq+0xa8>
2000059e:	e132      	b.n	20000806 <dcd_rp2040_irq+0x30e>
200005a0:	4ba7      	ldr	r3, [pc, #668]	@ (20000840 <dcd_rp2040_irq+0x348>)
200005a2:	5ce3      	ldrb	r3, [r4, r3]
200005a4:	2b02      	cmp	r3, #2
200005a6:	d100      	bne.n	200005aa <dcd_rp2040_irq+0xb2>
200005a8:	e1a0      	b.n	200008ec <dcd_rp2040_irq+0x3f4>
200005aa:	4ba6      	ldr	r3, [pc, #664]	@ (20000844 <dcd_rp2040_irq+0x34c>)
200005ac:	5ce3      	ldrb	r3, [r4, r3]
200005ae:	2b02      	cmp	r3, #2
200005b0:	d100      	bne.n	200005b4 <dcd_rp2040_irq+0xbc>
200005b2:	e171      	b.n	20000898 <dcd_rp2040_irq+0x3a0>
200005b4:	4ba4      	ldr	r3, [pc, #656]	@ (20000848 <dcd_rp2040_irq+0x350>)
200005b6:	5ce3      	ldrb	r3, [r4, r3]
200005b8:	2b02      	cmp	r3, #2
200005ba:	d100      	bne.n	200005be <dcd_rp2040_irq+0xc6>
200005bc:	e1a1      	b.n	20000902 <dcd_rp2040_irq+0x40a>
200005be:	4ba3      	ldr	r3, [pc, #652]	@ (2000084c <dcd_rp2040_irq+0x354>)
200005c0:	5ce3      	ldrb	r3, [r4, r3]
200005c2:	2b02      	cmp	r3, #2
200005c4:	d100      	bne.n	200005c8 <dcd_rp2040_irq+0xd0>
200005c6:	e17f      	b.n	200008c8 <dcd_rp2040_irq+0x3d0>
200005c8:	2e00      	cmp	r6, #0
200005ca:	d108      	bne.n	200005de <dcd_rp2040_irq+0xe6>
200005cc:	4ba0      	ldr	r3, [pc, #640]	@ (20000850 <dcd_rp2040_irq+0x358>)
200005ce:	781b      	ldrb	r3, [r3, #0]
200005d0:	2b00      	cmp	r3, #0
200005d2:	d104      	bne.n	200005de <dcd_rp2040_irq+0xe6>
200005d4:	2180      	movs	r1, #128	@ 0x80
200005d6:	4a9f      	ldr	r2, [pc, #636]	@ (20000854 <dcd_rp2040_irq+0x35c>)
200005d8:	3390      	adds	r3, #144	@ 0x90
200005da:	0289      	lsls	r1, r1, #10
200005dc:	50d1      	str	r1, [r2, r3]
200005de:	22c0      	movs	r2, #192	@ 0xc0
200005e0:	4669      	mov	r1, sp
200005e2:	4b8f      	ldr	r3, [pc, #572]	@ (20000820 <dcd_rp2040_irq+0x328>)
200005e4:	0092      	lsls	r2, r2, #2
200005e6:	6c9b      	ldr	r3, [r3, #72]	@ 0x48
200005e8:	2680      	movs	r6, #128	@ 0x80
200005ea:	055b      	lsls	r3, r3, #21
200005ec:	808a      	strh	r2, [r1, #4]
200005ee:	0d5b      	lsrs	r3, r3, #21
200005f0:	2101      	movs	r1, #1
200005f2:	a801      	add	r0, sp, #4
200005f4:	9302      	str	r3, [sp, #8]
200005f6:	f000 fb99 	bl	20000d2c <dcd_event_handler>
200005fa:	4c97      	ldr	r4, [pc, #604]	@ (20000858 <dcd_rp2040_irq+0x360>)
200005fc:	02b6      	lsls	r6, r6, #10
200005fe:	06eb      	lsls	r3, r5, #27
20000600:	d500      	bpl.n	20000604 <dcd_rp2040_irq+0x10c>
20000602:	e07f      	b.n	20000704 <dcd_rp2040_irq+0x20c>
20000604:	2380      	movs	r3, #128	@ 0x80
20000606:	025b      	lsls	r3, r3, #9
20000608:	421d      	tst	r5, r3
2000060a:	d031      	beq.n	20000670 <dcd_rp2040_irq+0x178>
2000060c:	431e      	orrs	r6, r3
2000060e:	2301      	movs	r3, #1
20000610:	2402      	movs	r4, #2
20000612:	4698      	mov	r8, r3
20000614:	4f84      	ldr	r7, [pc, #528]	@ (20000828 <dcd_rp2040_irq+0x330>)
20000616:	7ebb      	ldrb	r3, [r7, #26]
20000618:	2b00      	cmp	r3, #0
2000061a:	d014      	beq.n	20000646 <dcd_rp2040_irq+0x14e>
2000061c:	f000 fcd8 	bl	20000fd0 <__rp2040_chip_version_veneer>
20000620:	2801      	cmp	r0, #1
20000622:	d900      	bls.n	20000626 <dcd_rp2040_irq+0x12e>
20000624:	e072      	b.n	2000070c <dcd_rp2040_irq+0x214>
20000626:	22c0      	movs	r2, #192	@ 0xc0
20000628:	2100      	movs	r1, #0
2000062a:	0038      	movs	r0, r7
2000062c:	0192      	lsls	r2, r2, #6
2000062e:	f000 fb01 	bl	20000c34 <_hw_endpoint_buffer_control_update32>
20000632:	0038      	movs	r0, r7
20000634:	f000 faf8 	bl	20000c28 <hw_endpoint_reset_transfer>
20000638:	f000 fcca 	bl	20000fd0 <__rp2040_chip_version_veneer>
2000063c:	2801      	cmp	r0, #1
2000063e:	d902      	bls.n	20000646 <dcd_rp2040_irq+0x14e>
20000640:	4b84      	ldr	r3, [pc, #528]	@ (20000854 <dcd_rp2040_irq+0x35c>)
20000642:	665c      	str	r4, [r3, #100]	@ 0x64
20000644:	661c      	str	r4, [r3, #96]	@ 0x60
20000646:	4643      	mov	r3, r8
20000648:	70fb      	strb	r3, [r7, #3]
2000064a:	3720      	adds	r7, #32
2000064c:	2c01      	cmp	r4, #1
2000064e:	d122      	bne.n	20000696 <dcd_rp2040_irq+0x19e>
20000650:	23c0      	movs	r3, #192	@ 0xc0
20000652:	466a      	mov	r2, sp
20000654:	00db      	lsls	r3, r3, #3
20000656:	8093      	strh	r3, [r2, #4]
20000658:	4a80      	ldr	r2, [pc, #512]	@ (2000085c <dcd_rp2040_irq+0x364>)
2000065a:	ab02      	add	r3, sp, #8
2000065c:	ca03      	ldmia	r2!, {r0, r1}
2000065e:	c303      	stmia	r3!, {r0, r1}
20000660:	2101      	movs	r1, #1
20000662:	a801      	add	r0, sp, #4
20000664:	f000 fb62 	bl	20000d2c <dcd_event_handler>
20000668:	2280      	movs	r2, #128	@ 0x80
2000066a:	4b7a      	ldr	r3, [pc, #488]	@ (20000854 <dcd_rp2040_irq+0x35c>)
2000066c:	0292      	lsls	r2, r2, #10
2000066e:	651a      	str	r2, [r3, #80]	@ 0x50
20000670:	2380      	movs	r3, #128	@ 0x80
20000672:	015b      	lsls	r3, r3, #5
20000674:	421d      	tst	r5, r3
20000676:	d110      	bne.n	2000069a <dcd_rp2040_irq+0x1a2>
20000678:	2380      	movs	r3, #128	@ 0x80
2000067a:	01db      	lsls	r3, r3, #7
2000067c:	421d      	tst	r5, r3
2000067e:	d123      	bne.n	200006c8 <dcd_rp2040_irq+0x1d0>
20000680:	2380      	movs	r3, #128	@ 0x80
20000682:	021b      	lsls	r3, r3, #8
20000684:	421d      	tst	r5, r3
20000686:	d12f      	bne.n	200006e8 <dcd_rp2040_irq+0x1f0>
20000688:	42ae      	cmp	r6, r5
2000068a:	d000      	beq.n	2000068e <dcd_rp2040_irq+0x196>
2000068c:	e1c0      	b.n	20000a10 <dcd_rp2040_irq+0x518>
2000068e:	b004      	add	sp, #16
20000690:	bc80      	pop	{r7}
20000692:	46b8      	mov	r8, r7
20000694:	bdf0      	pop	{r4, r5, r6, r7, pc}
20000696:	2401      	movs	r4, #1
20000698:	e7bd      	b.n	20000616 <dcd_rp2040_irq+0x11e>
2000069a:	2400      	movs	r4, #0
2000069c:	431e      	orrs	r6, r3
2000069e:	4b60      	ldr	r3, [pc, #384]	@ (20000820 <dcd_rp2040_irq+0x328>)
200006a0:	601c      	str	r4, [r3, #0]
200006a2:	f7ff fea5 	bl	200003f0 <reset_non_control_endpoints>
200006a6:	2380      	movs	r3, #128	@ 0x80
200006a8:	466a      	mov	r2, sp
200006aa:	005b      	lsls	r3, r3, #1
200006ac:	8093      	strh	r3, [r2, #4]
200006ae:	7214      	strb	r4, [r2, #8]
200006b0:	2101      	movs	r1, #1
200006b2:	a801      	add	r0, sp, #4
200006b4:	f000 fb3a 	bl	20000d2c <dcd_event_handler>
200006b8:	2280      	movs	r2, #128	@ 0x80
200006ba:	4b66      	ldr	r3, [pc, #408]	@ (20000854 <dcd_rp2040_irq+0x35c>)
200006bc:	0312      	lsls	r2, r2, #12
200006be:	651a      	str	r2, [r3, #80]	@ 0x50
200006c0:	2380      	movs	r3, #128	@ 0x80
200006c2:	01db      	lsls	r3, r3, #7
200006c4:	421d      	tst	r5, r3
200006c6:	d0db      	beq.n	20000680 <dcd_rp2040_irq+0x188>
200006c8:	431e      	orrs	r6, r3
200006ca:	2380      	movs	r3, #128	@ 0x80
200006cc:	466a      	mov	r2, sp
200006ce:	00db      	lsls	r3, r3, #3
200006d0:	8093      	strh	r3, [r2, #4]
200006d2:	2101      	movs	r1, #1
200006d4:	a801      	add	r0, sp, #4
200006d6:	f000 fb29 	bl	20000d2c <dcd_event_handler>
200006da:	2210      	movs	r2, #16
200006dc:	4b5d      	ldr	r3, [pc, #372]	@ (20000854 <dcd_rp2040_irq+0x35c>)
200006de:	651a      	str	r2, [r3, #80]	@ 0x50
200006e0:	2380      	movs	r3, #128	@ 0x80
200006e2:	021b      	lsls	r3, r3, #8
200006e4:	421d      	tst	r5, r3
200006e6:	d0cf      	beq.n	20000688 <dcd_rp2040_irq+0x190>
200006e8:	431e      	orrs	r6, r3
200006ea:	23a0      	movs	r3, #160	@ 0xa0
200006ec:	466a      	mov	r2, sp
200006ee:	00db      	lsls	r3, r3, #3
200006f0:	8093      	strh	r3, [r2, #4]
200006f2:	2101      	movs	r1, #1
200006f4:	a801      	add	r0, sp, #4
200006f6:	f000 fb19 	bl	20000d2c <dcd_event_handler>
200006fa:	2280      	movs	r2, #128	@ 0x80
200006fc:	4b55      	ldr	r3, [pc, #340]	@ (20000854 <dcd_rp2040_irq+0x35c>)
200006fe:	0112      	lsls	r2, r2, #4
20000700:	651a      	str	r2, [r3, #80]	@ 0x50
20000702:	e7c1      	b.n	20000688 <dcd_rp2040_irq+0x190>
20000704:	f7ff fea8 	bl	20000458 <hw_handle_buff_status>
20000708:	0026      	movs	r6, r4
2000070a:	e77b      	b.n	20000604 <dcd_rp2040_irq+0x10c>
2000070c:	4b54      	ldr	r3, [pc, #336]	@ (20000860 <dcd_rp2040_irq+0x368>)
2000070e:	4a44      	ldr	r2, [pc, #272]	@ (20000820 <dcd_rp2040_irq+0x328>)
20000710:	661c      	str	r4, [r3, #96]	@ 0x60
20000712:	6e53      	ldr	r3, [r2, #100]	@ 0x64
20000714:	4023      	ands	r3, r4
20000716:	42a3      	cmp	r3, r4
20000718:	d1fb      	bne.n	20000712 <dcd_rp2040_irq+0x21a>
2000071a:	e784      	b.n	20000626 <dcd_rp2040_irq+0x12e>
2000071c:	3378      	adds	r3, #120	@ 0x78
2000071e:	5ce7      	ldrb	r7, [r4, r3]
20000720:	2f00      	cmp	r7, #0
20000722:	d100      	bne.n	20000726 <dcd_rp2040_irq+0x22e>
20000724:	e706      	b.n	20000534 <dcd_rp2040_irq+0x3c>
20000726:	3302      	adds	r3, #2
20000728:	5ce2      	ldrb	r2, [r4, r3]
2000072a:	2a00      	cmp	r2, #0
2000072c:	d000      	beq.n	20000730 <dcd_rp2040_irq+0x238>
2000072e:	e10d      	b.n	2000094c <dcd_rp2040_irq+0x454>
20000730:	003e      	movs	r6, r7
20000732:	e6ff      	b.n	20000534 <dcd_rp2040_irq+0x3c>
20000734:	33b8      	adds	r3, #184	@ 0xb8
20000736:	5ce7      	ldrb	r7, [r4, r3]
20000738:	2f00      	cmp	r7, #0
2000073a:	d100      	bne.n	2000073e <dcd_rp2040_irq+0x246>
2000073c:	e6ff      	b.n	2000053e <dcd_rp2040_irq+0x46>
2000073e:	3302      	adds	r3, #2
20000740:	5ce2      	ldrb	r2, [r4, r3]
20000742:	2a00      	cmp	r2, #0
20000744:	d000      	beq.n	20000748 <dcd_rp2040_irq+0x250>
20000746:	e0f9      	b.n	2000093c <dcd_rp2040_irq+0x444>
20000748:	003e      	movs	r6, r7
2000074a:	e6f8      	b.n	2000053e <dcd_rp2040_irq+0x46>
2000074c:	33f8      	adds	r3, #248	@ 0xf8
2000074e:	5ce7      	ldrb	r7, [r4, r3]
20000750:	2f00      	cmp	r7, #0
20000752:	d100      	bne.n	20000756 <dcd_rp2040_irq+0x25e>
20000754:	e6f8      	b.n	20000548 <dcd_rp2040_irq+0x50>
20000756:	3302      	adds	r3, #2
20000758:	5ce2      	ldrb	r2, [r4, r3]
2000075a:	2a00      	cmp	r2, #0
2000075c:	d000      	beq.n	20000760 <dcd_rp2040_irq+0x268>
2000075e:	e141      	b.n	200009e4 <dcd_rp2040_irq+0x4ec>
20000760:	003e      	movs	r6, r7
20000762:	e6f1      	b.n	20000548 <dcd_rp2040_irq+0x50>
20000764:	33f9      	adds	r3, #249	@ 0xf9
20000766:	33ff      	adds	r3, #255	@ 0xff
20000768:	5ce7      	ldrb	r7, [r4, r3]
2000076a:	2f00      	cmp	r7, #0
2000076c:	d100      	bne.n	20000770 <dcd_rp2040_irq+0x278>
2000076e:	e703      	b.n	20000578 <dcd_rp2040_irq+0x80>
20000770:	3302      	adds	r3, #2
20000772:	5ce2      	ldrb	r2, [r4, r3]
20000774:	2a00      	cmp	r2, #0
20000776:	d000      	beq.n	2000077a <dcd_rp2040_irq+0x282>
20000778:	e12b      	b.n	200009d2 <dcd_rp2040_irq+0x4da>
2000077a:	003e      	movs	r6, r7
2000077c:	e6fc      	b.n	20000578 <dcd_rp2040_irq+0x80>
2000077e:	3379      	adds	r3, #121	@ 0x79
20000780:	33ff      	adds	r3, #255	@ 0xff
20000782:	5ce7      	ldrb	r7, [r4, r3]
20000784:	2f00      	cmp	r7, #0
20000786:	d100      	bne.n	2000078a <dcd_rp2040_irq+0x292>
20000788:	e6ea      	b.n	20000560 <dcd_rp2040_irq+0x68>
2000078a:	3302      	adds	r3, #2
2000078c:	5ce2      	ldrb	r2, [r4, r3]
2000078e:	2a00      	cmp	r2, #0
20000790:	d000      	beq.n	20000794 <dcd_rp2040_irq+0x29c>
20000792:	e115      	b.n	200009c0 <dcd_rp2040_irq+0x4c8>
20000794:	003e      	movs	r6, r7
20000796:	e6e3      	b.n	20000560 <dcd_rp2040_irq+0x68>
20000798:	4b32      	ldr	r3, [pc, #200]	@ (20000864 <dcd_rp2040_irq+0x36c>)
2000079a:	5ce7      	ldrb	r7, [r4, r3]
2000079c:	2f00      	cmp	r7, #0
2000079e:	d100      	bne.n	200007a2 <dcd_rp2040_irq+0x2aa>
200007a0:	e6f4      	b.n	2000058c <dcd_rp2040_irq+0x94>
200007a2:	3302      	adds	r3, #2
200007a4:	5ce2      	ldrb	r2, [r4, r3]
200007a6:	2a00      	cmp	r2, #0
200007a8:	d000      	beq.n	200007ac <dcd_rp2040_irq+0x2b4>
200007aa:	e101      	b.n	200009b0 <dcd_rp2040_irq+0x4b8>
200007ac:	003e      	movs	r6, r7
200007ae:	e6ed      	b.n	2000058c <dcd_rp2040_irq+0x94>
200007b0:	3339      	adds	r3, #57	@ 0x39
200007b2:	33ff      	adds	r3, #255	@ 0xff
200007b4:	5ce7      	ldrb	r7, [r4, r3]
200007b6:	2f00      	cmp	r7, #0
200007b8:	d100      	bne.n	200007bc <dcd_rp2040_irq+0x2c4>
200007ba:	e6cb      	b.n	20000554 <dcd_rp2040_irq+0x5c>
200007bc:	3302      	adds	r3, #2
200007be:	5ce2      	ldrb	r2, [r4, r3]
200007c0:	2a00      	cmp	r2, #0
200007c2:	d000      	beq.n	200007c6 <dcd_rp2040_irq+0x2ce>
200007c4:	e0eb      	b.n	2000099e <dcd_rp2040_irq+0x4a6>
200007c6:	003e      	movs	r6, r7
200007c8:	e6c4      	b.n	20000554 <dcd_rp2040_irq+0x5c>
200007ca:	3338      	adds	r3, #56	@ 0x38
200007cc:	5ce6      	ldrb	r6, [r4, r3]
200007ce:	2e00      	cmp	r6, #0
200007d0:	d100      	bne.n	200007d4 <dcd_rp2040_irq+0x2dc>
200007d2:	e6aa      	b.n	2000052a <dcd_rp2040_irq+0x32>
200007d4:	3302      	adds	r3, #2
200007d6:	5ce2      	ldrb	r2, [r4, r3]
200007d8:	2a00      	cmp	r2, #0
200007da:	d100      	bne.n	200007de <dcd_rp2040_irq+0x2e6>
200007dc:	e6a5      	b.n	2000052a <dcd_rp2040_irq+0x32>
200007de:	0020      	movs	r0, r4
200007e0:	2200      	movs	r2, #0
200007e2:	3020      	adds	r0, #32
200007e4:	54e2      	strb	r2, [r4, r3]
200007e6:	f000 fa4d 	bl	20000c84 <hw_endpoint_start_next_buffer>
200007ea:	e69e      	b.n	2000052a <dcd_rp2040_irq+0x32>
200007ec:	33b9      	adds	r3, #185	@ 0xb9
200007ee:	33ff      	adds	r3, #255	@ 0xff
200007f0:	5ce7      	ldrb	r7, [r4, r3]
200007f2:	2f00      	cmp	r7, #0
200007f4:	d100      	bne.n	200007f8 <dcd_rp2040_irq+0x300>
200007f6:	e6b9      	b.n	2000056c <dcd_rp2040_irq+0x74>
200007f8:	3302      	adds	r3, #2
200007fa:	5ce2      	ldrb	r2, [r4, r3]
200007fc:	2a00      	cmp	r2, #0
200007fe:	d000      	beq.n	20000802 <dcd_rp2040_irq+0x30a>
20000800:	e0c4      	b.n	2000098c <dcd_rp2040_irq+0x494>
20000802:	003e      	movs	r6, r7
20000804:	e6b2      	b.n	2000056c <dcd_rp2040_irq+0x74>
20000806:	4b18      	ldr	r3, [pc, #96]	@ (20000868 <dcd_rp2040_irq+0x370>)
20000808:	5ce7      	ldrb	r7, [r4, r3]
2000080a:	2f00      	cmp	r7, #0
2000080c:	d100      	bne.n	20000810 <dcd_rp2040_irq+0x318>
2000080e:	e6c7      	b.n	200005a0 <dcd_rp2040_irq+0xa8>
20000810:	3302      	adds	r3, #2
20000812:	5ce2      	ldrb	r2, [r4, r3]
20000814:	2a00      	cmp	r2, #0
20000816:	d000      	beq.n	2000081a <dcd_rp2040_irq+0x322>
20000818:	e0b0      	b.n	2000097c <dcd_rp2040_irq+0x484>
2000081a:	003e      	movs	r6, r7
2000081c:	e6c0      	b.n	200005a0 <dcd_rp2040_irq+0xa8>
2000081e:	46c0      	nop			@ (mov r8, r8)
20000820:	50110000 	.word	0x50110000
20000824:	40054000 	.word	0x40054000
20000828:	20020e74 	.word	0x20020e74
2000082c:	20001a6c 	.word	0x20001a6c
20000830:	0000023b 	.word	0x0000023b
20000834:	0000027b 	.word	0x0000027b
20000838:	000002bb 	.word	0x000002bb
2000083c:	000002fb 	.word	0x000002fb
20000840:	0000033b 	.word	0x0000033b
20000844:	0000037b 	.word	0x0000037b
20000848:	000003bb 	.word	0x000003bb
2000084c:	000003fb 	.word	0x000003fb
20000850:	200213da 	.word	0x200213da
20000854:	50113000 	.word	0x50113000
20000858:	00020010 	.word	0x00020010
2000085c:	50100000 	.word	0x50100000
20000860:	50112000 	.word	0x50112000
20000864:	0000027a 	.word	0x0000027a
20000868:	000002fa 	.word	0x000002fa
2000086c:	4b6b      	ldr	r3, [pc, #428]	@ (20000a1c <dcd_rp2040_irq+0x524>)
2000086e:	5ce7      	ldrb	r7, [r4, r3]
20000870:	2f00      	cmp	r7, #0
20000872:	d100      	bne.n	20000876 <dcd_rp2040_irq+0x37e>
20000874:	e685      	b.n	20000582 <dcd_rp2040_irq+0x8a>
20000876:	3302      	adds	r3, #2
20000878:	5ce2      	ldrb	r2, [r4, r3]
2000087a:	2a00      	cmp	r2, #0
2000087c:	d176      	bne.n	2000096c <dcd_rp2040_irq+0x474>
2000087e:	003e      	movs	r6, r7
20000880:	e67f      	b.n	20000582 <dcd_rp2040_irq+0x8a>
20000882:	4b67      	ldr	r3, [pc, #412]	@ (20000a20 <dcd_rp2040_irq+0x528>)
20000884:	5ce7      	ldrb	r7, [r4, r3]
20000886:	2f00      	cmp	r7, #0
20000888:	d100      	bne.n	2000088c <dcd_rp2040_irq+0x394>
2000088a:	e684      	b.n	20000596 <dcd_rp2040_irq+0x9e>
2000088c:	3302      	adds	r3, #2
2000088e:	5ce2      	ldrb	r2, [r4, r3]
20000890:	2a00      	cmp	r2, #0
20000892:	d163      	bne.n	2000095c <dcd_rp2040_irq+0x464>
20000894:	003e      	movs	r6, r7
20000896:	e67e      	b.n	20000596 <dcd_rp2040_irq+0x9e>
20000898:	4b62      	ldr	r3, [pc, #392]	@ (20000a24 <dcd_rp2040_irq+0x52c>)
2000089a:	5ce7      	ldrb	r7, [r4, r3]
2000089c:	2f00      	cmp	r7, #0
2000089e:	d100      	bne.n	200008a2 <dcd_rp2040_irq+0x3aa>
200008a0:	e688      	b.n	200005b4 <dcd_rp2040_irq+0xbc>
200008a2:	3302      	adds	r3, #2
200008a4:	5ce2      	ldrb	r2, [r4, r3]
200008a6:	2a00      	cmp	r2, #0
200008a8:	d000      	beq.n	200008ac <dcd_rp2040_irq+0x3b4>
200008aa:	e0a3      	b.n	200009f4 <dcd_rp2040_irq+0x4fc>
200008ac:	4b5e      	ldr	r3, [pc, #376]	@ (20000a28 <dcd_rp2040_irq+0x530>)
200008ae:	5ce3      	ldrb	r3, [r4, r3]
200008b0:	2b02      	cmp	r3, #2
200008b2:	d130      	bne.n	20000916 <dcd_rp2040_irq+0x41e>
200008b4:	4b5d      	ldr	r3, [pc, #372]	@ (20000a2c <dcd_rp2040_irq+0x534>)
200008b6:	5ce3      	ldrb	r3, [r4, r3]
200008b8:	2b00      	cmp	r3, #0
200008ba:	d127      	bne.n	2000090c <dcd_rp2040_irq+0x414>
200008bc:	4b5c      	ldr	r3, [pc, #368]	@ (20000a30 <dcd_rp2040_irq+0x538>)
200008be:	5ce3      	ldrb	r3, [r4, r3]
200008c0:	2b02      	cmp	r3, #2
200008c2:	d000      	beq.n	200008c6 <dcd_rp2040_irq+0x3ce>
200008c4:	e68b      	b.n	200005de <dcd_rp2040_irq+0xe6>
200008c6:	003e      	movs	r6, r7
200008c8:	4b5a      	ldr	r3, [pc, #360]	@ (20000a34 <dcd_rp2040_irq+0x53c>)
200008ca:	5ce3      	ldrb	r3, [r4, r3]
200008cc:	2b00      	cmp	r3, #0
200008ce:	d100      	bne.n	200008d2 <dcd_rp2040_irq+0x3da>
200008d0:	e67a      	b.n	200005c8 <dcd_rp2040_irq+0xd0>
200008d2:	23ff      	movs	r3, #255	@ 0xff
200008d4:	009b      	lsls	r3, r3, #2
200008d6:	5ce2      	ldrb	r2, [r4, r3]
200008d8:	2a00      	cmp	r2, #0
200008da:	d100      	bne.n	200008de <dcd_rp2040_irq+0x3e6>
200008dc:	e67f      	b.n	200005de <dcd_rp2040_irq+0xe6>
200008de:	2200      	movs	r2, #0
200008e0:	54e2      	strb	r2, [r4, r3]
200008e2:	3b1c      	subs	r3, #28
200008e4:	18e0      	adds	r0, r4, r3
200008e6:	f000 f9cd 	bl	20000c84 <hw_endpoint_start_next_buffer>
200008ea:	e678      	b.n	200005de <dcd_rp2040_irq+0xe6>
200008ec:	4b52      	ldr	r3, [pc, #328]	@ (20000a38 <dcd_rp2040_irq+0x540>)
200008ee:	5ce7      	ldrb	r7, [r4, r3]
200008f0:	2f00      	cmp	r7, #0
200008f2:	d100      	bne.n	200008f6 <dcd_rp2040_irq+0x3fe>
200008f4:	e659      	b.n	200005aa <dcd_rp2040_irq+0xb2>
200008f6:	3302      	adds	r3, #2
200008f8:	5ce2      	ldrb	r2, [r4, r3]
200008fa:	2a00      	cmp	r2, #0
200008fc:	d116      	bne.n	2000092c <dcd_rp2040_irq+0x434>
200008fe:	003e      	movs	r6, r7
20000900:	e653      	b.n	200005aa <dcd_rp2040_irq+0xb2>
20000902:	4b4a      	ldr	r3, [pc, #296]	@ (20000a2c <dcd_rp2040_irq+0x534>)
20000904:	5ce3      	ldrb	r3, [r4, r3]
20000906:	2b00      	cmp	r3, #0
20000908:	d100      	bne.n	2000090c <dcd_rp2040_irq+0x414>
2000090a:	e658      	b.n	200005be <dcd_rp2040_irq+0xc6>
2000090c:	23ef      	movs	r3, #239	@ 0xef
2000090e:	009b      	lsls	r3, r3, #2
20000910:	5ce2      	ldrb	r2, [r4, r3]
20000912:	2a00      	cmp	r2, #0
20000914:	d175      	bne.n	20000a02 <dcd_rp2040_irq+0x50a>
20000916:	4b46      	ldr	r3, [pc, #280]	@ (20000a30 <dcd_rp2040_irq+0x538>)
20000918:	5ce3      	ldrb	r3, [r4, r3]
2000091a:	2b02      	cmp	r3, #2
2000091c:	d000      	beq.n	20000920 <dcd_rp2040_irq+0x428>
2000091e:	e65e      	b.n	200005de <dcd_rp2040_irq+0xe6>
20000920:	4b44      	ldr	r3, [pc, #272]	@ (20000a34 <dcd_rp2040_irq+0x53c>)
20000922:	5ce3      	ldrb	r3, [r4, r3]
20000924:	2b00      	cmp	r3, #0
20000926:	d100      	bne.n	2000092a <dcd_rp2040_irq+0x432>
20000928:	e659      	b.n	200005de <dcd_rp2040_irq+0xe6>
2000092a:	e7d2      	b.n	200008d2 <dcd_rp2040_irq+0x3da>
2000092c:	2200      	movs	r2, #0
2000092e:	54e2      	strb	r2, [r4, r3]
20000930:	3b1c      	subs	r3, #28
20000932:	18e0      	adds	r0, r4, r3
20000934:	f000 f9a6 	bl	20000c84 <hw_endpoint_start_next_buffer>
20000938:	003e      	movs	r6, r7
2000093a:	e636      	b.n	200005aa <dcd_rp2040_irq+0xb2>
2000093c:	0020      	movs	r0, r4
2000093e:	2200      	movs	r2, #0
20000940:	30a0      	adds	r0, #160	@ 0xa0
20000942:	54e2      	strb	r2, [r4, r3]
20000944:	003e      	movs	r6, r7
20000946:	f000 f99d 	bl	20000c84 <hw_endpoint_start_next_buffer>
2000094a:	e5f8      	b.n	2000053e <dcd_rp2040_irq+0x46>
2000094c:	0020      	movs	r0, r4
2000094e:	2200      	movs	r2, #0
20000950:	3060      	adds	r0, #96	@ 0x60
20000952:	54e2      	strb	r2, [r4, r3]
20000954:	003e      	movs	r6, r7
20000956:	f000 f995 	bl	20000c84 <hw_endpoint_start_next_buffer>
2000095a:	e5eb      	b.n	20000534 <dcd_rp2040_irq+0x3c>
2000095c:	2200      	movs	r2, #0
2000095e:	54e2      	strb	r2, [r4, r3]
20000960:	3b1c      	subs	r3, #28
20000962:	18e0      	adds	r0, r4, r3
20000964:	f000 f98e 	bl	20000c84 <hw_endpoint_start_next_buffer>
20000968:	003e      	movs	r6, r7
2000096a:	e614      	b.n	20000596 <dcd_rp2040_irq+0x9e>
2000096c:	2200      	movs	r2, #0
2000096e:	54e2      	strb	r2, [r4, r3]
20000970:	3b1c      	subs	r3, #28
20000972:	18e0      	adds	r0, r4, r3
20000974:	f000 f986 	bl	20000c84 <hw_endpoint_start_next_buffer>
20000978:	003e      	movs	r6, r7
2000097a:	e602      	b.n	20000582 <dcd_rp2040_irq+0x8a>
2000097c:	2200      	movs	r2, #0
2000097e:	54e2      	strb	r2, [r4, r3]
20000980:	3b1c      	subs	r3, #28
20000982:	18e0      	adds	r0, r4, r3
20000984:	f000 f97e 	bl	20000c84 <hw_endpoint_start_next_buffer>
20000988:	003e      	movs	r6, r7
2000098a:	e609      	b.n	200005a0 <dcd_rp2040_irq+0xa8>
2000098c:	0020      	movs	r0, r4
2000098e:	2200      	movs	r2, #0
20000990:	30a1      	adds	r0, #161	@ 0xa1
20000992:	30ff      	adds	r0, #255	@ 0xff
20000994:	54e2      	strb	r2, [r4, r3]
20000996:	003e      	movs	r6, r7
20000998:	f000 f974 	bl	20000c84 <hw_endpoint_start_next_buffer>
2000099c:	e5e6      	b.n	2000056c <dcd_rp2040_irq+0x74>
2000099e:	0020      	movs	r0, r4
200009a0:	2200      	movs	r2, #0
200009a2:	3021      	adds	r0, #33	@ 0x21
200009a4:	30ff      	adds	r0, #255	@ 0xff
200009a6:	54e2      	strb	r2, [r4, r3]
200009a8:	003e      	movs	r6, r7
200009aa:	f000 f96b 	bl	20000c84 <hw_endpoint_start_next_buffer>
200009ae:	e5d1      	b.n	20000554 <dcd_rp2040_irq+0x5c>
200009b0:	2200      	movs	r2, #0
200009b2:	54e2      	strb	r2, [r4, r3]
200009b4:	3b1c      	subs	r3, #28
200009b6:	18e0      	adds	r0, r4, r3
200009b8:	f000 f964 	bl	20000c84 <hw_endpoint_start_next_buffer>
200009bc:	003e      	movs	r6, r7
200009be:	e5e5      	b.n	2000058c <dcd_rp2040_irq+0x94>
200009c0:	0020      	movs	r0, r4
200009c2:	2200      	movs	r2, #0
200009c4:	3061      	adds	r0, #97	@ 0x61
200009c6:	30ff      	adds	r0, #255	@ 0xff
200009c8:	54e2      	strb	r2, [r4, r3]
200009ca:	003e      	movs	r6, r7
200009cc:	f000 f95a 	bl	20000c84 <hw_endpoint_start_next_buffer>
200009d0:	e5c6      	b.n	20000560 <dcd_rp2040_irq+0x68>
200009d2:	0020      	movs	r0, r4
200009d4:	2200      	movs	r2, #0
200009d6:	30e1      	adds	r0, #225	@ 0xe1
200009d8:	30ff      	adds	r0, #255	@ 0xff
200009da:	54e2      	strb	r2, [r4, r3]
200009dc:	003e      	movs	r6, r7
200009de:	f000 f951 	bl	20000c84 <hw_endpoint_start_next_buffer>
200009e2:	e5c9      	b.n	20000578 <dcd_rp2040_irq+0x80>
200009e4:	0020      	movs	r0, r4
200009e6:	2200      	movs	r2, #0
200009e8:	30e0      	adds	r0, #224	@ 0xe0
200009ea:	54e2      	strb	r2, [r4, r3]
200009ec:	003e      	movs	r6, r7
200009ee:	f000 f949 	bl	20000c84 <hw_endpoint_start_next_buffer>
200009f2:	e5a9      	b.n	20000548 <dcd_rp2040_irq+0x50>
200009f4:	2200      	movs	r2, #0
200009f6:	54e2      	strb	r2, [r4, r3]
200009f8:	3b1c      	subs	r3, #28
200009fa:	18e0      	adds	r0, r4, r3
200009fc:	f000 f942 	bl	20000c84 <hw_endpoint_start_next_buffer>
20000a00:	e754      	b.n	200008ac <dcd_rp2040_irq+0x3b4>
20000a02:	2200      	movs	r2, #0
20000a04:	54e2      	strb	r2, [r4, r3]
20000a06:	3b1c      	subs	r3, #28
20000a08:	18e0      	adds	r0, r4, r3
20000a0a:	f000 f93b 	bl	20000c84 <hw_endpoint_start_next_buffer>
20000a0e:	e782      	b.n	20000916 <dcd_rp2040_irq+0x41e>
20000a10:	0031      	movs	r1, r6
20000a12:	480a      	ldr	r0, [pc, #40]	@ (20000a3c <dcd_rp2040_irq+0x544>)
20000a14:	4069      	eors	r1, r5
20000a16:	f000 fad3 	bl	20000fc0 <__panic_veneer>
20000a1a:	46c0      	nop			@ (mov r8, r8)
20000a1c:	0000023a 	.word	0x0000023a
20000a20:	000002ba 	.word	0x000002ba
20000a24:	0000037a 	.word	0x0000037a
20000a28:	000003bb 	.word	0x000003bb
20000a2c:	000003ba 	.word	0x000003ba
20000a30:	000003fb 	.word	0x000003fb
20000a34:	000003fa 	.word	0x000003fa
20000a38:	0000033a 	.word	0x0000033a
20000a3c:	10004ff4 	.word	0x10004ff4

20000a40 <prepare_ep_buffer>:
20000a40:	b5f0      	push	{r4, r5, r6, r7, lr}
20000a42:	46c6      	mov	lr, r8
20000a44:	b500      	push	{lr}
20000a46:	0002      	movs	r2, r0
20000a48:	8a83      	ldrh	r3, [r0, #20]
20000a4a:	8b00      	ldrh	r0, [r0, #24]
20000a4c:	468c      	mov	ip, r1
20000a4e:	1c01      	adds	r1, r0, #0
20000a50:	4298      	cmp	r0, r3
20000a52:	d900      	bls.n	20000a56 <prepare_ep_buffer+0x16>
20000a54:	1c19      	adds	r1, r3, #0
20000a56:	78d4      	ldrb	r4, [r2, #3]
20000a58:	2580      	movs	r5, #128	@ 0x80
20000a5a:	0020      	movs	r0, r4
20000a5c:	1e46      	subs	r6, r0, #1
20000a5e:	41b0      	sbcs	r0, r6
20000a60:	b289      	uxth	r1, r1
20000a62:	00ed      	lsls	r5, r5, #3
20000a64:	430d      	orrs	r5, r1
20000a66:	0340      	lsls	r0, r0, #13
20000a68:	4328      	orrs	r0, r5
20000a6a:	2501      	movs	r5, #1
20000a6c:	406c      	eors	r4, r5
20000a6e:	1a5b      	subs	r3, r3, r1
20000a70:	70d4      	strb	r4, [r2, #3]
20000a72:	7854      	ldrb	r4, [r2, #1]
20000a74:	b29b      	uxth	r3, r3
20000a76:	8293      	strh	r3, [r2, #20]
20000a78:	2c00      	cmp	r4, #0
20000a7a:	d131      	bne.n	20000ae0 <prepare_ep_buffer+0xa0>
20000a7c:	4664      	mov	r4, ip
20000a7e:	68d5      	ldr	r5, [r2, #12]
20000a80:	01a4      	lsls	r4, r4, #6
20000a82:	1e4e      	subs	r6, r1, #1
20000a84:	192d      	adds	r5, r5, r4
20000a86:	46b0      	mov	r8, r6
20000a88:	6914      	ldr	r4, [r2, #16]
20000a8a:	2900      	cmp	r1, #0
20000a8c:	d023      	beq.n	20000ad6 <prepare_ep_buffer+0x96>
20000a8e:	2e06      	cmp	r6, #6
20000a90:	d932      	bls.n	20000af8 <prepare_ep_buffer+0xb8>
20000a92:	002b      	movs	r3, r5
20000a94:	4323      	orrs	r3, r4
20000a96:	079b      	lsls	r3, r3, #30
20000a98:	d12e      	bne.n	20000af8 <prepare_ep_buffer+0xb8>
20000a9a:	1c63      	adds	r3, r4, #1
20000a9c:	1aeb      	subs	r3, r5, r3
20000a9e:	2b02      	cmp	r3, #2
20000aa0:	d92a      	bls.n	20000af8 <prepare_ep_buffer+0xb8>
20000aa2:	2300      	movs	r3, #0
20000aa4:	088f      	lsrs	r7, r1, #2
20000aa6:	00bf      	lsls	r7, r7, #2
20000aa8:	58e6      	ldr	r6, [r4, r3]
20000aaa:	50ee      	str	r6, [r5, r3]
20000aac:	3304      	adds	r3, #4
20000aae:	429f      	cmp	r7, r3
20000ab0:	d1fa      	bne.n	20000aa8 <prepare_ep_buffer+0x68>
20000ab2:	4643      	mov	r3, r8
20000ab4:	19ed      	adds	r5, r5, r7
20000ab6:	1bdb      	subs	r3, r3, r7
20000ab8:	19e4      	adds	r4, r4, r7
20000aba:	42b9      	cmp	r1, r7
20000abc:	d009      	beq.n	20000ad2 <prepare_ep_buffer+0x92>
20000abe:	7826      	ldrb	r6, [r4, #0]
20000ac0:	702e      	strb	r6, [r5, #0]
20000ac2:	2b00      	cmp	r3, #0
20000ac4:	d005      	beq.n	20000ad2 <prepare_ep_buffer+0x92>
20000ac6:	7866      	ldrb	r6, [r4, #1]
20000ac8:	706e      	strb	r6, [r5, #1]
20000aca:	2b01      	cmp	r3, #1
20000acc:	d001      	beq.n	20000ad2 <prepare_ep_buffer+0x92>
20000ace:	78a3      	ldrb	r3, [r4, #2]
20000ad0:	70ab      	strb	r3, [r5, #2]
20000ad2:	6914      	ldr	r4, [r2, #16]
20000ad4:	8a93      	ldrh	r3, [r2, #20]
20000ad6:	1864      	adds	r4, r4, r1
20000ad8:	6114      	str	r4, [r2, #16]
20000ada:	2280      	movs	r2, #128	@ 0x80
20000adc:	0212      	lsls	r2, r2, #8
20000ade:	4310      	orrs	r0, r2
20000ae0:	2b00      	cmp	r3, #0
20000ae2:	d102      	bne.n	20000aea <prepare_ep_buffer+0xaa>
20000ae4:	2380      	movs	r3, #128	@ 0x80
20000ae6:	01db      	lsls	r3, r3, #7
20000ae8:	4318      	orrs	r0, r3
20000aea:	4663      	mov	r3, ip
20000aec:	2b00      	cmp	r3, #0
20000aee:	d000      	beq.n	20000af2 <prepare_ep_buffer+0xb2>
20000af0:	0400      	lsls	r0, r0, #16
20000af2:	bc80      	pop	{r7}
20000af4:	46b8      	mov	r8, r7
20000af6:	bdf0      	pop	{r4, r5, r6, r7, pc}
20000af8:	2300      	movs	r3, #0
20000afa:	5ce6      	ldrb	r6, [r4, r3]
20000afc:	54ee      	strb	r6, [r5, r3]
20000afe:	3301      	adds	r3, #1
20000b00:	4299      	cmp	r1, r3
20000b02:	d1fa      	bne.n	20000afa <prepare_ep_buffer+0xba>
20000b04:	e7e5      	b.n	20000ad2 <prepare_ep_buffer+0x92>
20000b06:	46c0      	nop			@ (mov r8, r8)

20000b08 <sync_ep_buffer>:
20000b08:	6883      	ldr	r3, [r0, #8]
20000b0a:	b5f0      	push	{r4, r5, r6, r7, lr}
20000b0c:	681a      	ldr	r2, [r3, #0]
20000b0e:	0004      	movs	r4, r0
20000b10:	2900      	cmp	r1, #0
20000b12:	d000      	beq.n	20000b16 <sync_ep_buffer+0xe>
20000b14:	0c12      	lsrs	r2, r2, #16
20000b16:	7863      	ldrb	r3, [r4, #1]
20000b18:	0592      	lsls	r2, r2, #22
20000b1a:	0d90      	lsrs	r0, r2, #22
20000b1c:	2b00      	cmp	r3, #0
20000b1e:	d108      	bne.n	20000b32 <sync_ep_buffer+0x2a>
20000b20:	8ae3      	ldrh	r3, [r4, #22]
20000b22:	18c3      	adds	r3, r0, r3
20000b24:	82e3      	strh	r3, [r4, #22]
20000b26:	8b23      	ldrh	r3, [r4, #24]
20000b28:	4283      	cmp	r3, r0
20000b2a:	d901      	bls.n	20000b30 <sync_ep_buffer+0x28>
20000b2c:	2300      	movs	r3, #0
20000b2e:	82a3      	strh	r3, [r4, #20]
20000b30:	bdf0      	pop	{r4, r5, r6, r7, pc}
20000b32:	68e3      	ldr	r3, [r4, #12]
20000b34:	0189      	lsls	r1, r1, #6
20000b36:	6925      	ldr	r5, [r4, #16]
20000b38:	185e      	adds	r6, r3, r1
20000b3a:	1e47      	subs	r7, r0, #1
20000b3c:	2800      	cmp	r0, #0
20000b3e:	d022      	beq.n	20000b86 <sync_ep_buffer+0x7e>
20000b40:	2f06      	cmp	r7, #6
20000b42:	d926      	bls.n	20000b92 <sync_ep_buffer+0x8a>
20000b44:	3101      	adds	r1, #1
20000b46:	185b      	adds	r3, r3, r1
20000b48:	1aeb      	subs	r3, r5, r3
20000b4a:	2b02      	cmp	r3, #2
20000b4c:	d921      	bls.n	20000b92 <sync_ep_buffer+0x8a>
20000b4e:	002b      	movs	r3, r5
20000b50:	4333      	orrs	r3, r6
20000b52:	079b      	lsls	r3, r3, #30
20000b54:	d11d      	bne.n	20000b92 <sync_ep_buffer+0x8a>
20000b56:	2300      	movs	r3, #0
20000b58:	0e12      	lsrs	r2, r2, #24
20000b5a:	0092      	lsls	r2, r2, #2
20000b5c:	58f1      	ldr	r1, [r6, r3]
20000b5e:	50e9      	str	r1, [r5, r3]
20000b60:	3304      	adds	r3, #4
20000b62:	429a      	cmp	r2, r3
20000b64:	d1fa      	bne.n	20000b5c <sync_ep_buffer+0x54>
20000b66:	1abf      	subs	r7, r7, r2
20000b68:	18ad      	adds	r5, r5, r2
20000b6a:	18b6      	adds	r6, r6, r2
20000b6c:	4290      	cmp	r0, r2
20000b6e:	d009      	beq.n	20000b84 <sync_ep_buffer+0x7c>
20000b70:	7832      	ldrb	r2, [r6, #0]
20000b72:	702a      	strb	r2, [r5, #0]
20000b74:	2f00      	cmp	r7, #0
20000b76:	d005      	beq.n	20000b84 <sync_ep_buffer+0x7c>
20000b78:	7872      	ldrb	r2, [r6, #1]
20000b7a:	706a      	strb	r2, [r5, #1]
20000b7c:	2f01      	cmp	r7, #1
20000b7e:	d001      	beq.n	20000b84 <sync_ep_buffer+0x7c>
20000b80:	78b2      	ldrb	r2, [r6, #2]
20000b82:	70aa      	strb	r2, [r5, #2]
20000b84:	6925      	ldr	r5, [r4, #16]
20000b86:	8ae3      	ldrh	r3, [r4, #22]
20000b88:	182d      	adds	r5, r5, r0
20000b8a:	18c3      	adds	r3, r0, r3
20000b8c:	82e3      	strh	r3, [r4, #22]
20000b8e:	6125      	str	r5, [r4, #16]
20000b90:	e7c9      	b.n	20000b26 <sync_ep_buffer+0x1e>
20000b92:	2200      	movs	r2, #0
20000b94:	5cb3      	ldrb	r3, [r6, r2]
20000b96:	54ab      	strb	r3, [r5, r2]
20000b98:	3201      	adds	r2, #1
20000b9a:	4290      	cmp	r0, r2
20000b9c:	d1fa      	bne.n	20000b94 <sync_ep_buffer+0x8c>
20000b9e:	6925      	ldr	r5, [r4, #16]
20000ba0:	e7f1      	b.n	20000b86 <sync_ep_buffer+0x7e>
20000ba2:	46c0      	nop			@ (mov r8, r8)

20000ba4 <_hw_endpoint_xfer_sync>:
20000ba4:	b510      	push	{r4, lr}
20000ba6:	0004      	movs	r4, r0
20000ba8:	6883      	ldr	r3, [r0, #8]
20000baa:	2100      	movs	r1, #0
20000bac:	681b      	ldr	r3, [r3, #0]
20000bae:	f7ff ffab 	bl	20000b08 <sync_ep_buffer>
20000bb2:	6863      	ldr	r3, [r4, #4]
20000bb4:	681b      	ldr	r3, [r3, #0]
20000bb6:	005b      	lsls	r3, r3, #1
20000bb8:	d502      	bpl.n	20000bc0 <_hw_endpoint_xfer_sync+0x1c>
20000bba:	8b23      	ldrh	r3, [r4, #24]
20000bbc:	4283      	cmp	r3, r0
20000bbe:	d000      	beq.n	20000bc2 <_hw_endpoint_xfer_sync+0x1e>
20000bc0:	bd10      	pop	{r4, pc}
20000bc2:	2101      	movs	r1, #1
20000bc4:	0020      	movs	r0, r4
20000bc6:	f7ff ff9f 	bl	20000b08 <sync_ep_buffer>
20000bca:	e7f9      	b.n	20000bc0 <_hw_endpoint_xfer_sync+0x1c>

20000bcc <e15_is_bulkin_ep>:
20000bcc:	4a08      	ldr	r2, [pc, #32]	@ (20000bf0 <e15_is_bulkin_ep+0x24>)
20000bce:	0003      	movs	r3, r0
20000bd0:	6c12      	ldr	r2, [r2, #64]	@ 0x40
20000bd2:	2000      	movs	r0, #0
20000bd4:	0792      	lsls	r2, r2, #30
20000bd6:	d403      	bmi.n	20000be0 <e15_is_bulkin_ep+0x14>
20000bd8:	789a      	ldrb	r2, [r3, #2]
20000bda:	09d2      	lsrs	r2, r2, #7
20000bdc:	2a01      	cmp	r2, #1
20000bde:	d000      	beq.n	20000be2 <e15_is_bulkin_ep+0x16>
20000be0:	4770      	bx	lr
20000be2:	7ed8      	ldrb	r0, [r3, #27]
20000be4:	3802      	subs	r0, #2
20000be6:	4243      	negs	r3, r0
20000be8:	4158      	adcs	r0, r3
20000bea:	b2c0      	uxtb	r0, r0
20000bec:	e7f8      	b.n	20000be0 <e15_is_bulkin_ep+0x14>
20000bee:	46c0      	nop			@ (mov r8, r8)
20000bf0:	50110000 	.word	0x50110000

20000bf4 <e15_is_critical_frame_period>:
20000bf4:	b510      	push	{r4, lr}
20000bf6:	f7ff ffe9 	bl	20000bcc <e15_is_bulkin_ep>
20000bfa:	2800      	cmp	r0, #0
20000bfc:	d00c      	beq.n	20000c18 <e15_is_critical_frame_period+0x24>
20000bfe:	4907      	ldr	r1, [pc, #28]	@ (20000c1c <e15_is_critical_frame_period+0x28>)
20000c00:	4b07      	ldr	r3, [pc, #28]	@ (20000c20 <e15_is_critical_frame_period+0x2c>)
20000c02:	468c      	mov	ip, r1
20000c04:	4a07      	ldr	r2, [pc, #28]	@ (20000c24 <e15_is_critical_frame_period+0x30>)
20000c06:	6a9b      	ldr	r3, [r3, #40]	@ 0x28
20000c08:	6812      	ldr	r2, [r2, #0]
20000c0a:	4463      	add	r3, ip
20000c0c:	1a9b      	subs	r3, r3, r2
20000c0e:	2000      	movs	r0, #0
20000c10:	22c6      	movs	r2, #198	@ 0xc6
20000c12:	429a      	cmp	r2, r3
20000c14:	4140      	adcs	r0, r0
20000c16:	b2c0      	uxtb	r0, r0
20000c18:	bd10      	pop	{r4, pc}
20000c1a:	46c0      	nop			@ (mov r8, r8)
20000c1c:	fffffce0 	.word	0xfffffce0
20000c20:	40054000 	.word	0x40054000
20000c24:	20001a6c 	.word	0x20001a6c

20000c28 <hw_endpoint_reset_transfer>:
20000c28:	2300      	movs	r3, #0
20000c2a:	7683      	strb	r3, [r0, #26]
20000c2c:	6143      	str	r3, [r0, #20]
20000c2e:	6103      	str	r3, [r0, #16]
20000c30:	4770      	bx	lr
20000c32:	46c0      	nop			@ (mov r8, r8)

20000c34 <_hw_endpoint_buffer_control_update32>:
20000c34:	b510      	push	{r4, lr}
20000c36:	6883      	ldr	r3, [r0, #8]
20000c38:	2900      	cmp	r1, #0
20000c3a:	d001      	beq.n	20000c40 <_hw_endpoint_buffer_control_update32+0xc>
20000c3c:	681c      	ldr	r4, [r3, #0]
20000c3e:	4021      	ands	r1, r4
20000c40:	2a00      	cmp	r2, #0
20000c42:	d012      	beq.n	20000c6a <_hw_endpoint_buffer_control_update32+0x36>
20000c44:	2480      	movs	r4, #128	@ 0x80
20000c46:	00e4      	lsls	r4, r4, #3
20000c48:	4311      	orrs	r1, r2
20000c4a:	4222      	tst	r2, r4
20000c4c:	d00d      	beq.n	20000c6a <_hw_endpoint_buffer_control_update32+0x36>
20000c4e:	681a      	ldr	r2, [r3, #0]
20000c50:	4222      	tst	r2, r4
20000c52:	d10c      	bne.n	20000c6e <_hw_endpoint_buffer_control_update32+0x3a>
20000c54:	4a08      	ldr	r2, [pc, #32]	@ (20000c78 <_hw_endpoint_buffer_control_update32+0x44>)
20000c56:	400a      	ands	r2, r1
20000c58:	601a      	str	r2, [r3, #0]
20000c5a:	4a08      	ldr	r2, [pc, #32]	@ (20000c7c <_hw_endpoint_buffer_control_update32+0x48>)
20000c5c:	6c12      	ldr	r2, [r2, #64]	@ 0x40
20000c5e:	0792      	lsls	r2, r2, #30
20000c60:	d403      	bmi.n	20000c6a <_hw_endpoint_buffer_control_update32+0x36>
20000c62:	230c      	movs	r3, #12
20000c64:	3b03      	subs	r3, #3
20000c66:	d2fd      	bcs.n	20000c64 <_hw_endpoint_buffer_control_update32+0x30>
20000c68:	6883      	ldr	r3, [r0, #8]
20000c6a:	6019      	str	r1, [r3, #0]
20000c6c:	bd10      	pop	{r4, pc}
20000c6e:	7881      	ldrb	r1, [r0, #2]
20000c70:	4803      	ldr	r0, [pc, #12]	@ (20000c80 <_hw_endpoint_buffer_control_update32+0x4c>)
20000c72:	f000 f9a5 	bl	20000fc0 <__panic_veneer>
20000c76:	46c0      	nop			@ (mov r8, r8)
20000c78:	fffffbff 	.word	0xfffffbff
20000c7c:	50110000 	.word	0x50110000
20000c80:	10005008 	.word	0x10005008

20000c84 <hw_endpoint_start_next_buffer>:
20000c84:	6843      	ldr	r3, [r0, #4]
20000c86:	b570      	push	{r4, r5, r6, lr}
20000c88:	2100      	movs	r1, #0
20000c8a:	2580      	movs	r5, #128	@ 0x80
20000c8c:	0004      	movs	r4, r0
20000c8e:	681e      	ldr	r6, [r3, #0]
20000c90:	f7ff fed6 	bl	20000a40 <prepare_ep_buffer>
20000c94:	4b12      	ldr	r3, [pc, #72]	@ (20000ce0 <hw_endpoint_start_next_buffer+0x5c>)
20000c96:	016d      	lsls	r5, r5, #5
20000c98:	6c1a      	ldr	r2, [r3, #64]	@ 0x40
20000c9a:	4305      	orrs	r5, r0
20000c9c:	78a3      	ldrb	r3, [r4, #2]
20000c9e:	0792      	lsls	r2, r2, #30
20000ca0:	d50e      	bpl.n	20000cc0 <hw_endpoint_start_next_buffer+0x3c>
20000ca2:	065b      	lsls	r3, r3, #25
20000ca4:	d00e      	beq.n	20000cc4 <hw_endpoint_start_next_buffer+0x40>
20000ca6:	4b0f      	ldr	r3, [pc, #60]	@ (20000ce4 <hw_endpoint_start_next_buffer+0x60>)
20000ca8:	401e      	ands	r6, r3
20000caa:	2380      	movs	r3, #128	@ 0x80
20000cac:	059b      	lsls	r3, r3, #22
20000cae:	4333      	orrs	r3, r6
20000cb0:	6862      	ldr	r2, [r4, #4]
20000cb2:	2100      	movs	r1, #0
20000cb4:	6013      	str	r3, [r2, #0]
20000cb6:	0020      	movs	r0, r4
20000cb8:	002a      	movs	r2, r5
20000cba:	f7ff ffbb 	bl	20000c34 <_hw_endpoint_buffer_control_update32>
20000cbe:	bd70      	pop	{r4, r5, r6, pc}
20000cc0:	09db      	lsrs	r3, r3, #7
20000cc2:	d0f0      	beq.n	20000ca6 <hw_endpoint_start_next_buffer+0x22>
20000cc4:	8aa3      	ldrh	r3, [r4, #20]
20000cc6:	2b00      	cmp	r3, #0
20000cc8:	d0ed      	beq.n	20000ca6 <hw_endpoint_start_next_buffer+0x22>
20000cca:	2101      	movs	r1, #1
20000ccc:	0020      	movs	r0, r4
20000cce:	f7ff feb7 	bl	20000a40 <prepare_ep_buffer>
20000cd2:	23a0      	movs	r3, #160	@ 0xa0
20000cd4:	4a04      	ldr	r2, [pc, #16]	@ (20000ce8 <hw_endpoint_start_next_buffer+0x64>)
20000cd6:	05db      	lsls	r3, r3, #23
20000cd8:	4032      	ands	r2, r6
20000cda:	4305      	orrs	r5, r0
20000cdc:	4313      	orrs	r3, r2
20000cde:	e7e7      	b.n	20000cb0 <hw_endpoint_start_next_buffer+0x2c>
20000ce0:	50110000 	.word	0x50110000
20000ce4:	afffffff 	.word	0xafffffff
20000ce8:	dfffffff 	.word	0xdfffffff

20000cec <hw_endpoint_xfer_continue>:
20000cec:	b570      	push	{r4, r5, r6, lr}
20000cee:	7e85      	ldrb	r5, [r0, #26]
20000cf0:	0004      	movs	r4, r0
20000cf2:	2d00      	cmp	r5, #0
20000cf4:	d014      	beq.n	20000d20 <hw_endpoint_xfer_continue+0x34>
20000cf6:	f7ff ff55 	bl	20000ba4 <_hw_endpoint_xfer_sync>
20000cfa:	8aa3      	ldrh	r3, [r4, #20]
20000cfc:	2b00      	cmp	r3, #0
20000cfe:	d101      	bne.n	20000d04 <hw_endpoint_xfer_continue+0x18>
20000d00:	0028      	movs	r0, r5
20000d02:	bd70      	pop	{r4, r5, r6, pc}
20000d04:	0020      	movs	r0, r4
20000d06:	f7ff ff75 	bl	20000bf4 <e15_is_critical_frame_period>
20000d0a:	2800      	cmp	r0, #0
20000d0c:	d003      	beq.n	20000d16 <hw_endpoint_xfer_continue+0x2a>
20000d0e:	2301      	movs	r3, #1
20000d10:	2500      	movs	r5, #0
20000d12:	7723      	strb	r3, [r4, #28]
20000d14:	e7f4      	b.n	20000d00 <hw_endpoint_xfer_continue+0x14>
20000d16:	0020      	movs	r0, r4
20000d18:	f7ff ffb4 	bl	20000c84 <hw_endpoint_start_next_buffer>
20000d1c:	2500      	movs	r5, #0
20000d1e:	e7ef      	b.n	20000d00 <hw_endpoint_xfer_continue+0x14>
20000d20:	7881      	ldrb	r1, [r0, #2]
20000d22:	4801      	ldr	r0, [pc, #4]	@ (20000d28 <hw_endpoint_xfer_continue+0x3c>)
20000d24:	f000 f94c 	bl	20000fc0 <__panic_veneer>
20000d28:	10005028 	.word	0x10005028

20000d2c <dcd_event_handler>:
20000d2c:	b5f0      	push	{r4, r5, r6, r7, lr}
20000d2e:	46ce      	mov	lr, r9
20000d30:	4647      	mov	r7, r8
20000d32:	b580      	push	{r7, lr}
20000d34:	7843      	ldrb	r3, [r0, #1]
20000d36:	0005      	movs	r5, r0
20000d38:	000e      	movs	r6, r1
20000d3a:	b085      	sub	sp, #20
20000d3c:	2b06      	cmp	r3, #6
20000d3e:	d808      	bhi.n	20000d52 <dcd_event_handler+0x26>
20000d40:	4a6c      	ldr	r2, [pc, #432]	@ (20000ef4 <dcd_event_handler+0x1c8>)
20000d42:	009b      	lsls	r3, r3, #2
20000d44:	58d3      	ldr	r3, [r2, r3]
20000d46:	469f      	mov	pc, r3
20000d48:	4a6b      	ldr	r2, [pc, #428]	@ (20000ef8 <dcd_event_handler+0x1cc>)
20000d4a:	7813      	ldrb	r3, [r2, #0]
20000d4c:	3301      	adds	r3, #1
20000d4e:	b2db      	uxtb	r3, r3
20000d50:	7013      	strb	r3, [r2, #0]
20000d52:	4b6a      	ldr	r3, [pc, #424]	@ (20000efc <dcd_event_handler+0x1d0>)
20000d54:	681c      	ldr	r4, [r3, #0]
20000d56:	6962      	ldr	r2, [r4, #20]
20000d58:	f3ef 8110 	mrs	r1, PRIMASK
20000d5c:	b672      	cpsid	i
20000d5e:	6813      	ldr	r3, [r2, #0]
20000d60:	2b00      	cmp	r3, #0
20000d62:	d0fc      	beq.n	20000d5e <dcd_event_handler+0x32>
20000d64:	f3bf 8f5f 	dmb	sy
20000d68:	61a1      	str	r1, [r4, #24]
20000d6a:	0020      	movs	r0, r4
20000d6c:	0029      	movs	r1, r5
20000d6e:	f000 f907 	bl	20000f80 <__tu_fifo_write_veneer>
20000d72:	6962      	ldr	r2, [r4, #20]
20000d74:	69a3      	ldr	r3, [r4, #24]
20000d76:	f3bf 8f5f 	dmb	sy
20000d7a:	2100      	movs	r1, #0
20000d7c:	6011      	str	r1, [r2, #0]
20000d7e:	f383 8810 	msr	PRIMASK, r3
20000d82:	2800      	cmp	r0, #0
20000d84:	d104      	bne.n	20000d90 <dcd_event_handler+0x64>
20000d86:	b005      	add	sp, #20
20000d88:	bcc0      	pop	{r6, r7}
20000d8a:	46b9      	mov	r9, r7
20000d8c:	46b0      	mov	r8, r6
20000d8e:	bdf0      	pop	{r4, r5, r6, r7, pc}
20000d90:	0032      	movs	r2, r6
20000d92:	7869      	ldrb	r1, [r5, #1]
20000d94:	7828      	ldrb	r0, [r5, #0]
20000d96:	f000 f8e3 	bl	20000f60 <__tud_event_hook_cb_veneer>
20000d9a:	e7f4      	b.n	20000d86 <dcd_event_handler+0x5a>
20000d9c:	2101      	movs	r1, #1
20000d9e:	4b58      	ldr	r3, [pc, #352]	@ (20000f00 <dcd_event_handler+0x1d4>)
20000da0:	781a      	ldrb	r2, [r3, #0]
20000da2:	438a      	bics	r2, r1
20000da4:	701a      	strb	r2, [r3, #0]
20000da6:	781a      	ldrb	r2, [r3, #0]
20000da8:	3101      	adds	r1, #1
20000daa:	438a      	bics	r2, r1
20000dac:	701a      	strb	r2, [r3, #0]
20000dae:	2200      	movs	r2, #0
20000db0:	705a      	strb	r2, [r3, #1]
20000db2:	781a      	ldrb	r2, [r3, #0]
20000db4:	3102      	adds	r1, #2
20000db6:	438a      	bics	r2, r1
20000db8:	701a      	strb	r2, [r3, #0]
20000dba:	e7ca      	b.n	20000d52 <dcd_event_handler+0x26>
20000dbc:	4951      	ldr	r1, [pc, #324]	@ (20000f04 <dcd_event_handler+0x1d8>)
20000dbe:	4f52      	ldr	r7, [pc, #328]	@ (20000f08 <dcd_event_handler+0x1dc>)
20000dc0:	4689      	mov	r9, r1
20000dc2:	4952      	ldr	r1, [pc, #328]	@ (20000f0c <dcd_event_handler+0x1e0>)
20000dc4:	2400      	movs	r4, #0
20000dc6:	2300      	movs	r3, #0
20000dc8:	4688      	mov	r8, r1
20000dca:	783a      	ldrb	r2, [r7, #0]
20000dcc:	e012      	b.n	20000df4 <dcd_event_handler+0xc8>
20000dce:	4643      	mov	r3, r8
20000dd0:	681b      	ldr	r3, [r3, #0]
20000dd2:	0161      	lsls	r1, r4, #5
20000dd4:	185b      	adds	r3, r3, r1
20000dd6:	2b00      	cmp	r3, #0
20000dd8:	d006      	beq.n	20000de8 <dcd_event_handler+0xbc>
20000dda:	69db      	ldr	r3, [r3, #28]
20000ddc:	2b00      	cmp	r3, #0
20000dde:	d003      	beq.n	20000de8 <dcd_event_handler+0xbc>
20000de0:	6869      	ldr	r1, [r5, #4]
20000de2:	7828      	ldrb	r0, [r5, #0]
20000de4:	4798      	blx	r3
20000de6:	783a      	ldrb	r2, [r7, #0]
20000de8:	3401      	adds	r4, #1
20000dea:	b2e4      	uxtb	r4, r4
20000dec:	1c51      	adds	r1, r2, #1
20000dee:	0023      	movs	r3, r4
20000df0:	42a1      	cmp	r1, r4
20000df2:	db17      	blt.n	20000e24 <dcd_event_handler+0xf8>
20000df4:	42a2      	cmp	r2, r4
20000df6:	d8ea      	bhi.n	20000dce <dcd_event_handler+0xa2>
20000df8:	1a9b      	subs	r3, r3, r2
20000dfa:	015b      	lsls	r3, r3, #5
20000dfc:	444b      	add	r3, r9
20000dfe:	e7ec      	b.n	20000dda <dcd_event_handler+0xae>
20000e00:	4b3f      	ldr	r3, [pc, #252]	@ (20000f00 <dcd_event_handler+0x1d4>)
20000e02:	781a      	ldrb	r2, [r3, #0]
20000e04:	07d2      	lsls	r2, r2, #31
20000e06:	d5be      	bpl.n	20000d86 <dcd_event_handler+0x5a>
20000e08:	2104      	movs	r1, #4
20000e0a:	781a      	ldrb	r2, [r3, #0]
20000e0c:	430a      	orrs	r2, r1
20000e0e:	701a      	strb	r2, [r3, #0]
20000e10:	e79f      	b.n	20000d52 <dcd_event_handler+0x26>
20000e12:	4b3b      	ldr	r3, [pc, #236]	@ (20000f00 <dcd_event_handler+0x1d4>)
20000e14:	781a      	ldrb	r2, [r3, #0]
20000e16:	07d2      	lsls	r2, r2, #31
20000e18:	d5b5      	bpl.n	20000d86 <dcd_event_handler+0x5a>
20000e1a:	2104      	movs	r1, #4
20000e1c:	781a      	ldrb	r2, [r3, #0]
20000e1e:	438a      	bics	r2, r1
20000e20:	701a      	strb	r2, [r3, #0]
20000e22:	e796      	b.n	20000d52 <dcd_event_handler+0x26>
20000e24:	4f36      	ldr	r7, [pc, #216]	@ (20000f00 <dcd_event_handler+0x1d4>)
20000e26:	783b      	ldrb	r3, [r7, #0]
20000e28:	075b      	lsls	r3, r3, #29
20000e2a:	d52b      	bpl.n	20000e84 <dcd_event_handler+0x158>
20000e2c:	2204      	movs	r2, #4
20000e2e:	783b      	ldrb	r3, [r7, #0]
20000e30:	2100      	movs	r1, #0
20000e32:	4393      	bics	r3, r2
20000e34:	703b      	strb	r3, [r7, #0]
20000e36:	466b      	mov	r3, sp
20000e38:	3206      	adds	r2, #6
20000e3a:	1d98      	adds	r0, r3, #6
20000e3c:	f000 f898 	bl	20000f70 <____wrap_memset_veneer>
20000e40:	782b      	ldrb	r3, [r5, #0]
20000e42:	ac01      	add	r4, sp, #4
20000e44:	7023      	strb	r3, [r4, #0]
20000e46:	2305      	movs	r3, #5
20000e48:	7063      	strb	r3, [r4, #1]
20000e4a:	4b2c      	ldr	r3, [pc, #176]	@ (20000efc <dcd_event_handler+0x1d0>)
20000e4c:	681b      	ldr	r3, [r3, #0]
20000e4e:	4698      	mov	r8, r3
20000e50:	695a      	ldr	r2, [r3, #20]
20000e52:	f3ef 8110 	mrs	r1, PRIMASK
20000e56:	b672      	cpsid	i
20000e58:	6813      	ldr	r3, [r2, #0]
20000e5a:	2b00      	cmp	r3, #0
20000e5c:	d0fc      	beq.n	20000e58 <dcd_event_handler+0x12c>
20000e5e:	f3bf 8f5f 	dmb	sy
20000e62:	4643      	mov	r3, r8
20000e64:	4640      	mov	r0, r8
20000e66:	6199      	str	r1, [r3, #24]
20000e68:	0021      	movs	r1, r4
20000e6a:	f000 f889 	bl	20000f80 <__tu_fifo_write_veneer>
20000e6e:	4643      	mov	r3, r8
20000e70:	695a      	ldr	r2, [r3, #20]
20000e72:	699b      	ldr	r3, [r3, #24]
20000e74:	f3bf 8f5f 	dmb	sy
20000e78:	2100      	movs	r1, #0
20000e7a:	6011      	str	r1, [r2, #0]
20000e7c:	f383 8810 	msr	PRIMASK, r3
20000e80:	2800      	cmp	r0, #0
20000e82:	d131      	bne.n	20000ee8 <dcd_event_handler+0x1bc>
20000e84:	78fb      	ldrb	r3, [r7, #3]
20000e86:	07db      	lsls	r3, r3, #31
20000e88:	d400      	bmi.n	20000e8c <dcd_event_handler+0x160>
20000e8a:	e77c      	b.n	20000d86 <dcd_event_handler+0x5a>
20000e8c:	466b      	mov	r3, sp
20000e8e:	220a      	movs	r2, #10
20000e90:	2100      	movs	r1, #0
20000e92:	1d98      	adds	r0, r3, #6
20000e94:	f000 f86c 	bl	20000f70 <____wrap_memset_veneer>
20000e98:	782b      	ldrb	r3, [r5, #0]
20000e9a:	ac01      	add	r4, sp, #4
20000e9c:	7023      	strb	r3, [r4, #0]
20000e9e:	2303      	movs	r3, #3
20000ea0:	7063      	strb	r3, [r4, #1]
20000ea2:	686b      	ldr	r3, [r5, #4]
20000ea4:	6063      	str	r3, [r4, #4]
20000ea6:	4b15      	ldr	r3, [pc, #84]	@ (20000efc <dcd_event_handler+0x1d0>)
20000ea8:	681d      	ldr	r5, [r3, #0]
20000eaa:	696a      	ldr	r2, [r5, #20]
20000eac:	f3ef 8110 	mrs	r1, PRIMASK
20000eb0:	b672      	cpsid	i
20000eb2:	6813      	ldr	r3, [r2, #0]
20000eb4:	2b00      	cmp	r3, #0
20000eb6:	d0fc      	beq.n	20000eb2 <dcd_event_handler+0x186>
20000eb8:	f3bf 8f5f 	dmb	sy
20000ebc:	61a9      	str	r1, [r5, #24]
20000ebe:	0028      	movs	r0, r5
20000ec0:	0021      	movs	r1, r4
20000ec2:	f000 f85d 	bl	20000f80 <__tu_fifo_write_veneer>
20000ec6:	696a      	ldr	r2, [r5, #20]
20000ec8:	69ab      	ldr	r3, [r5, #24]
20000eca:	f3bf 8f5f 	dmb	sy
20000ece:	2100      	movs	r1, #0
20000ed0:	6011      	str	r1, [r2, #0]
20000ed2:	f383 8810 	msr	PRIMASK, r3
20000ed6:	2800      	cmp	r0, #0
20000ed8:	d100      	bne.n	20000edc <dcd_event_handler+0x1b0>
20000eda:	e754      	b.n	20000d86 <dcd_event_handler+0x5a>
20000edc:	0032      	movs	r2, r6
20000ede:	7861      	ldrb	r1, [r4, #1]
20000ee0:	7820      	ldrb	r0, [r4, #0]
20000ee2:	f000 f83d 	bl	20000f60 <__tud_event_hook_cb_veneer>
20000ee6:	e74e      	b.n	20000d86 <dcd_event_handler+0x5a>
20000ee8:	0032      	movs	r2, r6
20000eea:	7861      	ldrb	r1, [r4, #1]
20000eec:	7820      	ldrb	r0, [r4, #0]
20000eee:	f000 f837 	bl	20000f60 <__tud_event_hook_cb_veneer>
20000ef2:	e7c7      	b.n	20000e84 <dcd_event_handler+0x158>
20000ef4:	100052b8 	.word	0x100052b8
20000ef8:	200213db 	.word	0x200213db
20000efc:	20001578 	.word	0x20001578
20000f00:	20001520 	.word	0x20001520
20000f04:	100052d4 	.word	0x100052d4
20000f08:	200213d9 	.word	0x200213d9
20000f0c:	20001370 	.word	0x20001370

20000f10 <spi_write_blocking>:
20000f10:	b530      	push	{r4, r5, lr}
20000f12:	0004      	movs	r4, r0
20000f14:	1e10      	subs	r0, r2, #0
20000f16:	d00a      	beq.n	20000f2e <spi_write_blocking+0x1e>
20000f18:	000a      	movs	r2, r1
20000f1a:	180d      	adds	r5, r1, r0
20000f1c:	2102      	movs	r1, #2
20000f1e:	68e3      	ldr	r3, [r4, #12]
20000f20:	4219      	tst	r1, r3
20000f22:	d0fc      	beq.n	20000f1e <spi_write_blocking+0xe>
20000f24:	7813      	ldrb	r3, [r2, #0]
20000f26:	3201      	adds	r2, #1
20000f28:	60a3      	str	r3, [r4, #8]
20000f2a:	42aa      	cmp	r2, r5
20000f2c:	d1f7      	bne.n	20000f1e <spi_write_blocking+0xe>
20000f2e:	68e3      	ldr	r3, [r4, #12]
20000f30:	075b      	lsls	r3, r3, #29
20000f32:	d504      	bpl.n	20000f3e <spi_write_blocking+0x2e>
20000f34:	2104      	movs	r1, #4
20000f36:	68a3      	ldr	r3, [r4, #8]
20000f38:	68e3      	ldr	r3, [r4, #12]
20000f3a:	4219      	tst	r1, r3
20000f3c:	d1fb      	bne.n	20000f36 <spi_write_blocking+0x26>
20000f3e:	2110      	movs	r1, #16
20000f40:	68e3      	ldr	r3, [r4, #12]
20000f42:	4219      	tst	r1, r3
20000f44:	d1fc      	bne.n	20000f40 <spi_write_blocking+0x30>
20000f46:	68e3      	ldr	r3, [r4, #12]
20000f48:	075b      	lsls	r3, r3, #29
20000f4a:	d504      	bpl.n	20000f56 <spi_write_blocking+0x46>
20000f4c:	2104      	movs	r1, #4
20000f4e:	68a3      	ldr	r3, [r4, #8]
20000f50:	68e3      	ldr	r3, [r4, #12]
20000f52:	4219      	tst	r1, r3
20000f54:	d1fb      	bne.n	20000f4e <spi_write_blocking+0x3e>
20000f56:	2301      	movs	r3, #1
20000f58:	6223      	str	r3, [r4, #32]
20000f5a:	bd30      	pop	{r4, r5, pc}

20000f5c <__aeabi_idiv0>:
20000f5c:	4770      	bx	lr
20000f5e:	46c0      	nop			@ (mov r8, r8)

20000f60 <__tud_event_hook_cb_veneer>:
20000f60:	b401      	push	{r0}
20000f62:	4802      	ldr	r0, [pc, #8]	@ (20000f6c <__tud_event_hook_cb_veneer+0xc>)
20000f64:	4684      	mov	ip, r0
20000f66:	bc01      	pop	{r0}
20000f68:	4760      	bx	ip
20000f6a:	bf00      	nop
20000f6c:	10002f21 	.word	0x10002f21

20000f70 <____wrap_memset_veneer>:
20000f70:	b401      	push	{r0}
20000f72:	4802      	ldr	r0, [pc, #8]	@ (20000f7c <____wrap_memset_veneer+0xc>)
20000f74:	4684      	mov	ip, r0
20000f76:	bc01      	pop	{r0}
20000f78:	4760      	bx	ip
20000f7a:	bf00      	nop
20000f7c:	10002129 	.word	0x10002129

20000f80 <__tu_fifo_write_veneer>:
20000f80:	b401      	push	{r0}
20000f82:	4802      	ldr	r0, [pc, #8]	@ (20000f8c <__tu_fifo_write_veneer+0xc>)
20000f84:	4684      	mov	ip, r0
20000f86:	bc01      	pop	{r0}
20000f88:	4760      	bx	ip
20000f8a:	bf00      	nop
20000f8c:	10004981 	.word	0x10004981

20000f90 <____wrap___aeabi_lmul_veneer>:
20000f90:	b401      	push	{r0}
20000f92:	4802      	ldr	r0, [pc, #8]	@ (20000f9c <____wrap___aeabi_lmul_veneer+0xc>)
20000f94:	4684      	mov	ip, r0
20000f96:	bc01      	pop	{r0}
20000f98:	4760      	bx	ip
20000f9a:	bf00      	nop
20000f9c:	1000207d 	.word	0x1000207d

20000fa0 <__best_effort_wfe_or_timeout_veneer>:
20000fa0:	b401      	push	{r0}
20000fa2:	4802      	ldr	r0, [pc, #8]	@ (20000fac <__best_effort_wfe_or_timeout_veneer+0xc>)
20000fa4:	4684      	mov	ip, r0
20000fa6:	bc01      	pop	{r0}
20000fa8:	4760      	bx	ip
20000faa:	bf00      	nop
20000fac:	1000184d 	.word	0x1000184d

20000fb0 <__time_us_64_veneer>:
20000fb0:	b401      	push	{r0}
20000fb2:	4802      	ldr	r0, [pc, #8]	@ (20000fbc <__time_us_64_veneer+0xc>)
20000fb4:	4684      	mov	ip, r0
20000fb6:	bc01      	pop	{r0}
20000fb8:	4760      	bx	ip
20000fba:	bf00      	nop
20000fbc:	1000197d 	.word	0x1000197d

20000fc0 <__panic_veneer>:
20000fc0:	b401      	push	{r0}
20000fc2:	4802      	ldr	r0, [pc, #8]	@ (20000fcc <__panic_veneer+0xc>)
20000fc4:	4684      	mov	ip, r0
20000fc6:	bc01      	pop	{r0}
20000fc8:	4760      	bx	ip
20000fca:	bf00      	nop
20000fcc:	10000b89 	.word	0x10000b89

20000fd0 <__rp2040_chip_version_veneer>:
20000fd0:	b401      	push	{r0}
20000fd2:	4802      	ldr	r0, [pc, #8]	@ (20000fdc <__rp2040_chip_version_veneer+0xc>)
20000fd4:	4684      	mov	ip, r0
20000fd6:	bc01      	pop	{r0}
20000fd8:	4760      	bx	ip
20000fda:	bf00      	nop
20000fdc:	10000b7d 	.word	0x10000b7d

20000fe0 <striped_spin_lock_num>:
20000fe0:	00000010                                ....

20000fe4 <irq_handler_chain_slots>:
20000fe4:	00000000 	.word	0x00000000
20000fe8:	00010000 	.word	0x00010000
	...
20000ff4:	00020000 	.word	0x00020000
	...
20001000:	00030000 	.word	0x00030000
	...
2000100c:	00ff0000 	.word	0x00ff0000
20001010:	00000000 	.word	0x00000000

20001014 <irq_handler_chain_first_slot>:
20001014:	b501      	push	{r0, lr}
20001016:	6848      	ldr	r0, [r1, #4]
20001018:	3101      	adds	r1, #1
2000101a:	468e      	mov	lr, r1
2000101c:	4700      	bx	r0

2000101e <irq_handler_chain_remove_tail>:
2000101e:	4670      	mov	r0, lr
20001020:	3809      	subs	r0, #9
20001022:	4901      	ldr	r1, [pc, #4]	@ (20001028 <irq_handler_chain_remove_tail+0xa>)
20001024:	4788      	blx	r1
20001026:	bd01      	pop	{r0, pc}
20001028:	10000fb9 	.word	0x10000fb9

2000102c <default_alarm_pool>:
	...
20001040:	200010b0 00000000 00000000 00000000     ... ............

20001050 <aeabi_bits_funcs>:
20001050:	00003350 	.word	0x00003350
20001054:	0000334c 	.word	0x0000334c
20001058:	00003354 	.word	0x00003354
2000105c:	00003352 	.word	0x00003352

20001060 <aeabi_bits_funcs_end>:
20001060:	0000534d 	.word	0x0000534d
20001064:	0000434d 	.word	0x0000434d
20001068:	00003453 	.word	0x00003453
2000106c:	00003443 	.word	0x00003443

20001070 <stdio_usb>:
20001070:	100026e1 10002695 10002609 10002581     .&...&...&...%..
20001080:	00000000 00000100                       ........

20001088 <_usbd_qdef>:
20001088:	2000157c 000c0010 00000000 00000000     |.. ............
	...

200010a4 <_usbd_rhport>:
200010a4:	000000ff                                ....

200010a8 <print_mutex>:
	...
